session,walk,detector,variant,step,t_s,x,y,dist_m,warn_s,before_post,before50
20260924T020143,L2-h000-A-r0,mulcher,alarm_m3,119,45.769,-11.642,7.833,14.032,-12.509,0,0
20260924T020143,L2-h000-A-r0,mulcher,alarm_m5,119,45.769,-11.642,7.833,14.032,-12.509,0,0
20260924T020143,L2-h000-A-r0,mulcher,alarm_m10,119,45.769,-11.642,7.833,14.032,-12.509,0,0
20260924T020143,L2-h000-A-r0,mulcher,alarm_m20,131,50.385,-5.83,9.15,10.85,-17.124,0,0
20260924T020143,L2-h000-A-r0,mulcher,alarm_xy5,87,33.462,-27.293,4.654,27.686,-0.201,0,0
20260924T020143,L2-h000-A-r0,mulcher,best,67,25.769,-37.307,5.413,37.697,7.491,1,0
20260924T020143,L2-h000-A-r0,lk2a,alarm_m3,59,22.692,-41.254,6.118,41.705,10.568,1,0
20260924T020143,L2-h000-A-r0,lk2a,alarm_m5,59,22.692,-41.254,6.118,41.705,10.568,1,0
20260924T020143,L2-h000-A-r0,lk2a,alarm_m10,59,22.692,-41.254,6.118,41.705,10.568,1,0
20260924T020143,L2-h000-A-r0,lk2a,alarm_m20,59,22.692,-41.254,6.118,41.705,10.568,1,0
20260924T020143,L2-h000-A-r0,lk2a,alarm_xy5,17,6.538,-61.579,11.471,62.639,26.722,1,1
20260924T020143,L2-h000-A-r0,lk2a,best,16,6.154,-62.062,11.601,63.137,27.106,1,1
20260924T020143,L2-h000-A-r0,lk2b,alarm_m3,,,,,,,0,0
20260924T020143,L2-h000-A-r0,lk2b,alarm_m5,,,,,,,0,0
20260924T020143,L2-h000-A-r0,lk2b,alarm_m10,,,,,,,0,0
20260924T020143,L2-h000-A-r0,lk2b,alarm_m20,,,,,,,0,0
20260924T020143,L2-h000-A-r0,lk2b,alarm_xy5,111,42.692,-15.44,6.647,16.81,-9.432,0,0
20260924T020143,L2-h000-A-r0,lk2b,best,110,42.308,-15.914,6.487,17.186,-9.047,0,0
20260924T020143,L2-h000-A-r0,team,alarm_m3,59,22.692,-41.254,6.118,41.705,10.568,1,0
20260924T020143,L2-h000-A-r0,team,alarm_m5,59,22.692,-41.254,6.118,41.705,10.568,1,0
20260924T020143,L2-h000-A-r0,team,alarm_m10,59,22.692,-41.254,6.118,41.705,10.568,1,0
20260924T020143,L2-h000-A-r0,team,alarm_m20,59,22.692,-41.254,6.118,41.705,10.568,1,0
20260924T020143,L2-h000-A-r0,team,alarm_xy5,17,6.538,-61.579,11.471,62.639,26.722,1,1
20260924T020143,L2-h000-A-r0,team,best,16,6.154,-62.062,11.601,63.137,27.106,1,1
20260924T020143,L2-h000-A-r1,mulcher,alarm_m3,126,48.462,-11.4,7.817,13.823,-12.685,0,0
20260924T020143,L2-h000-A-r1,mulcher,alarm_m5,126,48.462,-11.4,7.817,13.823,-12.685,0,0
20260924T020143,L2-h000-A-r1,mulcher,alarm_m10,126,48.462,-11.4,7.817,13.823,-12.685,0,0
20260924T020143,L2-h000-A-r1,mulcher,alarm_m20,137,52.692,-6.085,9.029,10.888,-16.916,0,0
20260924T020143,L2-h000-A-r1,mulcher,alarm_xy5,71,27.308,-38.573,5.544,38.97,8.469,1,0
20260924T020143,L2-h000-A-r1,mulcher,best,70,26.923,-39.066,5.627,39.47,8.853,1,0
20260924T020143,L2-h000-A-r1,lk2a,alarm_m3,65,25.0,-41.535,6.094,41.98,10.776,1,0
20260924T020143,L2-h000-A-r1,lk2a,alarm_m5,65,25.0,-41.535,6.094,41.98,10.776,1,0
20260924T020143,L2-h000-A-r1,lk2a,alarm_m10,65,25.0,-41.535,6.094,41.98,10.776,1,0
20260924T020143,L2-h000-A-r1,lk2a,alarm_m20,66,25.385,-41.045,5.997,41.481,10.392,1,0
20260924T020143,L2-h000-A-r1,lk2a,alarm_xy5,21,8.077,-62.823,11.715,63.906,27.699,1,1
20260924T020143,L2-h000-A-r1,lk2a,best,20,7.692,-63.308,11.838,64.405,28.084,1,1
20260924T020143,L2-h000-A-r1,lk2b,alarm_m3,,,,,,,0,0
20260924T020143,L2-h000-A-r1,lk2b,alarm_m5,,,,,,,0,0
20260924T020143,L2-h000-A-r1,lk2b,alarm_m10,,,,,,,0,0
20260924T020143,L2-h000-A-r1,lk2b,alarm_m20,,,,,,,0,0
20260924T020143,L2-h000-A-r1,lk2b,alarm_xy5,121,46.538,-13.78,7.103,15.503,-10.762,0,0
20260924T020143,L2-h000-A-r1,lk2b,best,118,45.385,-15.198,6.646,16.588,-9.608,0,0
20260924T020143,L2-h000-A-r1,team,alarm_m3,65,25.0,-41.535,6.094,41.98,10.776,1,0
20260924T020143,L2-h000-A-r1,team,alarm_m5,65,25.0,-41.535,6.094,41.98,10.776,1,0
20260924T020143,L2-h000-A-r1,team,alarm_m10,65,25.0,-41.535,6.094,41.98,10.776,1,0
20260924T020143,L2-h000-A-r1,team,alarm_m20,66,25.385,-41.045,5.997,41.481,10.392,1,0
20260924T020143,L2-h000-A-r1,team,alarm_xy5,21,8.077,-62.823,11.715,63.906,27.699,1,1
20260924T020143,L2-h000-A-r1,team,best,20,7.692,-63.308,11.838,64.405,28.084,1,1
20260924T020143,L2-h000-B-r0,mulcher,alarm_m3,113,43.462,8.675,10.908,13.937,-8.57,0,0
20260924T020143,L2-h000-B-r0,mulcher,alarm_m5,113,43.462,8.675,10.908,13.937,-8.57,0,0
20260924T020143,L2-h000-B-r0,mulcher,alarm_m10,113,43.462,8.675,10.908,13.937,-8.57,0,0
20260924T020143,L2-h000-B-r0,mulcher,alarm_m20,113,43.462,8.675,10.908,13.937,-8.57,0,0
20260924T020143,L2-h000-B-r0,mulcher,alarm_xy5,96,36.923,16.836,13.314,21.465,-2.032,0,0
20260924T020143,L2-h000-B-r0,mulcher,best,95,36.538,17.31,13.475,21.936,-1.647,0,0
20260924T020143,L2-h000-B-r0,lk2a,alarm_m3,,,,,,,0,0
20260924T020143,L2-h000-B-r0,lk2a,alarm_m5,,,,,,,0,0
20260924T020143,L2-h000-B-r0,lk2a,alarm_m10,,,,,,,0,0
20260924T020143,L2-h000-B-r0,lk2a,alarm_m20,,,,,,,0,0
20260924T020143,L2-h000-B-r0,lk2a,alarm_xy5,118,45.385,6.216,10.421,12.135,-10.493,0,0
20260924T020143,L2-h000-B-r0,lk2a,best,117,45.0,6.709,10.509,12.468,-10.109,0,0
20260924T020143,L2-h000-B-r0,lk2b,alarm_m3,61,23.462,34.069,14.505,37.029,11.43,1,0
20260924T020143,L2-h000-B-r0,lk2b,alarm_m5,61,23.462,34.069,14.505,37.029,11.43,1,0
20260924T020143,L2-h000-B-r0,lk2b,alarm_m10,61,23.462,34.069,14.505,37.029,11.43,1,0
20260924T020143,L2-h000-B-r0,lk2b,alarm_m20,62,23.846,33.572,14.557,36.592,11.045,1,0
20260924T020143,L2-h000-B-r0,lk2b,alarm_xy5,12,4.615,57.893,9.038,58.594,30.276,1,1
20260924T020143,L2-h000-B-r0,lk2b,best,11,4.231,58.375,8.904,59.05,30.661,1,1
20260924T020143,L2-h000-B-r0,team,alarm_m3,61,23.462,34.069,14.505,37.029,11.43,1,0
20260924T020143,L2-h000-B-r0,team,alarm_m5,61,23.462,34.069,14.505,37.029,11.43,1,0
20260924T020143,L2-h000-B-r0,team,alarm_m10,61,23.462,34.069,14.505,37.029,11.43,1,0
20260924T020143,L2-h000-B-r0,team,alarm_m20,62,23.846,33.572,14.557,36.592,11.045,1,0
20260924T020143,L2-h000-B-r0,team,alarm_xy5,12,4.615,57.893,9.038,58.594,30.276,1,1
20260924T020143,L2-h000-B-r0,team,best,11,4.231,58.375,8.904,59.05,30.661,1,1
20260924T020143,L2-h000-B-r1,mulcher,alarm_m3,104,40.0,8.371,10.982,13.809,-8.785,0,0
20260924T020143,L2-h000-B-r1,mulcher,alarm_m5,104,40.0,8.371,10.982,13.809,-8.785,0,0
20260924T020143,L2-h000-B-r1,mulcher,alarm_m10,104,40.0,8.371,10.982,13.809,-8.785,0,0
20260924T020143,L2-h000-B-r1,mulcher,alarm_m20,104,40.0,8.371,10.982,13.809,-8.785,0,0
20260924T020143,L2-h000-B-r1,mulcher,alarm_xy5,86,33.077,17.0,13.52,21.72,-1.862,0,0
20260924T020143,L2-h000-B-r1,mulcher,best,85,32.692,17.473,13.681,22.192,-1.477,0,0
20260924T020143,L2-h000-B-r1,lk2a,alarm_m3,,,,,,,0,0
20260924T020143,L2-h000-B-r1,lk2a,alarm_m5,,,,,,,0,0
20260924T020143,L2-h000-B-r1,lk2a,alarm_m10,,,,,,,0,0
20260924T020143,L2-h000-B-r1,lk2a,alarm_m20,,,,,,,0,0
20260924T020143,L2-h000-B-r1,lk2a,alarm_xy5,107,41.154,6.901,10.688,12.722,-9.938,0,0
20260924T020143,L2-h000-B-r1,lk2a,best,106,40.769,7.394,10.776,13.068,-9.554,0,0
20260924T020143,L2-h000-B-r1,lk2b,alarm_m3,51,19.615,34.304,14.623,37.291,11.6,1,0
20260924T020143,L2-h000-B-r1,lk2b,alarm_m5,51,19.615,34.304,14.623,37.291,11.6,1,0
20260924T020143,L2-h000-B-r1,lk2b,alarm_m10,52,20.0,33.807,14.675,36.855,11.215,1,0
20260924T020143,L2-h000-B-r1,lk2b,alarm_m20,55,21.154,32.313,14.812,35.546,10.062,1,0
20260924T020143,L2-h000-B-r1,lk2b,alarm_xy5,5,1.923,56.701,9.524,57.495,29.292,1,1
20260924T020143,L2-h000-B-r1,lk2b,best,0,0.0,59.108,8.848,59.766,31.215,1,1
20260924T020143,L2-h000-B-r1,team,alarm_m3,51,19.615,34.304,14.623,37.291,11.6,1,0
20260924T020143,L2-h000-B-r1,team,alarm_m5,51,19.615,34.304,14.623,37.291,11.6,1,0
20260924T020143,L2-h000-B-r1,team,alarm_m10,52,20.0,33.807,14.675,36.855,11.215,1,0
20260924T020143,L2-h000-B-r1,team,alarm_m20,55,21.154,32.313,14.812,35.546,10.062,1,0
20260924T020143,L2-h000-B-r1,team,alarm_xy5,5,1.923,56.701,9.524,57.495,29.292,1,1
20260924T020143,L2-h000-B-r1,team,best,0,0.0,59.108,8.848,59.766,31.215,1,1
20260924T020143,L2-h030-A-r0,mulcher,alarm_m3,114,43.846,-11.366,8.201,14.016,-12.788,0,0
20260924T020143,L2-h030-A-r0,mulcher,alarm_m5,114,43.846,-11.366,8.201,14.016,-12.788,0,0
20260924T020143,L2-h030-A-r0,mulcher,alarm_m10,114,43.846,-11.366,8.201,14.016,-12.788,0,0
20260924T020143,L2-h030-A-r0,mulcher,alarm_m20,118,45.385,-9.436,8.715,12.845,-14.327,0,0
20260924T020143,L2-h030-A-r0,mulcher,alarm_xy5,84,32.308,-25.923,4.967,26.394,-1.25,0,0
20260924T020143,L2-h030-A-r0,mulcher,best,74,28.462,-30.925,5.041,31.334,2.596,1,0
20260924T020143,L2-h030-A-r0,lk2a,alarm_m3,53,20.385,-41.333,6.422,41.829,10.673,1,0
20260924T020143,L2-h030-A-r0,lk2a,alarm_m5,53,20.385,-41.333,6.422,41.829,10.673,1,0
20260924T020143,L2-h030-A-r0,lk2a,alarm_m10,53,20.385,-41.333,6.422,41.829,10.673,1,0
20260924T020143,L2-h030-A-r0,lk2a,alarm_m20,53,20.385,-41.333,6.422,41.829,10.673,1,0
20260924T020143,L2-h030-A-r0,lk2a,alarm_xy5,12,4.615,-61.155,11.649,62.255,26.442,1,1
20260924T020143,L2-h030-A-r0,lk2a,best,11,4.231,-61.638,11.779,62.753,26.827,1,1
20260924T020143,L2-h030-A-r0,lk2b,alarm_m3,,,,,,,0,0
20260924T020143,L2-h030-A-r0,lk2b,alarm_m5,,,,,,,0,0
20260924T020143,L2-h030-A-r0,lk2b,alarm_m10,,,,,,,0,0
20260924T020143,L2-h030-A-r0,lk2b,alarm_m20,,,,,,,0,0
20260924T020143,L2-h030-A-r0,lk2b,alarm_xy5,109,41.923,-13.759,7.488,15.664,-10.865,0,0
20260924T020143,L2-h030-A-r0,lk2b,best,108,41.538,-14.236,7.339,16.017,-10.481,0,0
20260924T020143,L2-h030-A-r0,team,alarm_m3,53,20.385,-41.333,6.422,41.829,10.673,1,0
20260924T020143,L2-h030-A-r0,team,alarm_m5,53,20.385,-41.333,6.422,41.829,10.673,1,0
20260924T020143,L2-h030-A-r0,team,alarm_m10,53,20.385,-41.333,6.422,41.829,10.673,1,0
20260924T020143,L2-h030-A-r0,team,alarm_m20,53,20.385,-41.333,6.422,41.829,10.673,1,0
20260924T020143,L2-h030-A-r0,team,alarm_xy5,12,4.615,-61.155,11.649,62.255,26.442,1,1
20260924T020143,L2-h030-A-r0,team,best,11,4.231,-61.638,11.779,62.753,26.827,1,1
20260924T020143,L2-h030-A-r1,mulcher,alarm_m3,114,43.846,-11.588,7.785,13.96,-12.54,0,0
20260924T020143,L2-h030-A-r1,mulcher,alarm_m5,114,43.846,-11.588,7.785,13.96,-12.54,0,0
20260924T020143,L2-h030-A-r1,mulcher,alarm_m10,114,43.846,-11.588,7.785,13.96,-12.54,0,0
20260924T020143,L2-h030-A-r1,mulcher,alarm_m20,117,45.0,-10.14,8.18,13.028,-13.693,0,0
20260924T020143,L2-h030-A-r1,mulcher,alarm_xy5,88,33.846,-24.222,4.685,24.671,-2.54,0,0
20260924T020143,L2-h030-A-r1,mulcher,best,77,29.615,-29.77,4.634,30.128,1.691,1,0
20260924T020143,L2-h030-A-r1,lk2a,alarm_m3,54,20.769,-41.227,6.052,41.669,10.537,1,0
20260924T020143,L2-h030-A-r1,lk2a,alarm_m5,54,20.769,-41.227,6.052,41.669,10.537,1,0
20260924T020143,L2-h030-A-r1,lk2a,alarm_m10,54,20.769,-41.227,6.052,41.669,10.537,1,0
20260924T020143,L2-h030-A-r1,lk2a,alarm_m20,55,21.154,-40.736,5.955,41.169,10.153,1,0
20260924T020143,L2-h030-A-r1,lk2a,alarm_xy5,10,3.846,-62.517,11.657,63.595,27.46,1,1
20260924T020143,L2-h030-A-r1,lk2a,best,9,3.462,-63.002,11.779,64.094,27.845,1,1
20260924T020143,L2-h030-A-r1,lk2b,alarm_m3,,,,,,,0,0
20260924T020143,L2-h030-A-r1,lk2b,alarm_m5,,,,,,,0,0
20260924T020143,L2-h030-A-r1,lk2b,alarm_m10,,,,,,,0,0
20260924T020143,L2-h030-A-r1,lk2b,alarm_m20,,,,,,,0,0
20260924T020143,L2-h030-A-r1,lk2b,alarm_xy5,106,40.769,-15.383,6.603,16.74,-9.463,0,0
20260924T020143,L2-h030-A-r1,lk2b,best,105,40.385,-15.857,6.443,17.116,-9.078,0,0
20260924T020143,L2-h030-A-r1,team,alarm_m3,54,20.769,-41.227,6.052,41.669,10.537,1,0
20260924T020143,L2-h030-A-r1,team,alarm_m5,54,20.769,-41.227,6.052,41.669,10.537,1,0
20260924T020143,L2-h030-A-r1,team,alarm_m10,54,20.769,-41.227,6.052,41.669,10.537,1,0
20260924T020143,L2-h030-A-r1,team,alarm_m20,55,21.154,-40.736,5.955,41.169,10.153,1,0
20260924T020143,L2-h030-A-r1,team,alarm_xy5,10,3.846,-62.517,11.657,63.595,27.46,1,1
20260924T020143,L2-h030-A-r1,team,best,9,3.462,-63.002,11.779,64.094,27.845,1,1
20260924T020143,L2-h030-B-r0,mulcher,alarm_m3,121,46.538,3.567,10.527,11.115,-12.504,0,0
20260924T020143,L2-h030-B-r0,mulcher,alarm_m5,121,46.538,3.567,10.527,11.115,-12.504,0,0
20260924T020143,L2-h030-B-r0,mulcher,alarm_m10,121,46.538,3.567,10.527,11.115,-12.504,0,0
20260924T020143,L2-h030-B-r0,mulcher,alarm_m20,122,46.923,3.07,10.47,10.911,-12.888,0,0
20260924T020143,L2-h030-B-r0,mulcher,alarm_xy5,121,46.538,3.567,10.527,11.115,-12.504,0,0
20260924T020143,L2-h030-B-r0,mulcher,best,120,46.154,4.064,10.583,11.337,-12.119,0,0
20260924T020143,L2-h030-B-r0,lk2a,alarm_m3,,,,,,,0,0
20260924T020143,L2-h030-B-r0,lk2a,alarm_m5,,,,,,,0,0
20260924T020143,L2-h030-B-r0,lk2a,alarm_m10,,,,,,,0,0
20260924T020143,L2-h030-B-r0,lk2a,alarm_m20,,,,,,,0,0
20260924T020143,L2-h030-B-r0,lk2a,alarm_xy5,112,43.077,7.972,11.216,13.761,-9.042,0,0
20260924T020143,L2-h030-B-r0,lk2a,best,111,42.692,8.459,11.331,14.14,-8.658,0,0
20260924T020143,L2-h030-B-r0,lk2b,alarm_m3,59,22.692,34.004,14.976,37.156,11.342,1,0
20260924T020143,L2-h030-B-r0,lk2b,alarm_m5,59,22.692,34.004,14.976,37.156,11.342,1,0
20260924T020143,L2-h030-B-r0,lk2b,alarm_m10,59,22.692,34.004,14.976,37.156,11.342,1,0
20260924T020143,L2-h030-B-r0,lk2b,alarm_m20,62,23.846,32.499,15.12,35.844,10.189,1,0
20260924T020143,L2-h030-B-r0,lk2b,alarm_xy5,15,5.769,55.504,10.196,56.433,28.266,1,1
20260924T020143,L2-h030-B-r0,lk2b,best,8,3.077,58.87,9.245,59.592,30.958,1,1
20260924T020143,L2-h030-B-r0,team,alarm_m3,59,22.692,34.004,14.976,37.156,11.342,1,0
20260924T020143,L2-h030-B-r0,team,alarm_m5,59,22.692,34.004,14.976,37.156,11.342,1,0
20260924T020143,L2-h030-B-r0,team,alarm_m10,59,22.692,34.004,14.976,37.156,11.342,1,0
20260924T020143,L2-h030-B-r0,team,alarm_m20,62,23.846,32.499,15.12,35.844,10.189,1,0
20260924T020143,L2-h030-B-r0,team,alarm_xy5,15,5.769,55.504,10.196,56.433,28.266,1,1
20260924T020143,L2-h030-B-r0,team,best,8,3.077,58.87,9.245,59.592,30.958,1,1
20260924T020143,L2-h030-B-r1,mulcher,alarm_m3,115,44.231,3.628,9.926,10.569,-12.509,0,0
20260924T020143,L2-h030-B-r1,mulcher,alarm_m5,115,44.231,3.628,9.926,10.569,-12.509,0,0
20260924T020143,L2-h030-B-r1,mulcher,alarm_m10,116,44.615,3.132,9.87,10.355,-12.894,0,0
20260924T020143,L2-h030-B-r1,mulcher,alarm_m20,117,45.0,2.615,9.827,10.169,-13.278,0,0
20260924T020143,L2-h030-B-r1,mulcher,alarm_xy5,115,44.231,3.628,9.926,10.569,-12.509,0,0
20260924T020143,L2-h030-B-r1,mulcher,best,114,43.846,4.125,9.983,10.802,-12.125,0,0
20260924T020143,L2-h030-B-r1,lk2a,alarm_m3,,,,,,,0,0
20260924T020143,L2-h030-B-r1,lk2a,alarm_m5,,,,,,,0,0
20260924T020143,L2-h030-B-r1,lk2a,alarm_m10,,,,,,,0,0
20260924T020143,L2-h030-B-r1,lk2a,alarm_m20,,,,,,,0,0
20260924T020143,L2-h030-B-r1,lk2a,alarm_xy5,110,42.308,6.123,10.26,11.948,-10.586,0,0
20260924T020143,L2-h030-B-r1,lk2a,best,107,41.154,7.599,10.524,12.981,-9.432,0,0
20260924T020143,L2-h030-B-r1,lk2b,alarm_m3,53,20.385,33.934,14.376,36.854,11.337,1,0
20260924T020143,L2-h030-B-r1,lk2b,alarm_m5,53,20.385,33.934,14.376,36.854,11.337,1,0
20260924T020143,L2-h030-B-r1,lk2b,alarm_m10,53,20.385,33.934,14.376,36.854,11.337,1,0
20260924T020143,L2-h030-B-r1,lk2b,alarm_m20,55,21.154,32.94,14.48,35.982,10.568,1,0
20260924T020143,L2-h030-B-r1,lk2b,alarm_xy5,4,1.538,57.737,8.934,58.424,30.183,1,1
20260924T020143,L2-h030-B-r1,lk2b,best,3,1.154,58.22,8.799,58.882,30.568,1,1
20260924T020143,L2-h030-B-r1,team,alarm_m3,53,20.385,33.934,14.376,36.854,11.337,1,0
20260924T020143,L2-h030-B-r1,team,alarm_m5,53,20.385,33.934,14.376,36.854,11.337,1,0
20260924T020143,L2-h030-B-r1,team,alarm_m10,53,20.385,33.934,14.376,36.854,11.337,1,0
20260924T020143,L2-h030-B-r1,team,alarm_m20,55,21.154,32.94,14.48,35.982,10.568,1,0
20260924T020143,L2-h030-B-r1,team,alarm_xy5,4,1.538,57.737,8.934,58.424,30.183,1,1
20260924T020143,L2-h030-B-r1,team,best,3,1.154,58.22,8.799,58.882,30.568,1,1
20260924T020143,L2-h060-A-r0,mulcher,alarm_m3,127,48.846,-10.921,8.855,14.06,-13.251,0,0
20260924T020143,L2-h060-A-r0,mulcher,alarm_m5,127,48.846,-10.921,8.855,14.06,-13.251,0,0
20260924T020143,L2-h060-A-r0,mulcher,alarm_m10,127,48.846,-10.921,8.855,14.06,-13.251,0,0
20260924T020143,L2-h060-A-r0,mulcher,alarm_m20,128,49.231,-10.439,8.986,13.774,-13.635,0,0
20260924T020143,L2-h060-A-r0,mulcher,alarm_xy5,89,34.231,-29.316,5.481,29.824,1.365,1,0
20260924T020143,L2-h060-A-r0,mulcher,best,86,33.077,-30.797,5.549,31.293,2.519,1,0
20260924T020143,L2-h060-A-r0,lk2a,alarm_m3,65,25.0,-41.135,6.907,41.711,10.596,1,0
20260924T020143,L2-h060-A-r0,lk2a,alarm_m5,65,25.0,-41.135,6.907,41.711,10.596,1,0
20260924T020143,L2-h060-A-r0,lk2a,alarm_m10,65,25.0,-41.135,6.907,41.711,10.596,1,0
20260924T020143,L2-h060-A-r0,lk2a,alarm_m20,65,25.0,-41.135,6.907,41.711,10.596,1,0
20260924T020143,L2-h060-A-r0,lk2a,alarm_xy5,22,8.462,-61.89,12.379,63.116,27.134,1,1
20260924T020143,L2-h060-A-r0,lk2a,best,21,8.077,-62.381,12.506,63.622,27.519,1,1
20260924T020143,L2-h060-A-r0,lk2b,alarm_m3,,,,,,,0,0
20260924T020143,L2-h060-A-r0,lk2b,alarm_m5,,,,,,,0,0
20260924T020143,L2-h060-A-r0,lk2b,alarm_m10,,,,,,,0,0
20260924T020143,L2-h060-A-r0,lk2b,alarm_m20,,,,,,,0,0
20260924T020143,L2-h060-A-r0,lk2b,alarm_xy5,120,46.154,-14.293,7.86,16.312,-10.558,0,0
20260924T020143,L2-h060-A-r0,lk2b,best,117,45.0,-15.728,7.391,17.378,-9.404,0,0
20260924T020143,L2-h060-A-r0,team,alarm_m3,65,25.0,-41.135,6.907,41.711,10.596,1,0
20260924T020143,L2-h060-A-r0,team,alarm_m5,65,25.0,-41.135,6.907,41.711,10.596,1,0
20260924T020143,L2-h060-A-r0,team,alarm_m10,65,25.0,-41.135,6.907,41.711,10.596,1,0
20260924T020143,L2-h060-A-r0,team,alarm_m20,65,25.0,-41.135,6.907,41.711,10.596,1,0
20260924T020143,L2-h060-A-r0,team,alarm_xy5,22,8.462,-61.89,12.379,63.116,27.134,1,1
20260924T020143,L2-h060-A-r0,team,best,21,8.077,-62.381,12.506,63.622,27.519,1,1
20260924T020143,L2-h060-A-r1,mulcher,alarm_m3,125,48.077,-11.256,8.193,13.922,-12.868,0,0
20260924T020143,L2-h060-A-r1,mulcher,alarm_m5,125,48.077,-11.256,8.193,13.922,-12.868,0,0
20260924T020143,L2-h060-A-r1,mulcher,alarm_m10,125,48.077,-11.256,8.193,13.922,-12.868,0,0
20260924T020143,L2-h060-A-r1,mulcher,alarm_m20,127,48.846,-10.291,8.456,13.319,-13.638,0,0
20260924T020143,L2-h060-A-r1,mulcher,alarm_xy5,92,35.385,-27.322,4.9,27.757,-0.176,0,0
20260924T020143,L2-h060-A-r1,mulcher,best,87,33.462,-29.825,4.944,30.232,1.747,1,0
20260924T020143,L2-h060-A-r1,lk2a,alarm_m3,64,24.615,-41.238,6.366,41.727,10.593,1,0
20260924T020143,L2-h060-A-r1,lk2a,alarm_m5,64,24.615,-41.238,6.366,41.727,10.593,1,0
20260924T020143,L2-h060-A-r1,lk2a,alarm_m10,64,24.615,-41.238,6.366,41.727,10.593,1,0
20260924T020143,L2-h060-A-r1,lk2a,alarm_m20,67,25.769,-39.767,6.075,40.228,9.439,1,0
20260924T020143,L2-h060-A-r1,lk2a,alarm_xy5,21,8.077,-62.03,11.846,63.151,27.132,1,1
20260924T020143,L2-h060-A-r1,lk2a,best,20,7.692,-62.512,11.971,63.648,27.516,1,1
20260924T020143,L2-h060-A-r1,lk2b,alarm_m3,,,,,,,0,0
20260924T020143,L2-h060-A-r1,lk2b,alarm_m5,,,,,,,0,0
20260924T020143,L2-h060-A-r1,lk2b,alarm_m10,,,,,,,0,0
20260924T020143,L2-h060-A-r1,lk2b,alarm_m20,,,,,,,0,0
20260924T020143,L2-h060-A-r1,lk2b,alarm_xy5,119,45.769,-14.126,7.335,15.917,-10.561,0,0
20260924T020143,L2-h060-A-r1,lk2b,best,118,45.385,-14.604,7.187,16.276,-10.176,0,0
20260924T020143,L2-h060-A-r1,team,alarm_m3,64,24.615,-41.238,6.366,41.727,10.593,1,0
20260924T020143,L2-h060-A-r1,team,alarm_m5,64,24.615,-41.238,6.366,41.727,10.593,1,0
20260924T020143,L2-h060-A-r1,team,alarm_m10,64,24.615,-41.238,6.366,41.727,10.593,1,0
20260924T020143,L2-h060-A-r1,team,alarm_m20,67,25.769,-39.767,6.075,40.228,9.439,1,0
20260924T020143,L2-h060-A-r1,team,alarm_xy5,21,8.077,-62.03,11.846,63.151,27.132,1,1
20260924T020143,L2-h060-A-r1,team,best,20,7.692,-62.512,11.971,63.648,27.516,1,1
20260924T020143,L2-h060-B-r0,mulcher,alarm_m3,,,,,,,0,0
20260924T020143,L2-h060-B-r0,mulcher,alarm_m5,,,,,,,0,0
20260924T020143,L2-h060-B-r0,mulcher,alarm_m10,,,,,,,0,0
20260924T020143,L2-h060-B-r0,mulcher,alarm_m20,,,,,,,0,0
20260924T020143,L2-h060-B-r0,mulcher,alarm_xy5,,,,,,,0,0
20260924T020143,L2-h060-B-r0,mulcher,best,,,,,,,0,0
20260924T020143,L2-h060-B-r0,lk2a,alarm_m3,,,,,,,0,0
20260924T020143,L2-h060-B-r0,lk2a,alarm_m5,,,,,,,0,0
20260924T020143,L2-h060-B-r0,lk2a,alarm_m10,,,,,,,0,0
20260924T020143,L2-h060-B-r0,lk2a,alarm_m20,,,,,,,0,0
20260924T020143,L2-h060-B-r0,lk2a,alarm_xy5,127,48.846,6.178,10.09,11.831,-10.567,0,0
20260924T020143,L2-h060-B-r0,lk2a,best,126,48.462,6.67,10.178,12.169,-10.183,0,0
20260924T020143,L2-h060-B-r0,lk2b,alarm_m3,70,26.923,33.94,14.198,36.79,11.356,1,0
20260924T020143,L2-h060-B-r0,lk2b,alarm_m5,70,26.923,33.94,14.198,36.79,11.356,1,0
20260924T020143,L2-h060-B-r0,lk2b,alarm_m10,70,26.923,33.94,14.198,36.79,11.356,1,0
20260924T020143,L2-h060-B-r0,lk2b,alarm_m20,70,26.923,33.94,14.198,36.79,11.356,1,0
20260924T020143,L2-h060-B-r0,lk2b,alarm_xy5,20,7.692,58.197,8.623,58.832,30.587,1,1
20260924T020143,L2-h060-B-r0,lk2b,best,19,7.308,58.678,8.489,59.289,30.971,1,1
20260924T020143,L2-h060-B-r0,team,alarm_m3,70,26.923,33.94,14.198,36.79,11.356,1,0
20260924T020143,L2-h060-B-r0,team,alarm_m5,70,26.923,33.94,14.198,36.79,11.356,1,0
20260924T020143,L2-h060-B-r0,team,alarm_m10,70,26.923,33.94,14.198,36.79,11.356,1,0
20260924T020143,L2-h060-B-r0,team,alarm_m20,70,26.923,33.94,14.198,36.79,11.356,1,0
20260924T020143,L2-h060-B-r0,team,alarm_xy5,20,7.692,58.197,8.623,58.832,30.587,1,1
20260924T020143,L2-h060-B-r0,team,best,19,7.308,58.678,8.489,59.289,30.971,1,1
20260924T020143,L2-h060-B-r1,mulcher,alarm_m3,,,,,,,0,0
20260924T020143,L2-h060-B-r1,mulcher,alarm_m5,,,,,,,0,0
20260924T020143,L2-h060-B-r1,mulcher,alarm_m10,,,,,,,0,0
20260924T020143,L2-h060-B-r1,mulcher,alarm_m20,,,,,,,0,0
20260924T020143,L2-h060-B-r1,mulcher,alarm_xy5,,,,,,,0,0
20260924T020143,L2-h060-B-r1,mulcher,best,,,,,,,0,0
20260924T020143,L2-h060-B-r1,lk2a,alarm_m3,,,,,,,0,0
20260924T020143,L2-h060-B-r1,lk2a,alarm_m5,,,,,,,0,0
20260924T020143,L2-h060-B-r1,lk2a,alarm_m10,,,,,,,0,0
20260924T020143,L2-h060-B-r1,lk2a,alarm_m20,,,,,,,0,0
20260924T020143,L2-h060-B-r1,lk2a,alarm_xy5,124,47.692,6.452,10.386,12.227,-10.319,0,0
20260924T020143,L2-h060-B-r1,lk2a,best,121,46.538,7.939,10.656,13.289,-9.166,0,0
20260924T020143,L2-h060-B-r1,lk2b,alarm_m3,67,25.769,34.286,14.406,37.19,11.604,1,0
20260924T020143,L2-h060-B-r1,lk2b,alarm_m5,67,25.769,34.286,14.406,37.19,11.604,1,0
20260924T020143,L2-h060-B-r1,lk2b,alarm_m10,68,26.154,33.789,14.458,36.752,11.219,1,0
20260924T020143,L2-h060-B-r1,lk2b,alarm_m20,70,26.923,32.802,14.562,35.889,10.45,1,0
20260924T020143,L2-h060-B-r1,lk2b,alarm_xy5,18,6.923,58.09,8.904,58.769,30.45,1,1
20260924T020143,L2-h060-B-r1,lk2b,best,17,6.538,58.572,8.771,59.225,30.834,1,1
20260924T020143,L2-h060-B-r1,team,alarm_m3,67,25.769,34.286,14.406,37.19,11.604,1,0
20260924T020143,L2-h060-B-r1,team,alarm_m5,67,25.769,34.286,14.406,37.19,11.604,1,0
20260924T020143,L2-h060-B-r1,team,alarm_m10,68,26.154,33.789,14.458,36.752,11.219,1,0
20260924T020143,L2-h060-B-r1,team,alarm_m20,70,26.923,32.802,14.562,35.889,10.45,1,0
20260924T020143,L2-h060-B-r1,team,alarm_xy5,18,6.923,58.09,8.904,58.769,30.45,1,1
20260924T020143,L2-h060-B-r1,team,best,17,6.538,58.572,8.771,59.225,30.834,1,1
20260924T020143,L2-h090-A-r0,mulcher,alarm_m3,116,44.615,-11.348,7.879,13.815,-12.736,0,0
20260924T020143,L2-h090-A-r0,mulcher,alarm_m5,116,44.615,-11.348,7.879,13.815,-12.736,0,0
20260924T020143,L2-h090-A-r0,mulcher,alarm_m10,116,44.615,-11.348,7.879,13.815,-12.736,0,0
20260924T020143,L2-h090-A-r0,mulcher,alarm_m20,117,45.0,-10.865,8.01,13.499,-13.121,0,0
20260924T020143,L2-h090-A-r0,mulcher,alarm_xy5,61,23.462,-38.5,5.578,38.902,8.417,1,0
20260924T020143,L2-h090-A-r0,mulcher,best,60,23.077,-38.993,5.66,39.402,8.802,1,0
20260924T020143,L2-h090-A-r0,lk2a,alarm_m3,55,21.154,-41.461,6.126,41.911,10.725,1,0
20260924T020143,L2-h090-A-r0,lk2a,alarm_m5,55,21.154,-41.461,6.126,41.911,10.725,1,0
20260924T020143,L2-h090-A-r0,lk2a,alarm_m10,55,21.154,-41.461,6.126,41.911,10.725,1,0
20260924T020143,L2-h090-A-r0,lk2a,alarm_m20,56,21.538,-40.97,6.028,41.412,10.34,1,0
20260924T020143,L2-h090-A-r0,lk2a,alarm_xy5,15,5.769,-60.82,11.232,61.848,26.11,1,1
20260924T020143,L2-h090-A-r0,lk2a,best,14,5.385,-61.302,11.362,62.346,26.494,1,1
20260924T020143,L2-h090-A-r0,lk2b,alarm_m3,,,,,,,0,0
20260924T020143,L2-h090-A-r0,lk2b,alarm_m5,,,,,,,0,0
20260924T020143,L2-h090-A-r0,lk2b,alarm_m10,,,,,,,0,0
20260924T020143,L2-h090-A-r0,lk2b,alarm_m20,,,,,,,0,0
20260924T020143,L2-h090-A-r0,lk2b,alarm_xy5,107,41.154,-15.623,6.55,16.941,-9.275,0,0
20260924T020143,L2-h090-A-r0,lk2b,best,106,40.769,-16.097,6.391,17.319,-8.89,0,0
20260924T020143,L2-h090-A-r0,team,alarm_m3,55,21.154,-41.461,6.126,41.911,10.725,1,0
20260924T020143,L2-h090-A-r0,team,alarm_m5,55,21.154,-41.461,6.126,41.911,10.725,1,0
20260924T020143,L2-h090-A-r0,team,alarm_m10,55,21.154,-41.461,6.126,41.911,10.725,1,0
20260924T020143,L2-h090-A-r0,team,alarm_m20,56,21.538,-40.97,6.028,41.412,10.34,1,0
20260924T020143,L2-h090-A-r0,team,alarm_xy5,15,5.769,-60.82,11.232,61.848,26.11,1,1
20260924T020143,L2-h090-A-r0,team,best,14,5.385,-61.302,11.362,62.346,26.494,1,1
20260924T020143,L2-h090-A-r1,mulcher,alarm_m3,121,46.538,-10.704,8.778,13.843,-13.396,0,0
20260924T020143,L2-h090-A-r1,mulcher,alarm_m5,121,46.538,-10.704,8.778,13.843,-13.396,0,0
20260924T020143,L2-h090-A-r1,mulcher,alarm_m10,121,46.538,-10.704,8.778,13.843,-13.396,0,0
20260924T020143,L2-h090-A-r1,mulcher,alarm_m20,124,47.692,-9.236,9.152,13.002,-14.55,0,0
20260924T020143,L2-h090-A-r1,mulcher,alarm_xy5,66,25.385,-37.539,6.126,38.035,7.758,1,0
20260924T020143,L2-h090-A-r1,mulcher,best,65,25.0,-38.032,6.208,38.535,8.142,1,0
20260924T020143,L2-h090-A-r1,lk2a,alarm_m3,59,22.692,-40.974,6.741,41.525,10.45,1,0
20260924T020143,L2-h090-A-r1,lk2a,alarm_m5,59,22.692,-40.974,6.741,41.525,10.45,1,0
20260924T020143,L2-h090-A-r1,lk2a,alarm_m10,59,22.692,-40.974,6.741,41.525,10.45,1,0
20260924T020143,L2-h090-A-r1,lk2a,alarm_m20,60,23.077,-40.484,6.644,41.025,10.065,1,0
20260924T020143,L2-h090-A-r1,lk2a,alarm_xy5,16,6.154,-61.741,12.203,62.935,26.988,1,1
20260924T020143,L2-h090-A-r1,lk2a,best,15,5.769,-62.229,12.332,63.439,27.373,1,1
20260924T020143,L2-h090-A-r1,lk2b,alarm_m3,,,,,,,0,0
20260924T020143,L2-h090-A-r1,lk2b,alarm_m5,,,,,,,0,0
20260924T020143,L2-h090-A-r1,lk2b,alarm_m10,,,,,,,0,0
20260924T020143,L2-h090-A-r1,lk2b,alarm_m20,,,,,,,0,0
20260924T020143,L2-h090-A-r1,lk2b,alarm_xy5,115,44.231,-13.595,7.939,15.744,-11.089,0,0
20260924T020143,L2-h090-A-r1,lk2b,best,112,43.077,-15.033,7.486,16.794,-9.935,0,0
20260924T020143,L2-h090-A-r1,team,alarm_m3,59,22.692,-40.974,6.741,41.525,10.45,1,0
20260924T020143,L2-h090-A-r1,team,alarm_m5,59,22.692,-40.974,6.741,41.525,10.45,1,0
20260924T020143,L2-h090-A-r1,team,alarm_m10,59,22.692,-40.974,6.741,41.525,10.45,1,0
20260924T020143,L2-h090-A-r1,team,alarm_m20,60,23.077,-40.484,6.644,41.025,10.065,1,0
20260924T020143,L2-h090-A-r1,team,alarm_xy5,16,6.154,-61.741,12.203,62.935,26.988,1,1
20260924T020143,L2-h090-A-r1,team,best,15,5.769,-62.229,12.332,63.439,27.373,1,1
20260924T020143,L2-h090-B-r0,mulcher,alarm_m3,106,40.769,8.576,11.106,14.032,-8.61,0,0
20260924T020143,L2-h090-B-r0,mulcher,alarm_m5,106,40.769,8.576,11.106,14.032,-8.61,0,0
20260924T020143,L2-h090-B-r0,mulcher,alarm_m10,,,,,,,0,0
20260924T020143,L2-h090-B-r0,mulcher,alarm_m20,,,,,,,0,0
20260924T020143,L2-h090-B-r0,mulcher,alarm_xy5,81,31.154,20.552,14.69,25.262,1.006,1,0
20260924T020143,L2-h090-B-r0,mulcher,best,76,29.231,23.044,14.917,27.451,2.929,1,0
20260924T020143,L2-h090-B-r0,lk2a,alarm_m3,,,,,,,0,0
20260924T020143,L2-h090-B-r0,lk2a,alarm_m5,,,,,,,0,0
20260924T020143,L2-h090-B-r0,lk2a,alarm_m10,,,,,,,0,0
20260924T020143,L2-h090-B-r0,lk2a,alarm_m20,,,,,,,0,0
20260924T020143,L2-h090-B-r0,lk2a,alarm_xy5,104,40.0,9.549,11.336,14.822,-7.841,0,0
20260924T020143,L2-h090-B-r0,lk2a,best,103,39.615,10.035,11.451,15.226,-7.456,0,0
20260924T020143,L2-h090-B-r0,lk2b,alarm_m3,54,20.769,34.041,14.725,37.089,11.39,1,0
20260924T020143,L2-h090-B-r0,lk2b,alarm_m5,54,20.769,34.041,14.725,37.089,11.39,1,0
20260924T020143,L2-h090-B-r0,lk2b,alarm_m10,54,20.769,34.041,14.725,37.089,11.39,1,0
20260924T020143,L2-h090-B-r0,lk2b,alarm_m20,54,20.769,34.041,14.725,37.089,11.39,1,0
20260924T020143,L2-h090-B-r0,lk2b,alarm_xy5,4,1.538,58.383,9.126,59.092,30.621,1,1
20260924T020143,L2-h090-B-r0,lk2b,best,3,1.154,58.865,8.993,59.548,31.006,1,1
20260924T020143,L2-h090-B-r0,team,alarm_m3,54,20.769,34.041,14.725,37.089,11.39,1,0
20260924T020143,L2-h090-B-r0,team,alarm_m5,54,20.769,34.041,14.725,37.089,11.39,1,0
20260924T020143,L2-h090-B-r0,team,alarm_m10,54,20.769,34.041,14.725,37.089,11.39,1,0
20260924T020143,L2-h090-B-r0,team,alarm_m20,54,20.769,34.041,14.725,37.089,11.39,1,0
20260924T020143,L2-h090-B-r0,team,alarm_xy5,4,1.538,58.383,9.126,59.092,30.621,1,1
20260924T020143,L2-h090-B-r0,team,best,3,1.154,58.865,8.993,59.548,31.006,1,1
20260924T020143,L2-h090-B-r1,mulcher,alarm_m3,115,44.231,8.703,10.922,13.965,-8.547,0,0
20260924T020143,L2-h090-B-r1,mulcher,alarm_m5,115,44.231,8.703,10.922,13.965,-8.547,0,0
20260924T020143,L2-h090-B-r1,mulcher,alarm_m10,115,44.231,8.703,10.922,13.965,-8.547,0,0
20260924T020143,L2-h090-B-r1,mulcher,alarm_m20,,,,,,,0,0
20260924T020143,L2-h090-B-r1,mulcher,alarm_xy5,92,35.385,19.713,14.258,24.329,0.299,1,0
20260924T020143,L2-h090-B-r1,mulcher,best,86,33.077,22.644,14.678,26.985,2.607,1,0
20260924T020143,L2-h090-B-r1,lk2a,alarm_m3,,,,,,,0,0
20260924T020143,L2-h090-B-r1,lk2a,alarm_m5,,,,,,,0,0
20260924T020143,L2-h090-B-r1,lk2a,alarm_m10,,,,,,,0,0
20260924T020143,L2-h090-B-r1,lk2a,alarm_m20,,,,,,,0,0
20260924T020143,L2-h090-B-r1,lk2a,alarm_xy5,122,46.923,5.252,10.261,11.527,-11.239,0,0
20260924T020143,L2-h090-B-r1,lk2a,best,119,45.769,6.737,10.521,12.494,-10.085,0,0
20260924T020143,L2-h090-B-r1,lk2b,alarm_m3,63,24.231,34.1,14.509,37.059,11.453,1,0
20260924T020143,L2-h090-B-r1,lk2b,alarm_m5,63,24.231,34.1,14.509,37.059,11.453,1,0
20260924T020143,L2-h090-B-r1,lk2b,alarm_m10,63,24.231,34.1,14.509,37.059,11.453,1,0
20260924T020143,L2-h090-B-r1,lk2b,alarm_m20,64,24.615,33.603,14.561,36.622,11.069,1,0
20260924T020143,L2-h090-B-r1,lk2b,alarm_xy5,14,5.385,57.924,9.037,58.625,30.299,1,1
20260924T020143,L2-h090-B-r1,lk2b,best,13,5.0,58.406,8.903,59.08,30.684,1,1
20260924T020143,L2-h090-B-r1,team,alarm_m3,63,24.231,34.1,14.509,37.059,11.453,1,0
20260924T020143,L2-h090-B-r1,team,alarm_m5,63,24.231,34.1,14.509,37.059,11.453,1,0
20260924T020143,L2-h090-B-r1,team,alarm_m10,63,24.231,34.1,14.509,37.059,11.453,1,0
20260924T020143,L2-h090-B-r1,team,alarm_m20,64,24.615,33.603,14.561,36.622,11.069,1,0
20260924T020143,L2-h090-B-r1,team,alarm_xy5,14,5.385,57.924,9.037,58.625,30.299,1,1
20260924T020143,L2-h090-B-r1,team,best,13,5.0,58.406,8.903,59.08,30.684,1,1
20260924T020143,L2-h120-A-r0,mulcher,alarm_m3,,,,,,,0,0
20260924T020143,L2-h120-A-r0,mulcher,alarm_m5,,,,,,,0,0
20260924T020143,L2-h120-A-r0,mulcher,alarm_m10,,,,,,,0,0
20260924T020143,L2-h120-A-r0,mulcher,alarm_m20,,,,,,,0,0
20260924T020143,L2-h120-A-r0,mulcher,alarm_xy5,95,36.538,-25.516,4.606,25.928,-1.556,0,0
20260924T020143,L2-h120-A-r0,mulcher,best,89,34.231,-28.533,4.584,28.899,0.752,1,0
20260924T020143,L2-h120-A-r0,lk2a,alarm_m3,63,24.231,-41.506,6.078,41.949,10.752,1,0
20260924T020143,L2-h120-A-r0,lk2a,alarm_m5,63,24.231,-41.506,6.078,41.949,10.752,1,0
20260924T020143,L2-h120-A-r0,lk2a,alarm_m10,64,24.615,-41.015,5.981,41.449,10.367,1,0
20260924T020143,L2-h120-A-r0,lk2a,alarm_m20,64,24.615,-41.015,5.981,41.449,10.367,1,0
20260924T020143,L2-h120-A-r0,lk2a,alarm_xy5,19,7.308,-62.794,11.698,63.875,27.675,1,1
20260924T020143,L2-h120-A-r0,lk2a,best,18,6.923,-63.279,11.821,64.374,28.06,1,1
20260924T020143,L2-h120-A-r0,lk2b,alarm_m3,,,,,,,0,0
20260924T020143,L2-h120-A-r0,lk2b,alarm_m5,,,,,,,0,0
20260924T020143,L2-h120-A-r0,lk2b,alarm_m10,,,,,,,0,0
20260924T020143,L2-h120-A-r0,lk2b,alarm_m20,,,,,,,0,0
20260924T020143,L2-h120-A-r0,lk2b,alarm_xy5,116,44.615,-15.165,6.647,16.557,-9.633,0,0
20260924T020143,L2-h120-A-r0,lk2b,best,115,44.231,-15.639,6.487,16.931,-9.248,0,0
20260924T020143,L2-h120-A-r0,team,alarm_m3,63,24.231,-41.506,6.078,41.949,10.752,1,0
20260924T020143,L2-h120-A-r0,team,alarm_m5,63,24.231,-41.506,6.078,41.949,10.752,1,0
20260924T020143,L2-h120-A-r0,team,alarm_m10,64,24.615,-41.015,5.981,41.449,10.367,1,0
20260924T020143,L2-h120-A-r0,team,alarm_m20,64,24.615,-41.015,5.981,41.449,10.367,1,0
20260924T020143,L2-h120-A-r0,team,alarm_xy5,19,7.308,-62.794,11.698,63.875,27.675,1,1
20260924T020143,L2-h120-A-r0,team,best,18,6.923,-63.279,11.821,64.374,28.06,1,1
20260924T020143,L2-h120-A-r1,mulcher,alarm_m3,,,,,,,0,0
20260924T020143,L2-h120-A-r1,mulcher,alarm_m5,,,,,,,0,0
20260924T020143,L2-h120-A-r1,mulcher,alarm_m10,,,,,,,0,0
20260924T020143,L2-h120-A-r1,mulcher,alarm_m20,,,,,,,0,0
20260924T020143,L2-h120-A-r1,mulcher,alarm_xy5,61,23.462,-37.65,5.526,38.054,7.766,1,0
20260924T020143,L2-h120-A-r1,mulcher,best,60,23.077,-38.144,5.608,38.554,8.151,1,0
20260924T020143,L2-h120-A-r1,lk2a,alarm_m3,54,20.769,-41.104,6.145,41.561,10.458,1,0
20260924T020143,L2-h120-A-r1,lk2a,alarm_m5,54,20.769,-41.104,6.145,41.561,10.458,1,0
20260924T020143,L2-h120-A-r1,lk2a,alarm_m10,54,20.769,-41.104,6.145,41.561,10.458,1,0
20260924T020143,L2-h120-A-r1,lk2a,alarm_m20,54,20.769,-41.104,6.145,41.561,10.458,1,0
20260924T020143,L2-h120-A-r1,lk2a,alarm_xy5,9,3.462,-62.874,11.866,63.984,27.766,1,1
20260924T020143,L2-h120-A-r1,lk2a,best,8,3.077,-63.359,11.989,64.483,28.151,1,1
20260924T020143,L2-h120-A-r1,lk2b,alarm_m3,,,,,,,0,0
20260924T020143,L2-h120-A-r1,lk2b,alarm_m5,,,,,,,0,0
20260924T020143,L2-h120-A-r1,lk2b,alarm_m10,,,,,,,0,0
20260924T020143,L2-h120-A-r1,lk2b,alarm_m20,,,,,,,0,0
20260924T020143,L2-h120-A-r1,lk2b,alarm_xy5,106,40.769,-15.323,6.745,16.741,-9.542,0,0
20260924T020143,L2-h120-A-r1,lk2b,best,105,40.385,-15.797,6.585,17.114,-9.157,0,0
20260924T020143,L2-h120-A-r1,team,alarm_m3,54,20.769,-41.104,6.145,41.561,10.458,1,0
20260924T020143,L2-h120-A-r1,team,alarm_m5,54,20.769,-41.104,6.145,41.561,10.458,1,0
20260924T020143,L2-h120-A-r1,team,alarm_m10,54,20.769,-41.104,6.145,41.561,10.458,1,0
20260924T020143,L2-h120-A-r1,team,alarm_m20,54,20.769,-41.104,6.145,41.561,10.458,1,0
20260924T020143,L2-h120-A-r1,team,alarm_xy5,9,3.462,-62.874,11.866,63.984,27.766,1,1
20260924T020143,L2-h120-A-r1,team,best,8,3.077,-63.359,11.989,64.483,28.151,1,1
20260924T020143,L2-h120-B-r0,mulcher,alarm_m3,116,44.615,8.608,10.956,13.933,-8.612,0,0
20260924T020143,L2-h120-B-r0,mulcher,alarm_m5,116,44.615,8.608,10.956,13.933,-8.612,0,0
20260924T020143,L2-h120-B-r0,mulcher,alarm_m10,116,44.615,8.608,10.956,13.933,-8.612,0,0
20260924T020143,L2-h120-B-r0,mulcher,alarm_m20,116,44.615,8.608,10.956,13.933,-8.612,0,0
20260924T020143,L2-h120-B-r0,mulcher,alarm_xy5,90,34.615,21.061,14.583,25.617,1.388,1,0
20260924T020143,L2-h120-B-r0,mulcher,best,85,32.692,23.549,14.791,27.808,3.311,1,0
20260924T020143,L2-h120-B-r0,lk2a,alarm_m3,,,,,,,0,0
20260924T020143,L2-h120-B-r0,lk2a,alarm_m5,,,,,,,0,0
20260924T020143,L2-h120-B-r0,lk2a,alarm_m10,,,,,,,0,0
20260924T020143,L2-h120-B-r0,lk2a,alarm_m20,,,,,,,0,0
20260924T020143,L2-h120-B-r0,lk2a,alarm_xy5,120,46.154,6.644,10.561,12.477,-10.151,0,0
20260924T020143,L2-h120-B-r0,lk2a,best,119,45.769,7.136,10.649,12.819,-9.766,0,0
20260924T020143,L2-h120-B-r0,lk2b,alarm_m3,64,24.615,34.021,14.573,37.011,11.388,1,0
20260924T020143,L2-h120-B-r0,lk2b,alarm_m5,64,24.615,34.021,14.573,37.011,11.388,1,0
20260924T020143,L2-h120-B-r0,lk2b,alarm_m10,64,24.615,34.021,14.573,37.011,11.388,1,0
20260924T020143,L2-h120-B-r0,lk2b,alarm_m20,65,25.0,33.524,14.625,36.575,11.003,1,0
20260924T020143,L2-h120-B-r0,lk2b,alarm_xy5,14,5.385,58.339,8.979,59.025,30.618,1,1
20260924T020143,L2-h120-B-r0,lk2b,best,13,5.0,58.82,8.845,59.482,31.003,1,1
20260924T020143,L2-h120-B-r0,team,alarm_m3,64,24.615,34.021,14.573,37.011,11.388,1,0
20260924T020143,L2-h120-B-r0,team,alarm_m5,64,24.615,34.021,14.573,37.011,11.388,1,0
20260924T020143,L2-h120-B-r0,team,alarm_m10,64,24.615,34.021,14.573,37.011,11.388,1,0
20260924T020143,L2-h120-B-r0,team,alarm_m20,65,25.0,33.524,14.625,36.575,11.003,1,0
20260924T020143,L2-h120-B-r0,team,alarm_xy5,14,5.385,58.339,8.979,59.025,30.618,1,1
20260924T020143,L2-h120-B-r0,team,best,13,5.0,58.82,8.845,59.482,31.003,1,1
20260924T020143,L2-h120-B-r1,mulcher,alarm_m3,109,41.923,8.413,11.072,13.906,-8.737,0,0
20260924T020143,L2-h120-B-r1,mulcher,alarm_m5,109,41.923,8.413,11.072,13.906,-8.737,0,0
20260924T020143,L2-h120-B-r1,mulcher,alarm_m10,109,41.923,8.413,11.072,13.906,-8.737,0,0
20260924T020143,L2-h120-B-r1,mulcher,alarm_m20,109,41.923,8.413,11.072,13.906,-8.737,0,0
20260924T020143,L2-h120-B-r1,mulcher,alarm_xy5,85,32.692,19.889,14.538,24.636,0.493,1,0
20260924T020143,L2-h120-B-r1,mulcher,best,65,25.0,29.881,15.032,33.449,8.186,1,0
20260924T020143,L2-h120-B-r1,lk2a,alarm_m3,,,,,,,0,0
20260924T020143,L2-h120-B-r1,lk2a,alarm_m5,,,,,,,0,0
20260924T020143,L2-h120-B-r1,lk2a,alarm_m10,,,,,,,0,0
20260924T020143,L2-h120-B-r1,lk2a,alarm_m20,,,,,,,0,0
20260924T020143,L2-h120-B-r1,lk2a,alarm_xy5,107,41.154,9.387,11.302,14.691,-7.968,0,0
20260924T020143,L2-h120-B-r1,lk2a,best,106,40.769,9.873,11.417,15.094,-7.583,0,0
20260924T020143,L2-h120-B-r1,lk2b,alarm_m3,57,21.923,33.876,14.747,36.947,11.263,1,0
20260924T020143,L2-h120-B-r1,lk2b,alarm_m5,57,21.923,33.876,14.747,36.947,11.263,1,0
20260924T020143,L2-h120-B-r1,lk2b,alarm_m10,57,21.923,33.876,14.747,36.947,11.263,1,0
20260924T020143,L2-h120-B-r1,lk2b,alarm_m20,60,23.077,32.38,14.886,35.637,10.109,1,0
20260924T020143,L2-h120-B-r1,lk2b,alarm_xy5,8,3.077,57.743,9.309,58.489,30.109,1,1
20260924T020143,L2-h120-B-r1,lk2b,best,7,2.692,58.224,9.174,58.943,30.493,1,1
20260924T020143,L2-h120-B-r1,team,alarm_m3,57,21.923,33.876,14.747,36.947,11.263,1,0
20260924T020143,L2-h120-B-r1,team,alarm_m5,57,21.923,33.876,14.747,36.947,11.263,1,0
20260924T020143,L2-h120-B-r1,team,alarm_m10,57,21.923,33.876,14.747,36.947,11.263,1,0
20260924T020143,L2-h120-B-r1,team,alarm_m20,60,23.077,32.38,14.886,35.637,10.109,1,0
20260924T020143,L2-h120-B-r1,team,alarm_xy5,8,3.077,57.743,9.309,58.489,30.109,1,1
20260924T020143,L2-h120-B-r1,team,best,7,2.692,58.224,9.174,58.943,30.493,1,1
20260924T020143,L2-h150-A-r0,mulcher,alarm_m3,139,53.462,-3.183,9.634,10.146,-19.206,0,0
20260924T020143,L2-h150-A-r0,mulcher,alarm_m5,139,53.462,-3.183,9.634,10.146,-19.206,0,0
20260924T020143,L2-h150-A-r0,mulcher,alarm_m10,139,53.462,-3.183,9.634,10.146,-19.206,0,0
20260924T020143,L2-h150-A-r0,mulcher,alarm_m20,140,53.846,-2.686,9.682,10.047,-19.591,0,0
20260924T020143,L2-h150-A-r0,mulcher,alarm_xy5,139,53.462,-3.183,9.634,10.146,-19.206,0,0
20260924T020143,L2-h150-A-r0,mulcher,best,138,53.077,-3.681,9.586,10.268,-18.822,0,0
20260924T020143,L2-h150-A-r0,lk2a,alarm_m3,62,23.846,-41.023,6.224,41.492,10.409,1,0
20260924T020143,L2-h150-A-r0,lk2a,alarm_m5,62,23.846,-41.023,6.224,41.492,10.409,1,0
20260924T020143,L2-h150-A-r0,lk2a,alarm_m10,62,23.846,-41.023,6.224,41.492,10.409,1,0
20260924T020143,L2-h150-A-r0,lk2a,alarm_m20,62,23.846,-41.023,6.224,41.492,10.409,1,0
20260924T020143,L2-h150-A-r0,lk2a,alarm_xy5,18,6.923,-62.304,11.819,63.415,27.332,1,1
20260924T020143,L2-h150-A-r0,lk2a,best,17,6.538,-62.789,11.941,63.914,27.717,1,1
20260924T020143,L2-h150-A-r0,lk2b,alarm_m3,,,,,,,0,0
20260924T020143,L2-h150-A-r0,lk2b,alarm_m5,,,,,,,0,0
20260924T020143,L2-h150-A-r0,lk2b,alarm_m10,,,,,,,0,0
20260924T020143,L2-h150-A-r0,lk2b,alarm_m20,,,,,,,0,0
20260924T020143,L2-h150-A-r0,lk2b,alarm_xy5,116,44.615,-14.346,7.165,16.036,-10.36,0,0
20260924T020143,L2-h150-A-r0,lk2b,best,115,44.231,-14.818,7.013,16.394,-9.976,0,0
20260924T020143,L2-h150-A-r0,team,alarm_m3,62,23.846,-41.023,6.224,41.492,10.409,1,0
20260924T020143,L2-h150-A-r0,team,alarm_m5,62,23.846,-41.023,6.224,41.492,10.409,1,0
20260924T020143,L2-h150-A-r0,team,alarm_m10,62,23.846,-41.023,6.224,41.492,10.409,1,0
20260924T020143,L2-h150-A-r0,team,alarm_m20,62,23.846,-41.023,6.224,41.492,10.409,1,0
20260924T020143,L2-h150-A-r0,team,alarm_xy5,18,6.923,-62.304,11.819,63.415,27.332,1,1
20260924T020143,L2-h150-A-r0,team,best,17,6.538,-62.789,11.941,63.914,27.717,1,1
20260924T020143,L2-h150-A-r1,mulcher,alarm_m3,145,55.769,-3.632,9.992,10.631,-18.889,0,0
20260924T020143,L2-h150-A-r1,mulcher,alarm_m5,145,55.769,-3.632,9.992,10.631,-18.889,0,0
20260924T020143,L2-h150-A-r1,mulcher,alarm_m10,146,56.154,-3.134,10.04,10.517,-19.274,0,0
20260924T020143,L2-h150-A-r1,mulcher,alarm_m20,147,56.538,-2.636,10.088,10.426,-19.659,0,0
20260924T020143,L2-h150-A-r1,mulcher,alarm_xy5,145,55.769,-3.632,9.992,10.631,-18.889,0,0
20260924T020143,L2-h150-A-r1,mulcher,best,144,55.385,-4.129,9.944,10.767,-18.505,0,0
20260924T020143,L2-h150-A-r1,lk2a,alarm_m3,68,26.154,-41.349,6.696,41.888,10.726,1,0
20260924T020143,L2-h150-A-r1,lk2a,alarm_m5,68,26.154,-41.349,6.696,41.888,10.726,1,0
20260924T020143,L2-h150-A-r1,lk2a,alarm_m10,69,26.538,-40.859,6.599,41.388,10.341,1,0
20260924T020143,L2-h150-A-r1,lk2a,alarm_m20,71,27.308,-39.878,6.405,40.389,9.572,1,0
20260924T020143,L2-h150-A-r1,lk2a,alarm_xy5,28,10.769,-60.67,11.793,61.805,26.111,1,1
20260924T020143,L2-h150-A-r1,lk2a,best,27,10.385,-61.152,11.923,62.304,26.495,1,1
20260924T020143,L2-h150-A-r1,lk2b,alarm_m3,,,,,,,0,0
20260924T020143,L2-h150-A-r1,lk2b,alarm_m5,,,,,,,0,0
20260924T020143,L2-h150-A-r1,lk2b,alarm_m10,,,,,,,0,0
20260924T020143,L2-h150-A-r1,lk2b,alarm_m20,,,,,,,0,0
20260924T020143,L2-h150-A-r1,lk2b,alarm_xy5,123,47.308,-14.381,7.572,16.253,-10.428,0,0
20260924T020143,L2-h150-A-r1,lk2b,best,111,42.692,-20.045,5.716,20.844,-5.812,0,0
20260924T020143,L2-h150-A-r1,team,alarm_m3,68,26.154,-41.349,6.696,41.888,10.726,1,0
20260924T020143,L2-h150-A-r1,team,alarm_m5,68,26.154,-41.349,6.696,41.888,10.726,1,0
20260924T020143,L2-h150-A-r1,team,alarm_m10,69,26.538,-40.859,6.599,41.388,10.341,1,0
20260924T020143,L2-h150-A-r1,team,alarm_m20,71,27.308,-39.878,6.405,40.389,9.572,1,0
20260924T020143,L2-h150-A-r1,team,alarm_xy5,28,10.769,-60.67,11.793,61.805,26.111,1,1
20260924T020143,L2-h150-A-r1,team,best,27,10.385,-61.152,11.923,62.304,26.495,1,1
20260924T020143,L2-h150-B-r0,mulcher,alarm_m3,108,41.538,8.221,11.015,13.745,-8.892,0,0
20260924T020143,L2-h150-B-r0,mulcher,alarm_m5,108,41.538,8.221,11.015,13.745,-8.892,0,0
20260924T020143,L2-h150-B-r0,mulcher,alarm_m10,108,41.538,8.221,11.015,13.745,-8.892,0,0
20260924T020143,L2-h150-B-r0,mulcher,alarm_m20,108,41.538,8.221,11.015,13.745,-8.892,0,0
20260924T020143,L2-h150-B-r0,mulcher,alarm_xy5,80,30.769,21.681,14.789,26.245,1.878,1,0
20260924T020143,L2-h150-B-r0,mulcher,best,79,30.385,22.179,14.837,26.684,2.262,1,0
20260924T020143,L2-h150-B-r0,lk2a,alarm_m3,,,,,,,0,0
20260924T020143,L2-h150-B-r0,lk2a,alarm_m5,,,,,,,0,0
20260924T020143,L2-h150-B-r0,lk2a,alarm_m10,,,,,,,0,0
20260924T020143,L2-h150-B-r0,lk2a,alarm_m20,,,,,,,0,0
20260924T020143,L2-h150-B-r0,lk2a,alarm_xy5,107,41.154,8.707,11.13,14.131,-8.507,0,0
20260924T020143,L2-h150-B-r0,lk2a,best,106,40.769,9.194,11.245,14.525,-8.122,0,0
20260924T020143,L2-h150-B-r0,lk2b,alarm_m3,55,21.154,34.173,14.704,37.202,11.493,1,0
20260924T020143,L2-h150-B-r0,lk2b,alarm_m5,55,21.154,34.173,14.704,37.202,11.493,1,0
20260924T020143,L2-h150-B-r0,lk2b,alarm_m10,55,21.154,34.173,14.704,37.202,11.493,1,0
20260924T020143,L2-h150-B-r0,lk2b,alarm_m20,59,22.692,32.179,14.888,35.456,9.955,1,0
20260924T020143,L2-h150-B-r0,lk2b,alarm_xy5,8,3.077,57.066,9.49,57.85,29.57,1,1
20260924T020143,L2-h150-B-r0,lk2b,best,5,1.923,58.51,9.084,59.211,30.724,1,1
20260924T020143,L2-h150-B-r0,team,alarm_m3,55,21.154,34.173,14.704,37.202,11.493,1,0
20260924T020143,L2-h150-B-r0,team,alarm_m5,55,21.154,34.173,14.704,37.202,11.493,1,0
20260924T020143,L2-h150-B-r0,team,alarm_m10,55,21.154,34.173,14.704,37.202,11.493,1,0
20260924T020143,L2-h150-B-r0,team,alarm_m20,59,22.692,32.179,14.888,35.456,9.955,1,0
20260924T020143,L2-h150-B-r0,team,alarm_xy5,8,3.077,57.066,9.49,57.85,29.57,1,1
20260924T020143,L2-h150-B-r0,team,best,5,1.923,58.51,9.084,59.211,30.724,1,1
20260924T020143,L2-h150-B-r1,mulcher,alarm_m3,114,43.846,7.968,11.265,13.798,-9.037,0,0
20260924T020143,L2-h150-B-r1,mulcher,alarm_m5,114,43.846,7.968,11.265,13.798,-9.037,0,0
20260924T020143,L2-h150-B-r1,mulcher,alarm_m10,114,43.846,7.968,11.265,13.798,-9.037,0,0
20260924T020143,L2-h150-B-r1,mulcher,alarm_m20,114,43.846,7.968,11.265,13.798,-9.037,0,0
20260924T020143,L2-h150-B-r1,mulcher,alarm_xy5,85,32.692,21.962,15.118,26.663,2.117,1,0
20260924T020143,L2-h150-B-r1,mulcher,best,64,24.615,32.509,15.168,35.873,10.194,1,0
20260924T020143,L2-h150-B-r1,lk2a,alarm_m3,,,,,,,0,0
20260924T020143,L2-h150-B-r1,lk2a,alarm_m5,,,,,,,0,0
20260924T020143,L2-h150-B-r1,lk2a,alarm_m10,,,,,,,0,0
20260924T020143,L2-h150-B-r1,lk2a,alarm_m20,,,,,,,0,0
20260924T020143,L2-h150-B-r1,lk2a,alarm_xy5,117,45.0,6.514,10.992,12.777,-10.191,0,0
20260924T020143,L2-h150-B-r1,lk2a,best,116,44.615,7.006,11.08,13.109,-9.806,0,0
20260924T020143,L2-h150-B-r1,lk2b,alarm_m3,61,23.462,34.016,15.023,37.186,11.348,1,0
20260924T020143,L2-h150-B-r1,lk2b,alarm_m5,61,23.462,34.016,15.023,37.186,11.348,1,0
20260924T020143,L2-h150-B-r1,lk2b,alarm_m10,61,23.462,34.016,15.023,37.186,11.348,1,0
20260924T020143,L2-h150-B-r1,lk2b,alarm_m20,65,25.0,32.01,15.2,35.436,9.809,1,0
20260924T020143,L2-h150-B-r1,lk2b,alarm_xy5,17,6.538,55.524,10.241,56.46,28.271,1,1
20260924T020143,L2-h150-B-r1,lk2b,best,11,4.231,58.408,9.424,59.163,30.578,1,1
20260924T020143,L2-h150-B-r1,team,alarm_m3,61,23.462,34.016,15.023,37.186,11.348,1,0
20260924T020143,L2-h150-B-r1,team,alarm_m5,61,23.462,34.016,15.023,37.186,11.348,1,0
20260924T020143,L2-h150-B-r1,team,alarm_m10,61,23.462,34.016,15.023,37.186,11.348,1,0
20260924T020143,L2-h150-B-r1,team,alarm_m20,65,25.0,32.01,15.2,35.436,9.809,1,0
20260924T020143,L2-h150-B-r1,team,alarm_xy5,17,6.538,55.524,10.241,56.46,28.271,1,1
20260924T020143,L2-h150-B-r1,team,best,11,4.231,58.408,9.424,59.163,30.578,1,1
20260924T020143,L2-h180-A-r0,mulcher,alarm_m3,131,50.385,-9.802,8.476,12.959,-14.004,0,0
20260924T020143,L2-h180-A-r0,mulcher,alarm_m5,131,50.385,-9.802,8.476,12.959,-14.004,0,0
20260924T020143,L2-h180-A-r0,mulcher,alarm_m10,131,50.385,-9.802,8.476,12.959,-14.004,0,0
20260924T020143,L2-h180-A-r0,mulcher,alarm_m20,132,50.769,-9.326,8.591,12.68,-14.389,0,0
20260924T020143,L2-h180-A-r0,mulcher,alarm_xy5,130,50.0,-10.285,8.345,13.244,-13.62,0,0
20260924T020143,L2-h180-A-r0,mulcher,best,129,49.615,-10.767,8.213,13.542,-13.235,0,0
20260924T020143,L2-h180-A-r0,lk2a,alarm_m3,67,25.769,-41.283,6.264,41.755,10.611,1,0
20260924T020143,L2-h180-A-r0,lk2a,alarm_m5,67,25.769,-41.283,6.264,41.755,10.611,1,0
20260924T020143,L2-h180-A-r0,lk2a,alarm_m10,67,25.769,-41.283,6.264,41.755,10.611,1,0
20260924T020143,L2-h180-A-r0,lk2a,alarm_m20,68,26.154,-40.792,6.167,41.256,10.227,1,0
20260924T020143,L2-h180-A-r0,lk2a,alarm_xy5,24,9.231,-62.081,11.747,63.182,27.15,1,1
20260924T020143,L2-h180-A-r0,lk2a,best,23,8.846,-62.562,11.872,63.678,27.534,1,1
20260924T020143,L2-h180-A-r0,lk2b,alarm_m3,,,,,,,0,0
20260924T020143,L2-h180-A-r0,lk2b,alarm_m5,,,,,,,0,0
20260924T020143,L2-h180-A-r0,lk2b,alarm_m10,,,,,,,0,0
20260924T020143,L2-h180-A-r0,lk2b,alarm_m20,,,,,,,0,0
20260924T020143,L2-h180-A-r0,lk2b,alarm_xy5,123,47.308,-13.639,7.373,15.504,-10.927,0,0
20260924T020143,L2-h180-A-r0,lk2b,best,120,46.154,-15.063,6.918,16.576,-9.773,0,0
20260924T020143,L2-h180-A-r0,team,alarm_m3,67,25.769,-41.283,6.264,41.755,10.611,1,0
20260924T020143,L2-h180-A-r0,team,alarm_m5,67,25.769,-41.283,6.264,41.755,10.611,1,0
20260924T020143,L2-h180-A-r0,team,alarm_m10,67,25.769,-41.283,6.264,41.755,10.611,1,0
20260924T020143,L2-h180-A-r0,team,alarm_m20,68,26.154,-40.792,6.167,41.256,10.227,1,0
20260924T020143,L2-h180-A-r0,team,alarm_xy5,24,9.231,-62.081,11.747,63.182,27.15,1,1
20260924T020143,L2-h180-A-r0,team,best,23,8.846,-62.562,11.872,63.678,27.534,1,1
20260924T020143,L2-h180-A-r1,mulcher,alarm_m3,136,52.308,-9.765,8.31,12.822,-13.999,0,0
20260924T020143,L2-h180-A-r1,mulcher,alarm_m5,136,52.308,-9.765,8.31,12.822,-13.999,0,0
20260924T020143,L2-h180-A-r1,mulcher,alarm_m10,136,52.308,-9.765,8.31,12.822,-13.999,0,0
20260924T020143,L2-h180-A-r1,mulcher,alarm_m20,145,55.769,-5.394,9.188,10.654,-17.46,0,0
20260924T020143,L2-h180-A-r1,mulcher,alarm_xy5,136,52.308,-9.765,8.31,12.822,-13.999,0,0
20260924T020143,L2-h180-A-r1,mulcher,best,135,51.923,-10.247,8.179,13.111,-13.614,0,0
20260924T020143,L2-h180-A-r1,lk2a,alarm_m3,72,27.692,-41.323,6.099,41.77,10.617,1,0
20260924T020143,L2-h180-A-r1,lk2a,alarm_m5,72,27.692,-41.323,6.099,41.77,10.617,1,0
20260924T020143,L2-h180-A-r1,lk2a,alarm_m10,72,27.692,-41.323,6.099,41.77,10.617,1,0
20260924T020143,L2-h180-A-r1,lk2a,alarm_m20,72,27.692,-41.323,6.099,41.77,10.617,1,0
20260924T020143,L2-h180-A-r1,lk2a,alarm_xy5,32,12.308,-60.684,11.195,61.708,26.001,1,1
20260924T020143,L2-h180-A-r1,lk2a,best,31,11.923,-61.166,11.325,62.206,26.386,1,1
20260924T020143,L2-h180-A-r1,lk2b,alarm_m3,,,,,,,0,0
20260924T020143,L2-h180-A-r1,lk2b,alarm_m5,,,,,,,0,0
20260924T020143,L2-h180-A-r1,lk2b,alarm_m10,,,,,,,0,0
20260924T020143,L2-h180-A-r1,lk2b,alarm_m20,,,,,,,0,0
20260924T020143,L2-h180-A-r1,lk2b,alarm_xy5,127,48.846,-14.073,7.06,15.744,-10.537,0,0
20260924T020143,L2-h180-A-r1,lk2b,best,124,47.692,-15.49,6.596,16.836,-9.383,0,0
20260924T020143,L2-h180-A-r1,team,alarm_m3,72,27.692,-41.323,6.099,41.77,10.617,1,0
20260924T020143,L2-h180-A-r1,team,alarm_m5,72,27.692,-41.323,6.099,41.77,10.617,1,0
20260924T020143,L2-h180-A-r1,team,alarm_m10,72,27.692,-41.323,6.099,41.77,10.617,1,0
20260924T020143,L2-h180-A-r1,team,alarm_m20,72,27.692,-41.323,6.099,41.77,10.617,1,0
20260924T020143,L2-h180-A-r1,team,alarm_xy5,32,12.308,-60.684,11.195,61.708,26.001,1,1
20260924T020143,L2-h180-A-r1,team,best,31,11.923,-61.166,11.325,62.206,26.386,1,1
20260924T020143,L2-h180-B-r0,mulcher,alarm_m3,111,42.692,8.413,11.248,14.046,-8.707,0,0
20260924T020143,L2-h180-B-r0,mulcher,alarm_m5,111,42.692,8.413,11.248,14.046,-8.707,0,0
20260924T020143,L2-h180-B-r0,mulcher,alarm_m10,111,42.692,8.413,11.248,14.046,-8.707,0,0
20260924T020143,L2-h180-B-r0,mulcher,alarm_m20,111,42.692,8.413,11.248,14.046,-8.707,0,0
20260924T020143,L2-h180-B-r0,mulcher,alarm_xy5,84,32.308,21.405,14.947,26.107,1.678,1,0
20260924T020143,L2-h180-B-r0,mulcher,best,83,31.923,21.903,14.994,26.543,2.062,1,0
20260924T020143,L2-h180-B-r0,lk2a,alarm_m3,,,,,,,0,0
20260924T020143,L2-h180-B-r0,lk2a,alarm_m5,,,,,,,0,0
20260924T020143,L2-h180-B-r0,lk2a,alarm_m10,,,,,,,0,0
20260924T020143,L2-h180-B-r0,lk2a,alarm_m20,,,,,,,0,0
20260924T020143,L2-h180-B-r0,lk2a,alarm_xy5,111,42.692,8.413,11.248,14.046,-8.707,0,0
20260924T020143,L2-h180-B-r0,lk2a,best,110,42.308,8.899,11.363,14.433,-8.322,0,0
20260924T020143,L2-h180-B-r0,lk2b,alarm_m3,59,22.692,33.934,14.913,37.066,11.293,1,0
20260924T020143,L2-h180-B-r0,lk2b,alarm_m5,59,22.692,33.934,14.913,37.066,11.293,1,0
20260924T020143,L2-h180-B-r0,lk2b,alarm_m10,59,22.692,33.934,14.913,37.066,11.293,1,0
20260924T020143,L2-h180-B-r0,lk2b,alarm_m20,62,23.846,32.43,15.054,35.754,10.139,1,0
20260924T020143,L2-h180-B-r0,lk2b,alarm_xy5,16,6.154,54.943,10.284,55.897,27.832,1,1
20260924T020143,L2-h180-B-r0,lk2b,best,10,3.846,57.828,9.463,58.597,30.139,1,1
20260924T020143,L2-h180-B-r0,team,alarm_m3,59,22.692,33.934,14.913,37.066,11.293,1,0
20260924T020143,L2-h180-B-r0,team,alarm_m5,59,22.692,33.934,14.913,37.066,11.293,1,0
20260924T020143,L2-h180-B-r0,team,alarm_m10,59,22.692,33.934,14.913,37.066,11.293,1,0
20260924T020143,L2-h180-B-r0,team,alarm_m20,62,23.846,32.43,15.054,35.754,10.139,1,0
20260924T020143,L2-h180-B-r0,team,alarm_xy5,16,6.154,54.943,10.284,55.897,27.832,1,1
20260924T020143,L2-h180-B-r0,team,best,10,3.846,57.828,9.463,58.597,30.139,1,1
20260924T020143,L2-h180-B-r1,mulcher,alarm_m3,106,40.769,8.317,10.95,13.751,-8.831,0,0
20260924T020143,L2-h180-B-r1,mulcher,alarm_m5,106,40.769,8.317,10.95,13.751,-8.831,0,0
20260924T020143,L2-h180-B-r1,mulcher,alarm_m10,106,40.769,8.317,10.95,13.751,-8.831,0,0
20260924T020143,L2-h180-B-r1,mulcher,alarm_m20,106,40.769,8.317,10.95,13.751,-8.831,0,0
20260924T020143,L2-h180-B-r1,mulcher,alarm_xy5,81,31.154,20.279,14.56,24.964,0.784,1,0
20260924T020143,L2-h180-B-r1,mulcher,best,76,29.231,22.763,14.806,27.155,2.708,1,0
20260924T020143,L2-h180-B-r1,lk2a,alarm_m3,,,,,,,0,0
20260924T020143,L2-h180-B-r1,lk2a,alarm_m5,,,,,,,0,0
20260924T020143,L2-h180-B-r1,lk2a,alarm_m10,,,,,,,0,0
20260924T020143,L2-h180-B-r1,lk2a,alarm_m20,,,,,,,0,0
20260924T020143,L2-h180-B-r1,lk2a,alarm_xy5,109,41.923,6.846,10.659,12.668,-9.985,0,0
20260924T020143,L2-h180-B-r1,lk2a,best,108,41.538,7.338,10.747,13.013,-9.6,0,0
20260924T020143,L2-h180-B-r1,lk2b,alarm_m3,53,20.385,34.242,14.611,37.229,11.554,1,0
20260924T020143,L2-h180-B-r1,lk2b,alarm_m5,53,20.385,34.242,14.611,37.229,11.554,1,0
20260924T020143,L2-h180-B-r1,lk2b,alarm_m10,54,20.769,33.745,14.663,36.793,11.169,1,0
20260924T020143,L2-h180-B-r1,lk2b,alarm_m20,54,20.769,33.745,14.663,36.793,11.169,1,0
20260924T020143,L2-h180-B-r1,lk2b,alarm_xy5,6,2.308,57.119,9.386,57.885,29.631,1,1
20260924T020143,L2-h180-B-r1,lk2b,best,2,0.769,59.045,8.846,59.704,31.169,1,1
20260924T020143,L2-h180-B-r1,team,alarm_m3,53,20.385,34.242,14.611,37.229,11.554,1,0
20260924T020143,L2-h180-B-r1,team,alarm_m5,53,20.385,34.242,14.611,37.229,11.554,1,0
20260924T020143,L2-h180-B-r1,team,alarm_m10,54,20.769,33.745,14.663,36.793,11.169,1,0
20260924T020143,L2-h180-B-r1,team,alarm_m20,54,20.769,33.745,14.663,36.793,11.169,1,0
20260924T020143,L2-h180-B-r1,team,alarm_xy5,6,2.308,57.119,9.386,57.885,29.631,1,1
20260924T020143,L2-h180-B-r1,team,best,2,0.769,59.045,8.846,59.704,31.169,1,1
20260924T020143,L2-h210-A-r0,mulcher,alarm_m3,115,44.231,-10.961,8.554,13.904,-13.16,0,0
20260924T020143,L2-h210-A-r0,mulcher,alarm_m5,115,44.231,-10.961,8.554,13.904,-13.16,0,0
20260924T020143,L2-h210-A-r0,mulcher,alarm_m10,115,44.231,-10.961,8.554,13.904,-13.16,0,0
20260924T020143,L2-h210-A-r0,mulcher,alarm_m20,116,44.615,-10.479,8.686,13.611,-13.545,0,0
20260924T020143,L2-h210-A-r0,mulcher,alarm_xy5,60,23.077,-37.866,6.031,38.344,7.994,1,0
20260924T020143,L2-h210-A-r0,mulcher,best,59,22.692,-38.36,6.113,38.844,8.379,1,0
20260924T020143,L2-h210-A-r0,lk2a,alarm_m3,53,20.385,-41.304,6.656,41.837,10.686,1,0
20260924T020143,L2-h210-A-r0,lk2a,alarm_m5,53,20.385,-41.304,6.656,41.837,10.686,1,0
20260924T020143,L2-h210-A-r0,lk2a,alarm_m10,53,20.385,-41.304,6.656,41.837,10.686,1,0
20260924T020143,L2-h210-A-r0,lk2a,alarm_m20,55,21.154,-40.324,6.461,40.838,9.917,1,0
20260924T020143,L2-h210-A-r0,lk2a,alarm_xy5,10,3.846,-62.076,12.14,63.252,27.225,1,1
20260924T020143,L2-h210-A-r0,lk2a,best,9,3.462,-62.563,12.264,63.754,27.609,1,1
20260924T020143,L2-h210-A-r0,lk2b,alarm_m3,,,,,,,0,0
20260924T020143,L2-h210-A-r0,lk2b,alarm_m5,,,,,,,0,0
20260924T020143,L2-h210-A-r0,lk2b,alarm_m10,,,,,,,0,0
20260924T020143,L2-h210-A-r0,lk2b,alarm_m20,,,,,,,0,0
20260924T020143,L2-h210-A-r0,lk2b,alarm_xy5,95,36.538,-20.485,5.625,21.243,-5.468,0,0
20260924T020143,L2-h210-A-r0,lk2b,best,94,36.154,-20.98,5.559,21.704,-5.083,0,0
20260924T020143,L2-h210-A-r0,team,alarm_m3,53,20.385,-41.304,6.656,41.837,10.686,1,0
20260924T020143,L2-h210-A-r0,team,alarm_m5,53,20.385,-41.304,6.656,41.837,10.686,1,0
20260924T020143,L2-h210-A-r0,team,alarm_m10,53,20.385,-41.304,6.656,41.837,10.686,1,0
20260924T020143,L2-h210-A-r0,team,alarm_m20,55,21.154,-40.324,6.461,40.838,9.917,1,0
20260924T020143,L2-h210-A-r0,team,alarm_xy5,10,3.846,-62.076,12.14,63.252,27.225,1,1
20260924T020143,L2-h210-A-r0,team,best,9,3.462,-62.563,12.264,63.754,27.609,1,1
20260924T020143,L2-h210-A-r1,mulcher,alarm_m3,129,49.615,-11.181,8.396,13.982,-12.965,0,0
20260924T020143,L2-h210-A-r1,mulcher,alarm_m5,129,49.615,-11.181,8.396,13.982,-12.965,0,0
20260924T020143,L2-h210-A-r1,mulcher,alarm_m10,129,49.615,-11.181,8.396,13.982,-12.965,0,0
20260924T020143,L2-h210-A-r1,mulcher,alarm_m20,131,50.385,-10.216,8.659,13.392,-13.734,0,0
20260924T020143,L2-h210-A-r1,mulcher,alarm_xy5,95,36.538,-27.694,5.082,28.156,0.112,1,0
20260924T020143,L2-h210-A-r1,mulcher,best,88,33.846,-31.188,5.196,31.618,2.804,1,0
20260924T020143,L2-h210-A-r1,lk2a,alarm_m3,68,26.154,-41.081,6.514,41.595,10.497,1,0
20260924T020143,L2-h210-A-r1,lk2a,alarm_m5,68,26.154,-41.081,6.514,41.595,10.497,1,0
20260924T020143,L2-h210-A-r1,lk2a,alarm_m10,68,26.154,-41.081,6.514,41.595,10.497,1,0
20260924T020143,L2-h210-A-r1,lk2a,alarm_m20,71,27.308,-39.612,6.225,40.098,9.343,1,0
20260924T020143,L2-h210-A-r1,lk2a,alarm_xy5,27,10.385,-60.897,11.724,62.016,26.266,1,1
20260924T020143,L2-h210-A-r1,lk2a,best,26,10.0,-61.38,11.854,62.514,26.651,1,1
20260924T020143,L2-h210-A-r1,lk2b,alarm_m3,,,,,,,0,0
20260924T020143,L2-h210-A-r1,lk2b,alarm_m5,,,,,,,0,0
20260924T020143,L2-h210-A-r1,lk2b,alarm_m10,,,,,,,0,0
20260924T020143,L2-h210-A-r1,lk2b,alarm_m20,,,,,,,0,0
20260924T020143,L2-h210-A-r1,lk2b,alarm_xy5,124,47.692,-13.581,7.689,15.607,-11.042,0,0
20260924T020143,L2-h210-A-r1,lk2b,best,121,46.538,-15.013,7.236,16.666,-9.888,0,0
20260924T020143,L2-h210-A-r1,team,alarm_m3,68,26.154,-41.081,6.514,41.595,10.497,1,0
20260924T020143,L2-h210-A-r1,team,alarm_m5,68,26.154,-41.081,6.514,41.595,10.497,1,0
20260924T020143,L2-h210-A-r1,team,alarm_m10,68,26.154,-41.081,6.514,41.595,10.497,1,0
20260924T020143,L2-h210-A-r1,team,alarm_m20,71,27.308,-39.612,6.225,40.098,9.343,1,0
20260924T020143,L2-h210-A-r1,team,alarm_xy5,27,10.385,-60.897,11.724,62.016,26.266,1,1
20260924T020143,L2-h210-A-r1,team,best,26,10.0,-61.38,11.854,62.514,26.651,1,1
20260924T020143,L2-h210-B-r0,mulcher,alarm_m3,120,46.154,8.586,10.834,13.823,-8.65,0,0
20260924T020143,L2-h210-B-r0,mulcher,alarm_m5,120,46.154,8.586,10.834,13.823,-8.65,0,0
20260924T020143,L2-h210-B-r0,mulcher,alarm_m10,120,46.154,8.586,10.834,13.823,-8.65,0,0
20260924T020143,L2-h210-B-r0,mulcher,alarm_m20,132,50.769,2.627,9.918,10.26,-13.266,0,0
20260924T020143,L2-h210-B-r0,mulcher,alarm_xy5,96,36.923,20.079,14.313,24.658,0.581,1,0
20260924T020143,L2-h210-B-r0,mulcher,best,89,34.231,23.506,14.674,27.71,3.273,1,0
20260924T020143,L2-h210-B-r0,lk2a,alarm_m3,,,,,,,0,0
20260924T020143,L2-h210-B-r0,lk2a,alarm_m5,,,,,,,0,0
20260924T020143,L2-h210-B-r0,lk2a,alarm_m10,,,,,,,0,0
20260924T020143,L2-h210-B-r0,lk2a,alarm_m20,,,,,,,0,0
20260924T020143,L2-h210-B-r0,lk2a,alarm_xy5,124,47.692,6.615,10.44,12.359,-10.189,0,0
20260924T020143,L2-h210-B-r0,lk2a,best,123,47.308,7.108,10.528,12.703,-9.804,0,0
20260924T020143,L2-h210-B-r0,lk2b,alarm_m3,68,26.154,33.961,14.465,36.913,11.35,1,0
20260924T020143,L2-h210-B-r0,lk2b,alarm_m5,68,26.154,33.961,14.465,36.913,11.35,1,0
20260924T020143,L2-h210-B-r0,lk2b,alarm_m10,68,26.154,33.961,14.465,36.913,11.35,1,0
20260924T020143,L2-h210-B-r0,lk2b,alarm_m20,70,26.923,32.966,14.569,36.042,10.581,1,0
20260924T020143,L2-h210-B-r0,lk2b,alarm_xy5,18,6.923,58.261,8.882,58.934,30.581,1,1
20260924T020143,L2-h210-B-r0,lk2b,best,17,6.538,58.742,8.748,59.39,30.965,1,1
20260924T020143,L2-h210-B-r0,team,alarm_m3,68,26.154,33.961,14.465,36.913,11.35,1,0
20260924T020143,L2-h210-B-r0,team,alarm_m5,68,26.154,33.961,14.465,36.913,11.35,1,0
20260924T020143,L2-h210-B-r0,team,alarm_m10,68,26.154,33.961,14.465,36.913,11.35,1,0
20260924T020143,L2-h210-B-r0,team,alarm_m20,70,26.923,32.966,14.569,36.042,10.581,1,0
20260924T020143,L2-h210-B-r0,team,alarm_xy5,18,6.923,58.261,8.882,58.934,30.581,1,1
20260924T020143,L2-h210-B-r0,team,best,17,6.538,58.742,8.748,59.39,30.965,1,1
20260924T020143,L2-h210-B-r1,mulcher,alarm_m3,117,45.0,8.228,11.037,13.767,-8.882,0,0
20260924T020143,L2-h210-B-r1,mulcher,alarm_m5,117,45.0,8.228,11.037,13.767,-8.882,0,0
20260924T020143,L2-h210-B-r1,mulcher,alarm_m10,117,45.0,8.228,11.037,13.767,-8.882,0,0
20260924T020143,L2-h210-B-r1,mulcher,alarm_m20,128,49.231,2.813,10.207,10.587,-13.113,0,0
20260924T020143,L2-h210-B-r1,mulcher,alarm_xy5,93,35.769,19.706,14.489,24.46,0.348,1,0
20260924T020143,L2-h210-B-r1,mulcher,best,88,33.846,22.189,14.858,26.704,2.272,1,0
20260924T020143,L2-h210-B-r1,lk2a,alarm_m3,,,,,,,0,0
20260924T020143,L2-h210-B-r1,lk2a,alarm_m5,,,,,,,0,0
20260924T020143,L2-h210-B-r1,lk2a,alarm_m10,,,,,,,0,0
20260924T020143,L2-h210-B-r1,lk2a,alarm_m20,,,,,,,0,0
20260924T020143,L2-h210-B-r1,lk2a,alarm_xy5,116,44.615,8.714,11.152,14.153,-8.498,0,0
20260924T020143,L2-h210-B-r1,lk2a,best,115,44.231,9.201,11.267,14.547,-8.113,0,0
20260924T020143,L2-h210-B-r1,lk2b,alarm_m3,64,24.615,34.187,14.723,37.222,11.502,1,0
20260924T020143,L2-h210-B-r1,lk2b,alarm_m5,64,24.615,34.187,14.723,37.222,11.502,1,0
20260924T020143,L2-h210-B-r1,lk2b,alarm_m10,64,24.615,34.187,14.723,37.222,11.502,1,0
20260924T020143,L2-h210-B-r1,lk2b,alarm_m20,65,25.0,33.69,14.775,36.787,11.118,1,0
20260924T020143,L2-h210-B-r1,lk2b,alarm_xy5,17,6.538,57.083,9.505,57.869,29.579,1,1
20260924T020143,L2-h210-B-r1,lk2b,best,13,5.0,59.008,8.966,59.686,31.118,1,1
20260924T020143,L2-h210-B-r1,team,alarm_m3,64,24.615,34.187,14.723,37.222,11.502,1,0
20260924T020143,L2-h210-B-r1,team,alarm_m5,64,24.615,34.187,14.723,37.222,11.502,1,0
20260924T020143,L2-h210-B-r1,team,alarm_m10,64,24.615,34.187,14.723,37.222,11.502,1,0
20260924T020143,L2-h210-B-r1,team,alarm_m20,65,25.0,33.69,14.775,36.787,11.118,1,0
20260924T020143,L2-h210-B-r1,team,alarm_xy5,17,6.538,57.083,9.505,57.869,29.579,1,1
20260924T020143,L2-h210-B-r1,team,best,13,5.0,59.008,8.966,59.686,31.118,1,1
20260924T020143,L2-h240-A-r0,mulcher,alarm_m3,125,48.077,-11.298,8.243,13.986,-12.847,0,0
20260924T020143,L2-h240-A-r0,mulcher,alarm_m5,125,48.077,-11.298,8.243,13.986,-12.847,0,0
20260924T020143,L2-h240-A-r0,mulcher,alarm_m10,125,48.077,-11.298,8.243,13.986,-12.847,0,0
20260924T020143,L2-h240-A-r0,mulcher,alarm_m20,127,48.846,-10.333,8.506,13.384,-13.616,0,0
20260924T020143,L2-h240-A-r0,mulcher,alarm_xy5,89,34.231,-28.848,4.983,29.276,0.999,1,0
20260924T020143,L2-h240-A-r0,mulcher,best,82,31.538,-32.347,5.149,32.754,3.692,1,0
20260924T020143,L2-h240-A-r0,lk2a,alarm_m3,64,24.615,-41.254,6.43,41.752,10.615,1,0
20260924T020143,L2-h240-A-r0,lk2a,alarm_m5,64,24.615,-41.254,6.43,41.752,10.615,1,0
20260924T020143,L2-h240-A-r0,lk2a,alarm_m10,64,24.615,-41.254,6.43,41.752,10.615,1,0
20260924T020143,L2-h240-A-r0,lk2a,alarm_m20,67,25.769,-39.783,6.138,40.254,9.461,1,0
20260924T020143,L2-h240-A-r0,lk2a,alarm_xy5,20,7.692,-62.525,12.036,63.673,27.538,1,1
20260924T020143,L2-h240-A-r0,lk2a,best,19,7.308,-63.01,12.158,64.172,27.922,1,1
20260924T020143,L2-h240-A-r0,lk2b,alarm_m3,,,,,,,0,0
20260924T020143,L2-h240-A-r0,lk2b,alarm_m5,,,,,,,0,0
20260924T020143,L2-h240-A-r0,lk2b,alarm_m10,,,,,,,0,0
20260924T020143,L2-h240-A-r0,lk2b,alarm_m20,,,,,,,0,0
20260924T020143,L2-h240-A-r0,lk2b,alarm_xy5,120,46.154,-13.693,7.532,15.628,-10.924,0,0
20260924T020143,L2-h240-A-r0,lk2b,best,99,38.077,-23.848,5.076,24.382,-2.847,0,0
20260924T020143,L2-h240-A-r0,team,alarm_m3,64,24.615,-41.254,6.43,41.752,10.615,1,0
20260924T020143,L2-h240-A-r0,team,alarm_m5,64,24.615,-41.254,6.43,41.752,10.615,1,0
20260924T020143,L2-h240-A-r0,team,alarm_m10,64,24.615,-41.254,6.43,41.752,10.615,1,0
20260924T020143,L2-h240-A-r0,team,alarm_m20,67,25.769,-39.783,6.138,40.254,9.461,1,0
20260924T020143,L2-h240-A-r0,team,alarm_xy5,20,7.692,-62.525,12.036,63.673,27.538,1,1
20260924T020143,L2-h240-A-r0,team,best,19,7.308,-63.01,12.158,64.172,27.922,1,1
20260924T020143,L2-h240-A-r1,mulcher,alarm_m3,132,50.769,-10.559,8.951,13.842,-13.539,0,0
20260924T020143,L2-h240-A-r1,mulcher,alarm_m5,132,50.769,-10.559,8.951,13.842,-13.539,0,0
20260924T020143,L2-h240-A-r1,mulcher,alarm_m10,132,50.769,-10.559,8.951,13.842,-13.539,0,0
20260924T020143,L2-h240-A-r1,mulcher,alarm_m20,136,52.308,-8.595,9.426,12.756,-15.077,0,0
20260924T020143,L2-h240-A-r1,mulcher,alarm_xy5,98,37.692,-26.96,5.451,27.506,-0.462,0,0
20260924T020143,L2-h240-A-r1,mulcher,best,92,35.385,-29.923,5.498,30.424,1.846,1,0
20260924T020143,L2-h240-A-r1,lk2a,alarm_m3,69,26.538,-41.258,6.928,41.836,10.692,1,0
20260924T020143,L2-h240-A-r1,lk2a,alarm_m5,69,26.538,-41.258,6.928,41.836,10.692,1,0
20260924T020143,L2-h240-A-r1,lk2a,alarm_m10,70,26.923,-40.768,6.831,41.336,10.307,1,0
20260924T020143,L2-h240-A-r1,lk2a,alarm_m20,70,26.923,-40.768,6.831,41.336,10.307,1,0
20260924T020143,L2-h240-A-r1,lk2a,alarm_xy5,26,10.0,-62.012,12.409,63.241,27.231,1,1
20260924T020143,L2-h240-A-r1,lk2a,best,25,9.615,-62.503,12.534,63.747,27.615,1,1
20260924T020143,L2-h240-A-r1,lk2b,alarm_m3,,,,,,,0,0
20260924T020143,L2-h240-A-r1,lk2b,alarm_m5,,,,,,,0,0
20260924T020143,L2-h240-A-r1,lk2b,alarm_m10,,,,,,,0,0
20260924T020143,L2-h240-A-r1,lk2b,alarm_m20,,,,,,,0,0
20260924T020143,L2-h240-A-r1,lk2b,alarm_xy5,126,48.462,-13.457,8.117,15.715,-11.231,0,0
20260924T020143,L2-h240-A-r1,lk2b,best,123,47.308,-14.898,7.667,16.755,-10.077,0,0
20260924T020143,L2-h240-A-r1,team,alarm_m3,69,26.538,-41.258,6.928,41.836,10.692,1,0
20260924T020143,L2-h240-A-r1,team,alarm_m5,69,26.538,-41.258,6.928,41.836,10.692,1,0
20260924T020143,L2-h240-A-r1,team,alarm_m10,70,26.923,-40.768,6.831,41.336,10.307,1,0
20260924T020143,L2-h240-A-r1,team,alarm_m20,70,26.923,-40.768,6.831,41.336,10.307,1,0
20260924T020143,L2-h240-A-r1,team,alarm_xy5,26,10.0,-62.012,12.409,63.241,27.231,1,1
20260924T020143,L2-h240-A-r1,team,best,25,9.615,-62.503,12.534,63.747,27.615,1,1
20260924T020143,L2-h240-B-r0,mulcher,alarm_m3,112,43.077,8.492,11.172,14.033,-8.661,0,0
20260924T020143,L2-h240-B-r0,mulcher,alarm_m5,112,43.077,8.492,11.172,14.033,-8.661,0,0
20260924T020143,L2-h240-B-r0,mulcher,alarm_m10,112,43.077,8.492,11.172,14.033,-8.661,0,0
20260924T020143,L2-h240-B-r0,mulcher,alarm_m20,113,43.462,8.005,11.057,13.651,-9.045,0,0
20260924T020143,L2-h240-B-r0,mulcher,alarm_xy5,85,32.692,21.473,14.86,26.114,1.724,1,0
20260924T020143,L2-h240-B-r0,mulcher,best,84,32.308,21.971,14.907,26.551,2.108,1,0
20260924T020143,L2-h240-B-r0,lk2a,alarm_m3,,,,,,,0,0
20260924T020143,L2-h240-B-r0,lk2a,alarm_m5,,,,,,,0,0
20260924T020143,L2-h240-B-r0,lk2a,alarm_m10,,,,,,,0,0
20260924T020143,L2-h240-B-r0,lk2a,alarm_m20,,,,,,,0,0
20260924T020143,L2-h240-B-r0,lk2a,alarm_xy5,113,43.462,8.005,11.057,13.651,-9.045,0,0
20260924T020143,L2-h240-B-r0,lk2a,best,112,43.077,8.492,11.172,14.033,-8.661,0,0
20260924T020143,L2-h240-B-r0,lk2b,alarm_m3,60,23.077,33.983,14.814,37.072,11.339,1,0
20260924T020143,L2-h240-B-r0,lk2b,alarm_m5,60,23.077,33.983,14.814,37.072,11.339,1,0
20260924T020143,L2-h240-B-r0,lk2b,alarm_m10,60,23.077,33.983,14.814,37.072,11.339,1,0
20260924T020143,L2-h240-B-r0,lk2b,alarm_m20,63,24.231,32.484,14.958,35.762,10.185,1,0
20260924T020143,L2-h240-B-r0,lk2b,alarm_xy5,13,5.0,56.898,9.631,57.708,29.416,1,1
20260924T020143,L2-h240-B-r0,lk2b,best,10,3.846,58.341,9.224,59.066,30.57,1,1
20260924T020143,L2-h240-B-r0,team,alarm_m3,60,23.077,33.983,14.814,37.072,11.339,1,0
20260924T020143,L2-h240-B-r0,team,alarm_m5,60,23.077,33.983,14.814,37.072,11.339,1,0
20260924T020143,L2-h240-B-r0,team,alarm_m10,60,23.077,33.983,14.814,37.072,11.339,1,0
20260924T020143,L2-h240-B-r0,team,alarm_m20,63,24.231,32.484,14.958,35.762,10.185,1,0
20260924T020143,L2-h240-B-r0,team,alarm_xy5,13,5.0,56.898,9.631,57.708,29.416,1,1
20260924T020143,L2-h240-B-r0,team,best,10,3.846,58.341,9.224,59.066,30.57,1,1
20260924T020143,L2-h240-B-r1,mulcher,alarm_m3,104,40.0,8.353,11.177,13.953,-8.764,0,0
20260924T020143,L2-h240-B-r1,mulcher,alarm_m5,104,40.0,8.353,11.177,13.953,-8.764,0,0
20260924T020143,L2-h240-B-r1,mulcher,alarm_m10,104,40.0,8.353,11.177,13.953,-8.764,0,0
20260924T020143,L2-h240-B-r1,mulcher,alarm_m20,104,40.0,8.353,11.177,13.953,-8.764,0,0
20260924T020143,L2-h240-B-r1,mulcher,alarm_xy5,77,29.615,21.336,14.884,26.015,1.621,1,0
20260924T020143,L2-h240-B-r1,mulcher,best,55,21.154,32.352,15.004,35.662,10.082,1,0
20260924T020143,L2-h240-B-r1,lk2a,alarm_m3,,,,,,,0,0
20260924T020143,L2-h240-B-r1,lk2a,alarm_m5,,,,,,,0,0
20260924T020143,L2-h240-B-r1,lk2a,alarm_m10,,,,,,,0,0
20260924T020143,L2-h240-B-r1,lk2a,alarm_m20,,,,,,,0,0
20260924T020143,L2-h240-B-r1,lk2a,alarm_xy5,101,38.846,9.813,11.522,15.134,-7.61,0,0
20260924T020143,L2-h240-B-r1,lk2a,best,100,38.462,10.29,11.635,15.533,-7.226,0,0
20260924T020143,L2-h240-B-r1,lk2b,alarm_m3,52,20.0,33.854,14.866,36.974,11.236,1,0
20260924T020143,L2-h240-B-r1,lk2b,alarm_m5,52,20.0,33.854,14.866,36.974,11.236,1,0
20260924T020143,L2-h240-B-r1,lk2b,alarm_m10,52,20.0,33.854,14.866,36.974,11.236,1,0
20260924T020143,L2-h240-B-r1,lk2b,alarm_m20,54,20.769,32.859,14.97,36.108,10.467,1,0
20260924T020143,L2-h240-B-r1,lk2b,alarm_xy5,3,1.154,57.741,9.43,58.506,30.082,1,1
20260924T020143,L2-h240-B-r1,lk2b,best,2,0.769,58.222,9.295,58.959,30.467,1,1
20260924T020143,L2-h240-B-r1,team,alarm_m3,52,20.0,33.854,14.866,36.974,11.236,1,0
20260924T020143,L2-h240-B-r1,team,alarm_m5,52,20.0,33.854,14.866,36.974,11.236,1,0
20260924T020143,L2-h240-B-r1,team,alarm_m10,52,20.0,33.854,14.866,36.974,11.236,1,0
20260924T020143,L2-h240-B-r1,team,alarm_m20,54,20.769,32.859,14.97,36.108,10.467,1,0
20260924T020143,L2-h240-B-r1,team,alarm_xy5,3,1.154,57.741,9.43,58.506,30.082,1,1
20260924T020143,L2-h240-B-r1,team,best,2,0.769,58.222,9.295,58.959,30.467,1,1
20260924T020143,L2-h270-A-r0,mulcher,alarm_m3,128,49.231,-10.641,8.979,13.923,-13.484,0,0
20260924T020143,L2-h270-A-r0,mulcher,alarm_m5,128,49.231,-10.641,8.979,13.923,-13.484,0,0
20260924T020143,L2-h270-A-r0,mulcher,alarm_m10,128,49.231,-10.641,8.979,13.923,-13.484,0,0
20260924T020143,L2-h270-A-r0,mulcher,alarm_m20,129,49.615,-10.158,9.11,13.645,-13.868,0,0
20260924T020143,L2-h270-A-r0,mulcher,alarm_xy5,71,27.308,-38.384,6.446,38.922,8.439,1,0
20260924T020143,L2-h270-A-r0,mulcher,best,69,26.538,-39.371,6.611,39.922,9.209,1,0
20260924T020143,L2-h270-A-r0,lk2a,alarm_m3,66,25.385,-40.829,6.893,41.406,10.363,1,0
20260924T020143,L2-h270-A-r0,lk2a,alarm_m5,66,25.385,-40.829,6.893,41.406,10.363,1,0
20260924T020143,L2-h270-A-r0,lk2a,alarm_m10,66,25.385,-40.829,6.893,41.406,10.363,1,0
20260924T020143,L2-h270-A-r0,lk2a,alarm_m20,66,25.385,-40.829,6.893,41.406,10.363,1,0
20260924T020143,L2-h270-A-r0,lk2a,alarm_xy5,21,8.077,-62.56,12.599,63.816,27.67,1,1
20260924T020143,L2-h270-A-r0,lk2a,best,20,7.692,-63.045,12.721,64.316,28.055,1,1
20260924T020143,L2-h270-A-r0,lk2b,alarm_m3,,,,,,,0,0
20260924T020143,L2-h270-A-r0,lk2b,alarm_m5,,,,,,,0,0
20260924T020143,L2-h270-A-r0,lk2b,alarm_m10,,,,,,,0,0
20260924T020143,L2-h270-A-r0,lk2b,alarm_m20,,,,,,,0,0
20260924T020143,L2-h270-A-r0,lk2b,alarm_xy5,123,47.308,-13.062,8.29,15.471,-11.561,0,0
20260924T020143,L2-h270-A-r0,lk2b,best,120,46.154,-14.494,7.845,16.481,-10.407,0,0
20260924T020143,L2-h270-A-r0,team,alarm_m3,66,25.385,-40.829,6.893,41.406,10.363,1,0
20260924T020143,L2-h270-A-r0,team,alarm_m5,66,25.385,-40.829,6.893,41.406,10.363,1,0
20260924T020143,L2-h270-A-r0,team,alarm_m10,66,25.385,-40.829,6.893,41.406,10.363,1,0
20260924T020143,L2-h270-A-r0,team,alarm_m20,66,25.385,-40.829,6.893,41.406,10.363,1,0
20260924T020143,L2-h270-A-r0,team,alarm_xy5,21,8.077,-62.56,12.599,63.816,27.67,1,1
20260924T020143,L2-h270-A-r0,team,best,20,7.692,-63.045,12.721,64.316,28.055,1,1
20260924T020143,L2-h270-A-r1,mulcher,alarm_m3,130,50.0,-11.176,8.098,13.802,-12.908,0,0
20260924T020143,L2-h270-A-r1,mulcher,alarm_m5,130,50.0,-11.176,8.098,13.802,-12.908,0,0
20260924T020143,L2-h270-A-r1,mulcher,alarm_m10,130,50.0,-11.176,8.098,13.802,-12.908,0,0
20260924T020143,L2-h270-A-r1,mulcher,alarm_m20,130,50.0,-11.176,8.098,13.802,-12.908,0,0
20260924T020143,L2-h270-A-r1,mulcher,alarm_xy5,78,30.0,-36.763,5.473,37.168,7.092,1,0
20260924T020143,L2-h270-A-r1,mulcher,best,77,29.615,-37.266,5.541,37.676,7.476,1,0
20260924T020143,L2-h270-A-r1,lk2a,alarm_m3,69,26.538,-41.209,6.246,41.68,10.553,1,0
20260924T020143,L2-h270-A-r1,lk2a,alarm_m5,69,26.538,-41.209,6.246,41.68,10.553,1,0
20260924T020143,L2-h270-A-r1,lk2a,alarm_m10,69,26.538,-41.209,6.246,41.68,10.553,1,0
20260924T020143,L2-h270-A-r1,lk2a,alarm_m20,70,26.923,-40.719,6.149,41.181,10.169,1,0
20260924T020143,L2-h270-A-r1,lk2a,alarm_xy5,26,10.0,-62.009,11.725,63.108,27.092,1,1
20260924T020143,L2-h270-A-r1,lk2a,best,25,9.615,-62.49,11.85,63.603,27.476,1,1
20260924T020143,L2-h270-A-r1,lk2b,alarm_m3,,,,,,,0,0
20260924T020143,L2-h270-A-r1,lk2b,alarm_m5,,,,,,,0,0
20260924T020143,L2-h270-A-r1,lk2b,alarm_m10,,,,,,,0,0
20260924T020143,L2-h270-A-r1,lk2b,alarm_m20,,,,,,,0,0
20260924T020143,L2-h270-A-r1,lk2b,alarm_xy5,125,48.077,-13.566,7.392,15.449,-10.985,0,0
20260924T020143,L2-h270-A-r1,lk2b,best,122,46.923,-14.991,6.939,16.519,-9.831,0,0
20260924T020143,L2-h270-A-r1,team,alarm_m3,69,26.538,-41.209,6.246,41.68,10.553,1,0
20260924T020143,L2-h270-A-r1,team,alarm_m5,69,26.538,-41.209,6.246,41.68,10.553,1,0
20260924T020143,L2-h270-A-r1,team,alarm_m10,69,26.538,-41.209,6.246,41.68,10.553,1,0
20260924T020143,L2-h270-A-r1,team,alarm_m20,70,26.923,-40.719,6.149,41.181,10.169,1,0
20260924T020143,L2-h270-A-r1,team,alarm_xy5,26,10.0,-62.009,11.725,63.108,27.092,1,1
20260924T020143,L2-h270-A-r1,team,best,25,9.615,-62.49,11.85,63.603,27.476,1,1
20260924T020143,L2-h270-B-r0,mulcher,alarm_m3,111,42.692,8.118,11.088,13.742,-8.955,0,0
20260924T020143,L2-h270-B-r0,mulcher,alarm_m5,111,42.692,8.118,11.088,13.742,-8.955,0,0
20260924T020143,L2-h270-B-r0,mulcher,alarm_m10,111,42.692,8.118,11.088,13.742,-8.955,0,0
20260924T020143,L2-h270-B-r0,mulcher,alarm_m20,125,48.077,1.216,10.21,10.282,-14.34,0,0
20260924T020143,L2-h270-B-r0,mulcher,alarm_xy5,84,32.308,21.091,14.828,25.782,1.429,1,0
20260924T020143,L2-h270-B-r0,mulcher,best,79,30.385,23.589,15.034,27.973,3.352,1,0
20260924T020143,L2-h270-B-r0,lk2a,alarm_m3,,,,,,,0,0
20260924T020143,L2-h270-B-r0,lk2a,alarm_m5,,,,,,,0,0
20260924T020143,L2-h270-B-r0,lk2a,alarm_m10,,,,,,,0,0
20260924T020143,L2-h270-B-r0,lk2a,alarm_m20,,,,,,,0,0
20260924T020143,L2-h270-B-r0,lk2a,alarm_xy5,112,43.077,7.639,10.983,13.379,-9.34,0,0
20260924T020143,L2-h270-B-r0,lk2a,best,111,42.692,8.118,11.088,13.742,-8.955,0,0
20260924T020143,L2-h270-B-r0,lk2b,alarm_m3,58,22.308,34.1,14.807,37.176,11.429,1,0
20260924T020143,L2-h270-B-r0,lk2b,alarm_m5,58,22.308,34.1,14.807,37.176,11.429,1,0
20260924T020143,L2-h270-B-r0,lk2b,alarm_m10,58,22.308,34.1,14.807,37.176,11.429,1,0
20260924T020143,L2-h270-B-r0,lk2b,alarm_m20,60,23.077,33.106,14.911,36.309,10.66,1,0
20260924T020143,L2-h270-B-r0,lk2b,alarm_xy5,10,3.846,57.493,9.466,58.267,29.891,1,1
20260924T020143,L2-h270-B-r0,lk2b,best,9,3.462,57.973,9.33,58.719,30.275,1,1
20260924T020143,L2-h270-B-r0,team,alarm_m3,58,22.308,34.1,14.807,37.176,11.429,1,0
20260924T020143,L2-h270-B-r0,team,alarm_m5,58,22.308,34.1,14.807,37.176,11.429,1,0
20260924T020143,L2-h270-B-r0,team,alarm_m10,58,22.308,34.1,14.807,37.176,11.429,1,0
20260924T020143,L2-h270-B-r0,team,alarm_m20,60,23.077,33.106,14.911,36.309,10.66,1,0
20260924T020143,L2-h270-B-r0,team,alarm_xy5,10,3.846,57.493,9.466,58.267,29.891,1,1
20260924T020143,L2-h270-B-r0,team,best,9,3.462,57.973,9.33,58.719,30.275,1,1
20260924T020143,L2-h270-B-r1,mulcher,alarm_m3,103,39.615,8.524,10.971,13.893,-8.673,0,0
20260924T020143,L2-h270-B-r1,mulcher,alarm_m5,103,39.615,8.524,10.971,13.893,-8.673,0,0
20260924T020143,L2-h270-B-r1,mulcher,alarm_m10,103,39.615,8.524,10.971,13.893,-8.673,0,0
20260924T020143,L2-h270-B-r1,mulcher,alarm_m20,118,45.385,1.093,9.997,10.057,-14.442,0,0
20260924T020143,L2-h270-B-r1,mulcher,alarm_xy5,78,30.0,20.482,14.563,25.131,0.943,1,0
20260924T020143,L2-h270-B-r1,mulcher,best,74,28.462,22.473,14.751,26.882,2.481,1,0
20260924T020143,L2-h270-B-r1,lk2a,alarm_m3,,,,,,,0,0
20260924T020143,L2-h270-B-r1,lk2a,alarm_m5,,,,,,,0,0
20260924T020143,L2-h270-B-r1,lk2a,alarm_m10,,,,,,,0,0
20260924T020143,L2-h270-B-r1,lk2a,alarm_m20,,,,,,,0,0
20260924T020143,L2-h270-B-r1,lk2a,alarm_xy5,107,41.154,6.561,10.58,12.449,-10.211,0,0
20260924T020143,L2-h270-B-r1,lk2a,best,106,40.769,7.053,10.668,12.789,-9.826,0,0
20260924T020143,L2-h270-B-r1,lk2b,alarm_m3,51,19.615,33.947,14.615,36.959,11.327,1,0
20260924T020143,L2-h270-B-r1,lk2b,alarm_m5,51,19.615,33.947,14.615,36.959,11.327,1,0
20260924T020143,L2-h270-B-r1,lk2b,alarm_m10,51,19.615,33.947,14.615,36.959,11.327,1,0
20260924T020143,L2-h270-B-r1,lk2b,alarm_m20,55,21.154,31.956,14.789,35.213,9.789,1,0
20260924T020143,L2-h270-B-r1,lk2b,alarm_xy5,2,0.769,57.79,9.167,58.513,30.174,1,1
20260924T020143,L2-h270-B-r1,lk2b,best,1,0.385,58.272,9.033,58.968,30.558,1,1
20260924T020143,L2-h270-B-r1,team,alarm_m3,51,19.615,33.947,14.615,36.959,11.327,1,0
20260924T020143,L2-h270-B-r1,team,alarm_m5,51,19.615,33.947,14.615,36.959,11.327,1,0
20260924T020143,L2-h270-B-r1,team,alarm_m10,51,19.615,33.947,14.615,36.959,11.327,1,0
20260924T020143,L2-h270-B-r1,team,alarm_m20,55,21.154,31.956,14.789,35.213,9.789,1,0
20260924T020143,L2-h270-B-r1,team,alarm_xy5,2,0.769,57.79,9.167,58.513,30.174,1,1
20260924T020143,L2-h270-B-r1,team,best,1,0.385,58.272,9.033,58.968,30.558,1,1
20260924T020143,L2-h300-A-r0,mulcher,alarm_m3,116,44.615,-11.577,7.816,13.968,-12.553,0,0
20260924T020143,L2-h300-A-r0,mulcher,alarm_m5,116,44.615,-11.577,7.816,13.968,-12.553,0,0
20260924T020143,L2-h300-A-r0,mulcher,alarm_m10,116,44.615,-11.577,7.816,13.968,-12.553,0,0
20260924T020143,L2-h300-A-r0,mulcher,alarm_m20,129,49.615,-5.274,9.206,10.61,-17.553,0,0
20260924T020143,L2-h300-A-r0,mulcher,alarm_xy5,87,33.462,-25.72,4.655,26.138,-1.4,0,0
20260924T020143,L2-h300-A-r0,mulcher,best,79,30.385,-29.75,4.66,30.113,1.677,1,0
20260924T020143,L2-h300-A-r0,lk2a,alarm_m3,56,21.538,-41.204,6.074,41.649,10.523,1,0
20260924T020143,L2-h300-A-r0,lk2a,alarm_m5,56,21.538,-41.204,6.074,41.649,10.523,1,0
20260924T020143,L2-h300-A-r0,lk2a,alarm_m10,56,21.538,-41.204,6.074,41.649,10.523,1,0
20260924T020143,L2-h300-A-r0,lk2a,alarm_m20,56,21.538,-41.204,6.074,41.649,10.523,1,0
20260924T020143,L2-h300-A-r0,lk2a,alarm_xy5,16,6.154,-60.567,11.163,61.587,25.908,1,1
20260924T020143,L2-h300-A-r0,lk2a,best,15,5.769,-61.049,11.293,62.085,26.293,1,1
20260924T020143,L2-h300-A-r0,lk2b,alarm_m3,,,,,,,0,0
20260924T020143,L2-h300-A-r0,lk2b,alarm_m5,,,,,,,0,0
20260924T020143,L2-h300-A-r0,lk2b,alarm_m10,,,,,,,0,0
20260924T020143,L2-h300-A-r0,lk2b,alarm_m20,,,,,,,0,0
20260924T020143,L2-h300-A-r0,lk2b,alarm_xy5,111,42.692,-13.957,7.095,15.657,-10.63,0,0
20260924T020143,L2-h300-A-r0,lk2b,best,108,41.538,-15.375,6.633,16.744,-9.477,0,0
20260924T020143,L2-h300-A-r0,team,alarm_m3,56,21.538,-41.204,6.074,41.649,10.523,1,0
20260924T020143,L2-h300-A-r0,team,alarm_m5,56,21.538,-41.204,6.074,41.649,10.523,1,0
20260924T020143,L2-h300-A-r0,team,alarm_m10,56,21.538,-41.204,6.074,41.649,10.523,1,0
20260924T020143,L2-h300-A-r0,team,alarm_m20,56,21.538,-41.204,6.074,41.649,10.523,1,0
20260924T020143,L2-h300-A-r0,team,alarm_xy5,16,6.154,-60.567,11.163,61.587,25.908,1,1
20260924T020143,L2-h300-A-r0,team,best,15,5.769,-61.049,11.293,62.085,26.293,1,1
20260924T020143,L2-h300-A-r1,mulcher,alarm_m3,115,44.231,-11.178,8.599,14.103,-13.008,0,0
20260924T020143,L2-h300-A-r1,mulcher,alarm_m5,115,44.231,-11.178,8.599,14.103,-13.008,0,0
20260924T020143,L2-h300-A-r1,mulcher,alarm_m10,115,44.231,-11.178,8.599,14.103,-13.008,0,0
20260924T020143,L2-h300-A-r1,mulcher,alarm_m20,,,,,,,0,0
20260924T020143,L2-h300-A-r1,mulcher,alarm_xy5,80,30.769,-28.134,5.284,28.626,0.453,1,0
20260924T020143,L2-h300-A-r1,mulcher,best,62,23.846,-37.067,6.001,37.549,7.377,1,0
20260924T020143,L2-h300-A-r1,lk2a,alarm_m3,54,20.769,-40.988,6.695,41.531,10.453,1,0
20260924T020143,L2-h300-A-r1,lk2a,alarm_m5,54,20.769,-40.988,6.695,41.531,10.453,1,0
20260924T020143,L2-h300-A-r1,lk2a,alarm_m10,54,20.769,-40.988,6.695,41.531,10.453,1,0
20260924T020143,L2-h300-A-r1,lk2a,alarm_m20,55,21.154,-40.498,6.598,41.032,10.069,1,0
20260924T020143,L2-h300-A-r1,lk2a,alarm_xy5,9,3.462,-62.73,12.409,63.946,27.761,1,1
20260924T020143,L2-h300-A-r1,lk2a,best,8,3.077,-63.215,12.532,64.445,28.146,1,1
20260924T020143,L2-h300-A-r1,lk2b,alarm_m3,,,,,,,0,0
20260924T020143,L2-h300-A-r1,lk2b,alarm_m5,,,,,,,0,0
20260924T020143,L2-h300-A-r1,lk2b,alarm_m10,,,,,,,0,0
20260924T020143,L2-h300-A-r1,lk2b,alarm_m20,,,,,,,0,0
20260924T020143,L2-h300-A-r1,lk2b,alarm_xy5,109,41.923,-14.063,7.744,16.054,-10.7,0,0
20260924T020143,L2-h300-A-r1,lk2b,best,106,40.769,-15.496,7.28,17.121,-9.547,0,0
20260924T020143,L2-h300-A-r1,team,alarm_m3,54,20.769,-40.988,6.695,41.531,10.453,1,0
20260924T020143,L2-h300-A-r1,team,alarm_m5,54,20.769,-40.988,6.695,41.531,10.453,1,0
20260924T020143,L2-h300-A-r1,team,alarm_m10,54,20.769,-40.988,6.695,41.531,10.453,1,0
20260924T020143,L2-h300-A-r1,team,alarm_m20,55,21.154,-40.498,6.598,41.032,10.069,1,0
20260924T020143,L2-h300-A-r1,team,alarm_xy5,9,3.462,-62.73,12.409,63.946,27.761,1,1
20260924T020143,L2-h300-A-r1,team,best,8,3.077,-63.215,12.532,64.445,28.146,1,1
20260924T020143,L2-h300-B-r0,mulcher,alarm_m3,105,40.385,8.639,10.778,13.813,-8.62,0,0
20260924T020143,L2-h300-B-r0,mulcher,alarm_m5,105,40.385,8.639,10.778,13.813,-8.62,0,0
20260924T020143,L2-h300-B-r0,mulcher,alarm_m10,105,40.385,8.639,10.778,13.813,-8.62,0,0
20260924T020143,L2-h300-B-r0,mulcher,alarm_m20,105,40.385,8.639,10.778,13.813,-8.62,0,0
20260924T020143,L2-h300-B-r0,mulcher,alarm_xy5,78,30.0,21.565,14.45,25.959,1.764,1,0
20260924T020143,L2-h300-B-r0,mulcher,best,77,29.615,22.063,14.497,26.399,2.149,1,0
20260924T020143,L2-h300-B-r0,lk2a,alarm_m3,,,,,,,0,0
20260924T020143,L2-h300-B-r0,lk2a,alarm_m5,,,,,,,0,0
20260924T020143,L2-h300-B-r0,lk2a,alarm_m10,,,,,,,0,0
20260924T020143,L2-h300-B-r0,lk2a,alarm_m20,,,,,,,0,0
20260924T020143,L2-h300-B-r0,lk2a,alarm_xy5,109,41.923,6.665,10.382,12.337,-10.159,0,0
20260924T020143,L2-h300-B-r0,lk2a,best,89,34.231,16.339,13.02,20.892,-2.467,0,0
20260924T020143,L2-h300-B-r0,lk2b,alarm_m3,53,20.385,33.992,14.395,36.914,11.38,1,0
20260924T020143,L2-h300-B-r0,lk2b,alarm_m5,53,20.385,33.992,14.395,36.914,11.38,1,0
20260924T020143,L2-h300-B-r0,lk2b,alarm_m10,53,20.385,33.992,14.395,36.914,11.38,1,0
20260924T020143,L2-h300-B-r0,lk2b,alarm_m20,55,21.154,32.998,14.499,36.042,10.61,1,0
20260924T020143,L2-h300-B-r0,lk2b,alarm_xy5,3,1.154,58.28,8.808,58.942,30.61,1,1
20260924T020143,L2-h300-B-r0,lk2b,best,2,0.769,58.762,8.674,59.399,30.995,1,1
20260924T020143,L2-h300-B-r0,team,alarm_m3,53,20.385,33.992,14.395,36.914,11.38,1,0
20260924T020143,L2-h300-B-r0,team,alarm_m5,53,20.385,33.992,14.395,36.914,11.38,1,0
20260924T020143,L2-h300-B-r0,team,alarm_m10,53,20.385,33.992,14.395,36.914,11.38,1,0
20260924T020143,L2-h300-B-r0,team,alarm_m20,55,21.154,32.998,14.499,36.042,10.61,1,0
20260924T020143,L2-h300-B-r0,team,alarm_xy5,3,1.154,58.28,8.808,58.942,30.61,1,1
20260924T020143,L2-h300-B-r0,team,best,2,0.769,58.762,8.674,59.399,30.995,1,1
20260924T020143,L2-h300-B-r1,mulcher,alarm_m3,111,42.692,8.122,11.297,13.914,-8.916,0,0
20260924T020143,L2-h300-B-r1,mulcher,alarm_m5,111,42.692,8.122,11.297,13.914,-8.916,0,0
20260924T020143,L2-h300-B-r1,mulcher,alarm_m10,111,42.692,8.122,11.297,13.914,-8.916,0,0
20260924T020143,L2-h300-B-r1,mulcher,alarm_m20,111,42.692,8.122,11.297,13.914,-8.916,0,0
20260924T020143,L2-h300-B-r1,mulcher,alarm_xy5,85,32.692,20.626,14.988,25.496,1.084,1,0
20260924T020143,L2-h300-B-r1,mulcher,best,80,30.769,23.13,15.212,27.684,3.007,1,0
20260924T020143,L2-h300-B-r1,lk2a,alarm_m3,,,,,,,0,0
20260924T020143,L2-h300-B-r1,lk2a,alarm_m5,,,,,,,0,0
20260924T020143,L2-h300-B-r1,lk2a,alarm_m10,,,,,,,0,0
20260924T020143,L2-h300-B-r1,lk2a,alarm_m20,,,,,,,0,0
20260924T020143,L2-h300-B-r1,lk2a,alarm_xy5,116,44.615,5.685,10.84,12.24,-10.839,0,0
20260924T020143,L2-h300-B-r1,lk2a,best,113,43.462,7.162,11.104,13.213,-9.685,0,0
20260924T020143,L2-h300-B-r1,lk2b,alarm_m3,58,22.308,34.173,15.003,37.321,11.469,1,0
20260924T020143,L2-h300-B-r1,lk2b,alarm_m5,58,22.308,34.173,15.003,37.321,11.469,1,0
20260924T020143,L2-h300-B-r1,lk2b,alarm_m10,58,22.308,34.173,15.003,37.321,11.469,1,0
20260924T020143,L2-h300-B-r1,lk2b,alarm_m20,62,23.846,32.167,15.186,35.571,9.93,1,0
20260924T020143,L2-h300-B-r1,lk2b,alarm_xy5,8,3.077,58.559,9.378,59.305,30.7,1,1
20260924T020143,L2-h300-B-r1,lk2b,best,7,2.692,59.041,9.244,59.76,31.084,1,1
20260924T020143,L2-h300-B-r1,team,alarm_m3,58,22.308,34.173,15.003,37.321,11.469,1,0
20260924T020143,L2-h300-B-r1,team,alarm_m5,58,22.308,34.173,15.003,37.321,11.469,1,0
20260924T020143,L2-h300-B-r1,team,alarm_m10,58,22.308,34.173,15.003,37.321,11.469,1,0
20260924T020143,L2-h300-B-r1,team,alarm_m20,62,23.846,32.167,15.186,35.571,9.93,1,0
20260924T020143,L2-h300-B-r1,team,alarm_xy5,8,3.077,58.559,9.378,59.305,30.7,1,1
20260924T020143,L2-h300-B-r1,team,best,7,2.692,59.041,9.244,59.76,31.084,1,1
20260924T020143,L2-h330-A-r0,mulcher,alarm_m3,115,44.231,-11.303,8.234,13.984,-12.842,0,0
20260924T020143,L2-h330-A-r0,mulcher,alarm_m5,115,44.231,-11.303,8.234,13.984,-12.842,0,0
20260924T020143,L2-h330-A-r0,mulcher,alarm_m10,115,44.231,-11.303,8.234,13.984,-12.842,0,0
20260924T020143,L2-h330-A-r0,mulcher,alarm_m20,117,45.0,-10.338,8.497,13.382,-13.611,0,0
20260924T020143,L2-h330-A-r0,mulcher,alarm_xy5,79,30.385,-28.855,4.976,29.281,1.004,1,0
20260924T020143,L2-h330-A-r0,mulcher,best,78,30.0,-29.355,4.983,29.775,1.389,1,0
20260924T020143,L2-h330-A-r0,lk2a,alarm_m3,54,20.769,-41.262,6.424,41.76,10.62,1,0
20260924T020143,L2-h330-A-r0,lk2a,alarm_m5,54,20.769,-41.262,6.424,41.76,10.62,1,0
20260924T020143,L2-h330-A-r0,lk2a,alarm_m10,54,20.769,-41.262,6.424,41.76,10.62,1,0
20260924T020143,L2-h330-A-r0,lk2a,alarm_m20,56,21.538,-40.281,6.23,40.76,9.851,1,0
20260924T020143,L2-h330-A-r0,lk2a,alarm_xy5,11,4.231,-62.05,11.906,63.182,27.158,1,1
20260924T020143,L2-h330-A-r0,lk2a,best,10,3.846,-62.533,12.031,63.68,27.543,1,1
20260924T020143,L2-h330-A-r0,lk2b,alarm_m3,,,,,,,0,0
20260924T020143,L2-h330-A-r0,lk2b,alarm_m5,,,,,,,0,0
20260924T020143,L2-h330-A-r0,lk2b,alarm_m10,,,,,,,0,0
20260924T020143,L2-h330-A-r0,lk2b,alarm_m20,,,,,,,0,0
20260924T020143,L2-h330-A-r0,lk2b,alarm_xy5,110,42.308,-13.697,7.523,15.628,-10.919,0,0
20260924T020143,L2-h330-A-r0,lk2b,best,107,41.154,-15.125,7.068,16.695,-9.765,0,0
20260924T020143,L2-h330-A-r0,team,alarm_m3,54,20.769,-41.262,6.424,41.76,10.62,1,0
20260924T020143,L2-h330-A-r0,team,alarm_m5,54,20.769,-41.262,6.424,41.76,10.62,1,0
20260924T020143,L2-h330-A-r0,team,alarm_m10,54,20.769,-41.262,6.424,41.76,10.62,1,0
20260924T020143,L2-h330-A-r0,team,alarm_m20,56,21.538,-40.281,6.23,40.76,9.851,1,0
20260924T020143,L2-h330-A-r0,team,alarm_xy5,11,4.231,-62.05,11.906,63.182,27.158,1,1
20260924T020143,L2-h330-A-r0,team,best,10,3.846,-62.533,12.031,63.68,27.543,1,1
20260924T020143,L2-h330-A-r1,mulcher,alarm_m3,126,48.462,-10.634,8.867,13.846,-13.466,0,0
20260924T020143,L2-h330-A-r1,mulcher,alarm_m5,126,48.462,-10.634,8.867,13.846,-13.466,0,0
20260924T020143,L2-h330-A-r1,mulcher,alarm_m10,126,48.462,-10.634,8.867,13.846,-13.466,0,0
20260924T020143,L2-h330-A-r1,mulcher,alarm_m20,142,54.615,-2.704,10.266,10.617,-19.62,0,0
20260924T020143,L2-h330-A-r1,mulcher,alarm_xy5,96,36.923,-25.054,5.439,25.637,-1.927,0,0
20260924T020143,L2-h330-A-r1,mulcher,best,87,33.462,-29.537,5.42,30.03,1.534,1,0
20260924T020143,L2-h330-A-r1,lk2a,alarm_m3,64,24.615,-40.873,6.79,41.433,10.38,1,0
20260924T020143,L2-h330-A-r1,lk2a,alarm_m5,64,24.615,-40.873,6.79,41.433,10.38,1,0
20260924T020143,L2-h330-A-r1,lk2a,alarm_m10,64,24.615,-40.873,6.79,41.433,10.38,1,0
20260924T020143,L2-h330-A-r1,lk2a,alarm_m20,64,24.615,-40.873,6.79,41.433,10.38,1,0
20260924T020143,L2-h330-A-r1,lk2a,alarm_xy5,18,6.923,-63.094,12.62,64.344,28.073,1,1
20260924T020143,L2-h330-A-r1,lk2a,best,17,6.538,-63.579,12.743,64.844,28.457,1,1
20260924T020143,L2-h330-A-r1,lk2b,alarm_m3,,,,,,,0,0
20260924T020143,L2-h330-A-r1,lk2b,alarm_m5,,,,,,,0,0
20260924T020143,L2-h330-A-r1,lk2b,alarm_m10,,,,,,,0,0
20260924T020143,L2-h330-A-r1,lk2b,alarm_m20,,,,,,,0,0
20260924T020143,L2-h330-A-r1,lk2b,alarm_xy5,119,45.769,-14.006,7.882,16.072,-10.774,0,0
20260924T020143,L2-h330-A-r1,lk2b,best,116,44.615,-15.442,7.419,17.132,-9.62,0,0
20260924T020143,L2-h330-A-r1,team,alarm_m3,64,24.615,-40.873,6.79,41.433,10.38,1,0
20260924T020143,L2-h330-A-r1,team,alarm_m5,64,24.615,-40.873,6.79,41.433,10.38,1,0
20260924T020143,L2-h330-A-r1,team,alarm_m10,64,24.615,-40.873,6.79,41.433,10.38,1,0
20260924T020143,L2-h330-A-r1,team,alarm_m20,64,24.615,-40.873,6.79,41.433,10.38,1,0
20260924T020143,L2-h330-A-r1,team,alarm_xy5,18,6.923,-63.094,12.62,64.344,28.073,1,1
20260924T020143,L2-h330-A-r1,team,best,17,6.538,-63.579,12.743,64.844,28.457,1,1
20260924T020143,L2-h330-B-r0,mulcher,alarm_m3,120,46.154,7.913,11.24,13.746,-9.082,0,0
20260924T020143,L2-h330-B-r0,mulcher,alarm_m5,120,46.154,7.913,11.24,13.746,-9.082,0,0
20260924T020143,L2-h330-B-r0,mulcher,alarm_m10,120,46.154,7.913,11.24,13.746,-9.082,0,0
20260924T020143,L2-h330-B-r0,mulcher,alarm_m20,120,46.154,7.913,11.24,13.746,-9.082,0,0
20260924T020143,L2-h330-B-r0,mulcher,alarm_xy5,93,35.769,20.909,15.007,25.737,1.302,1,0
20260924T020143,L2-h330-B-r0,mulcher,best,70,26.923,32.449,15.16,35.816,10.148,1,0
20260924T020143,L2-h330-B-r0,lk2a,alarm_m3,,,,,,,0,0
20260924T020143,L2-h330-B-r0,lk2a,alarm_m5,,,,,,,0,0
20260924T020143,L2-h330-B-r0,lk2a,alarm_m10,,,,,,,0,0
20260924T020143,L2-h330-B-r0,lk2a,alarm_m20,,,,,,,0,0
20260924T020143,L2-h330-B-r0,lk2a,alarm_xy5,125,48.077,5.473,10.795,12.103,-11.006,0,0
20260924T020143,L2-h330-B-r0,lk2a,best,122,46.923,6.95,11.059,13.061,-9.852,0,0
20260924T020143,L2-h330-B-r0,lk2b,alarm_m3,67,25.769,33.956,15.018,37.129,11.302,1,0
20260924T020143,L2-h330-B-r0,lk2b,alarm_m5,67,25.769,33.956,15.018,37.129,11.302,1,0
20260924T020143,L2-h330-B-r0,lk2b,alarm_m10,67,25.769,33.956,15.018,37.129,11.302,1,0
20260924T020143,L2-h330-B-r0,lk2b,alarm_m20,71,27.308,31.95,15.193,35.378,9.764,1,0
20260924T020143,L2-h330-B-r0,lk2b,alarm_xy5,23,8.846,55.464,10.246,56.403,28.225,1,1
20260924T020143,L2-h330-B-r0,lk2b,best,17,6.538,58.348,9.429,59.105,30.533,1,1
20260924T020143,L2-h330-B-r0,team,alarm_m3,67,25.769,33.956,15.018,37.129,11.302,1,0
20260924T020143,L2-h330-B-r0,team,alarm_m5,67,25.769,33.956,15.018,37.129,11.302,1,0
20260924T020143,L2-h330-B-r0,team,alarm_m10,67,25.769,33.956,15.018,37.129,11.302,1,0
20260924T020143,L2-h330-B-r0,team,alarm_m20,71,27.308,31.95,15.193,35.378,9.764,1,0
20260924T020143,L2-h330-B-r0,team,alarm_xy5,23,8.846,55.464,10.246,56.403,28.225,1,1
20260924T020143,L2-h330-B-r0,team,best,17,6.538,58.348,9.429,59.105,30.533,1,1
20260924T020143,L2-h330-B-r1,mulcher,alarm_m3,108,41.538,8.591,10.939,13.91,-8.628,0,0
20260924T020143,L2-h330-B-r1,mulcher,alarm_m5,108,41.538,8.591,10.939,13.91,-8.628,0,0
20260924T020143,L2-h330-B-r1,mulcher,alarm_m10,108,41.538,8.591,10.939,13.91,-8.628,0,0
20260924T020143,L2-h330-B-r1,mulcher,alarm_m20,108,41.538,8.591,10.939,13.91,-8.628,0,0
20260924T020143,L2-h330-B-r1,mulcher,alarm_xy5,80,30.769,22.038,14.663,26.47,2.142,1,0
20260924T020143,L2-h330-B-r1,mulcher,best,61,23.462,31.513,14.772,34.803,9.449,1,0
20260924T020143,L2-h330-B-r1,lk2a,alarm_m3,,,,,,,0,0
20260924T020143,L2-h330-B-r1,lk2a,alarm_m5,,,,,,,0,0
20260924T020143,L2-h330-B-r1,lk2a,alarm_m10,,,,,,,0,0
20260924T020143,L2-h330-B-r1,lk2a,alarm_m20,,,,,,,0,0
20260924T020143,L2-h330-B-r1,lk2a,alarm_xy5,110,42.308,7.611,10.721,13.148,-9.397,0,0
20260924T020143,L2-h330-B-r1,lk2a,best,109,41.923,8.105,10.824,13.522,-9.012,0,0
20260924T020143,L2-h330-B-r1,lk2b,alarm_m3,56,21.538,34.0,14.562,36.988,11.372,1,0
20260924T020143,L2-h330-B-r1,lk2b,alarm_m5,56,21.538,34.0,14.562,36.988,11.372,1,0
20260924T020143,L2-h330-B-r1,lk2b,alarm_m10,56,21.538,34.0,14.562,36.988,11.372,1,0
20260924T020143,L2-h330-B-r1,lk2b,alarm_m20,57,21.923,33.503,14.615,36.552,10.988,1,0
20260924T020143,L2-h330-B-r1,lk2b,alarm_xy5,7,2.692,57.834,9.106,58.547,30.219,1,1
20260924T020143,L2-h330-B-r1,lk2b,best,4,1.538,59.28,8.705,59.915,31.372,1,1
20260924T020143,L2-h330-B-r1,team,alarm_m3,56,21.538,34.0,14.562,36.988,11.372,1,0
20260924T020143,L2-h330-B-r1,team,alarm_m5,56,21.538,34.0,14.562,36.988,11.372,1,0
20260924T020143,L2-h330-B-r1,team,alarm_m10,56,21.538,34.0,14.562,36.988,11.372,1,0
20260924T020143,L2-h330-B-r1,team,alarm_m20,57,21.923,33.503,14.615,36.552,10.988,1,0
20260924T020143,L2-h330-B-r1,team,alarm_xy5,7,2.692,57.834,9.106,58.547,30.219,1,1
20260924T020143,L2-h330-B-r1,team,best,4,1.538,59.28,8.705,59.915,31.372,1,1
20260924T041257,L2-h000-A-r0-chk-away,mulcher,alarm_m3,120,46.154,-11.16,7.964,13.71,-12.894,0,0
20260924T041257,L2-h000-A-r0-chk-away,mulcher,alarm_m5,120,46.154,-11.16,7.964,13.71,-12.894,0,0
20260924T041257,L2-h000-A-r0-chk-away,mulcher,alarm_m10,120,46.154,-11.16,7.964,13.71,-12.894,0,0
20260924T041257,L2-h000-A-r0-chk-away,mulcher,alarm_m20,131,50.385,-5.83,9.15,10.85,-17.124,0,0
20260924T041257,L2-h000-A-r0-chk-away,mulcher,alarm_xy5,87,33.462,-27.293,4.654,27.686,-0.201,0,0
20260924T041257,L2-h000-A-r0-chk-away,mulcher,best,67,25.769,-37.307,5.413,37.697,7.491,1,0
20260924T041257,L2-h000-A-r0-chk-away,team,alarm_m3,120,46.154,-11.16,7.964,13.71,-12.894,0,0
20260924T041257,L2-h000-A-r0-chk-away,team,alarm_m5,120,46.154,-11.16,7.964,13.71,-12.894,0,0
20260924T041257,L2-h000-A-r0-chk-away,team,alarm_m10,120,46.154,-11.16,7.964,13.71,-12.894,0,0
20260924T041257,L2-h000-A-r0-chk-away,team,alarm_m20,131,50.385,-5.83,9.15,10.85,-17.124,0,0
20260924T041257,L2-h000-A-r0-chk-away,team,alarm_xy5,87,33.462,-27.293,4.654,27.686,-0.201,0,0
20260924T041257,L2-h000-A-r0-chk-away,team,best,67,25.769,-37.307,5.413,37.697,7.491,1,0
20260924T041257,L2-h030-B-r0-chk-away,mulcher,alarm_m3,121,46.538,3.567,10.527,11.115,-12.504,0,0
20260924T041257,L2-h030-B-r0-chk-away,mulcher,alarm_m5,121,46.538,3.567,10.527,11.115,-12.504,0,0
20260924T041257,L2-h030-B-r0-chk-away,mulcher,alarm_m10,121,46.538,3.567,10.527,11.115,-12.504,0,0
20260924T041257,L2-h030-B-r0-chk-away,mulcher,alarm_m20,122,46.923,3.07,10.47,10.911,-12.888,0,0
20260924T041257,L2-h030-B-r0-chk-away,mulcher,alarm_xy5,121,46.538,3.567,10.527,11.115,-12.504,0,0
20260924T041257,L2-h030-B-r0-chk-away,mulcher,best,120,46.154,4.064,10.583,11.337,-12.119,0,0
20260924T041257,L2-h030-B-r0-chk-away,team,alarm_m3,121,46.538,3.567,10.527,11.115,-12.504,0,0
20260924T041257,L2-h030-B-r0-chk-away,team,alarm_m5,121,46.538,3.567,10.527,11.115,-12.504,0,0
20260924T041257,L2-h030-B-r0-chk-away,team,alarm_m10,121,46.538,3.567,10.527,11.115,-12.504,0,0
20260924T041257,L2-h030-B-r0-chk-away,team,alarm_m20,122,46.923,3.07,10.47,10.911,-12.888,0,0
20260924T041257,L2-h030-B-r0-chk-away,team,alarm_xy5,121,46.538,3.567,10.527,11.115,-12.504,0,0
20260924T041257,L2-h030-B-r0-chk-away,team,best,120,46.154,4.064,10.583,11.337,-12.119,0,0
20260924T041257,L2-h060-A-r0-chk-away,mulcher,alarm_m3,127,48.846,-10.921,8.855,14.06,-13.251,0,0
20260924T041257,L2-h060-A-r0-chk-away,mulcher,alarm_m5,127,48.846,-10.921,8.855,14.06,-13.251,0,0
20260924T041257,L2-h060-A-r0-chk-away,mulcher,alarm_m10,127,48.846,-10.921,8.855,14.06,-13.251,0,0
20260924T041257,L2-h060-A-r0-chk-away,mulcher,alarm_m20,129,49.615,-9.956,9.118,13.501,-14.02,0,0
20260924T041257,L2-h060-A-r0-chk-away,mulcher,alarm_xy5,89,34.231,-29.316,5.481,29.824,1.365,1,0
20260924T041257,L2-h060-A-r0-chk-away,mulcher,best,86,33.077,-30.797,5.549,31.293,2.519,1,0
20260924T041257,L2-h060-A-r0-chk-away,team,alarm_m3,127,48.846,-10.921,8.855,14.06,-13.251,0,0
20260924T041257,L2-h060-A-r0-chk-away,team,alarm_m5,127,48.846,-10.921,8.855,14.06,-13.251,0,0
20260924T041257,L2-h060-A-r0-chk-away,team,alarm_m10,127,48.846,-10.921,8.855,14.06,-13.251,0,0
20260924T041257,L2-h060-A-r0-chk-away,team,alarm_m20,129,49.615,-9.956,9.118,13.501,-14.02,0,0
20260924T041257,L2-h060-A-r0-chk-away,team,alarm_xy5,89,34.231,-29.316,5.481,29.824,1.365,1,0
20260924T041257,L2-h060-A-r0-chk-away,team,best,86,33.077,-30.797,5.549,31.293,2.519,1,0
20260924T041257,L2-h090-B-r0-chk-away,mulcher,alarm_m3,106,40.769,8.576,11.106,14.032,-8.61,0,0
20260924T041257,L2-h090-B-r0-chk-away,mulcher,alarm_m5,106,40.769,8.576,11.106,14.032,-8.61,0,0
20260924T041257,L2-h090-B-r0-chk-away,mulcher,alarm_m10,,,,,,,0,0
20260924T041257,L2-h090-B-r0-chk-away,mulcher,alarm_m20,,,,,,,0,0
20260924T041257,L2-h090-B-r0-chk-away,mulcher,alarm_xy5,81,31.154,20.552,14.69,25.262,1.006,1,0
20260924T041257,L2-h090-B-r0-chk-away,mulcher,best,76,29.231,23.044,14.917,27.451,2.929,1,0
20260924T041257,L2-h090-B-r0-chk-away,team,alarm_m3,106,40.769,8.576,11.106,14.032,-8.61,0,0
20260924T041257,L2-h090-B-r0-chk-away,team,alarm_m5,106,40.769,8.576,11.106,14.032,-8.61,0,0
20260924T041257,L2-h090-B-r0-chk-away,team,alarm_m10,,,,,,,0,0
20260924T041257,L2-h090-B-r0-chk-away,team,alarm_m20,,,,,,,0,0
20260924T041257,L2-h090-B-r0-chk-away,team,alarm_xy5,81,31.154,20.552,14.69,25.262,1.006,1,0
20260924T041257,L2-h090-B-r0-chk-away,team,best,76,29.231,23.044,14.917,27.451,2.929,1,0
20260924T041257,L2-h120-A-r0-chk-away,mulcher,alarm_m3,,,,,,,0,0
20260924T041257,L2-h120-A-r0-chk-away,mulcher,alarm_m5,,,,,,,0,0
20260924T041257,L2-h120-A-r0-chk-away,mulcher,alarm_m10,,,,,,,0,0
20260924T041257,L2-h120-A-r0-chk-away,mulcher,alarm_m20,,,,,,,0,0
20260924T041257,L2-h120-A-r0-chk-away,mulcher,alarm_xy5,95,36.538,-25.516,4.606,25.928,-1.556,0,0
20260924T041257,L2-h120-A-r0-chk-away,mulcher,best,89,34.231,-28.533,4.584,28.899,0.752,1,0
20260924T041257,L2-h120-A-r0-chk-away,team,alarm_m3,,,,,,,0,0
20260924T041257,L2-h120-A-r0-chk-away,team,alarm_m5,,,,,,,0,0
20260924T041257,L2-h120-A-r0-chk-away,team,alarm_m10,,,,,,,0,0
20260924T041257,L2-h120-A-r0-chk-away,team,alarm_m20,,,,,,,0,0
20260924T041257,L2-h120-A-r0-chk-away,team,alarm_xy5,95,36.538,-25.516,4.606,25.928,-1.556,0,0
20260924T041257,L2-h120-A-r0-chk-away,team,best,89,34.231,-28.533,4.584,28.899,0.752,1,0
20260924T041257,L2-h150-B-r0-chk-away,mulcher,alarm_m3,108,41.538,8.221,11.015,13.745,-8.892,0,0
20260924T041257,L2-h150-B-r0-chk-away,mulcher,alarm_m5,108,41.538,8.221,11.015,13.745,-8.892,0,0
20260924T041257,L2-h150-B-r0-chk-away,mulcher,alarm_m10,108,41.538,8.221,11.015,13.745,-8.892,0,0
20260924T041257,L2-h150-B-r0-chk-away,mulcher,alarm_m20,108,41.538,8.221,11.015,13.745,-8.892,0,0
20260924T041257,L2-h150-B-r0-chk-away,mulcher,alarm_xy5,80,30.769,21.681,14.789,26.245,1.878,1,0
20260924T041257,L2-h150-B-r0-chk-away,mulcher,best,79,30.385,22.179,14.837,26.684,2.262,1,0
20260924T041257,L2-h150-B-r0-chk-away,team,alarm_m3,108,41.538,8.221,11.015,13.745,-8.892,0,0
20260924T041257,L2-h150-B-r0-chk-away,team,alarm_m5,108,41.538,8.221,11.015,13.745,-8.892,0,0
20260924T041257,L2-h150-B-r0-chk-away,team,alarm_m10,108,41.538,8.221,11.015,13.745,-8.892,0,0
20260924T041257,L2-h150-B-r0-chk-away,team,alarm_m20,108,41.538,8.221,11.015,13.745,-8.892,0,0
20260924T041257,L2-h150-B-r0-chk-away,team,alarm_xy5,80,30.769,21.681,14.789,26.245,1.878,1,0
20260924T041257,L2-h150-B-r0-chk-away,team,best,79,30.385,22.179,14.837,26.684,2.262,1,0
20260924T041257,L2-h180-A-r0-chk-away,mulcher,alarm_m3,131,50.385,-9.802,8.476,12.959,-14.004,0,0
20260924T041257,L2-h180-A-r0-chk-away,mulcher,alarm_m5,131,50.385,-9.802,8.476,12.959,-14.004,0,0
20260924T041257,L2-h180-A-r0-chk-away,mulcher,alarm_m10,131,50.385,-9.802,8.476,12.959,-14.004,0,0
20260924T041257,L2-h180-A-r0-chk-away,mulcher,alarm_m20,132,50.769,-9.326,8.591,12.68,-14.389,0,0
20260924T041257,L2-h180-A-r0-chk-away,mulcher,alarm_xy5,130,50.0,-10.285,8.345,13.244,-13.62,0,0
20260924T041257,L2-h180-A-r0-chk-away,mulcher,best,129,49.615,-10.767,8.213,13.542,-13.235,0,0
20260924T041257,L2-h180-A-r0-chk-away,team,alarm_m3,131,50.385,-9.802,8.476,12.959,-14.004,0,0
20260924T041257,L2-h180-A-r0-chk-away,team,alarm_m5,131,50.385,-9.802,8.476,12.959,-14.004,0,0
20260924T041257,L2-h180-A-r0-chk-away,team,alarm_m10,131,50.385,-9.802,8.476,12.959,-14.004,0,0
20260924T041257,L2-h180-A-r0-chk-away,team,alarm_m20,132,50.769,-9.326,8.591,12.68,-14.389,0,0
20260924T041257,L2-h180-A-r0-chk-away,team,alarm_xy5,130,50.0,-10.285,8.345,13.244,-13.62,0,0
20260924T041257,L2-h180-A-r0-chk-away,team,best,129,49.615,-10.767,8.213,13.542,-13.235,0,0
20260924T041257,L2-h210-B-r0-chk-away,mulcher,alarm_m3,120,46.154,8.586,10.834,13.823,-8.65,0,0
20260924T041257,L2-h210-B-r0-chk-away,mulcher,alarm_m5,120,46.154,8.586,10.834,13.823,-8.65,0,0
20260924T041257,L2-h210-B-r0-chk-away,mulcher,alarm_m10,120,46.154,8.586,10.834,13.823,-8.65,0,0
20260924T041257,L2-h210-B-r0-chk-away,mulcher,alarm_m20,132,50.769,2.627,9.918,10.26,-13.266,0,0
20260924T041257,L2-h210-B-r0-chk-away,mulcher,alarm_xy5,96,36.923,20.079,14.313,24.658,0.581,1,0
20260924T041257,L2-h210-B-r0-chk-away,mulcher,best,89,34.231,23.506,14.674,27.71,3.273,1,0
20260924T041257,L2-h210-B-r0-chk-away,team,alarm_m3,120,46.154,8.586,10.834,13.823,-8.65,0,0
20260924T041257,L2-h210-B-r0-chk-away,team,alarm_m5,120,46.154,8.586,10.834,13.823,-8.65,0,0
20260924T041257,L2-h210-B-r0-chk-away,team,alarm_m10,120,46.154,8.586,10.834,13.823,-8.65,0,0
20260924T041257,L2-h210-B-r0-chk-away,team,alarm_m20,132,50.769,2.627,9.918,10.26,-13.266,0,0
20260924T041257,L2-h210-B-r0-chk-away,team,alarm_xy5,96,36.923,20.079,14.313,24.658,0.581,1,0
20260924T041257,L2-h210-B-r0-chk-away,team,best,89,34.231,23.506,14.674,27.71,3.273,1,0
20260924T041257,L2-h240-A-r0-chk-away,mulcher,alarm_m3,125,48.077,-11.298,8.243,13.986,-12.847,0,0
20260924T041257,L2-h240-A-r0-chk-away,mulcher,alarm_m5,125,48.077,-11.298,8.243,13.986,-12.847,0,0
20260924T041257,L2-h240-A-r0-chk-away,mulcher,alarm_m10,125,48.077,-11.298,8.243,13.986,-12.847,0,0
20260924T041257,L2-h240-A-r0-chk-away,mulcher,alarm_m20,127,48.846,-10.333,8.506,13.384,-13.616,0,0
20260924T041257,L2-h240-A-r0-chk-away,mulcher,alarm_xy5,89,34.231,-28.848,4.983,29.276,0.999,1,0
20260924T041257,L2-h240-A-r0-chk-away,mulcher,best,82,31.538,-32.347,5.149,32.754,3.692,1,0
20260924T041257,L2-h240-A-r0-chk-away,team,alarm_m3,125,48.077,-11.298,8.243,13.986,-12.847,0,0
20260924T041257,L2-h240-A-r0-chk-away,team,alarm_m5,125,48.077,-11.298,8.243,13.986,-12.847,0,0
20260924T041257,L2-h240-A-r0-chk-away,team,alarm_m10,125,48.077,-11.298,8.243,13.986,-12.847,0,0
20260924T041257,L2-h240-A-r0-chk-away,team,alarm_m20,127,48.846,-10.333,8.506,13.384,-13.616,0,0
20260924T041257,L2-h240-A-r0-chk-away,team,alarm_xy5,89,34.231,-28.848,4.983,29.276,0.999,1,0
20260924T041257,L2-h240-A-r0-chk-away,team,best,82,31.538,-32.347,5.149,32.754,3.692,1,0
20260924T041257,L2-h270-B-r0-chk-away,mulcher,alarm_m3,111,42.692,8.118,11.088,13.742,-8.955,0,0
20260924T041257,L2-h270-B-r0-chk-away,mulcher,alarm_m5,111,42.692,8.118,11.088,13.742,-8.955,0,0
20260924T041257,L2-h270-B-r0-chk-away,mulcher,alarm_m10,111,42.692,8.118,11.088,13.742,-8.955,0,0
20260924T041257,L2-h270-B-r0-chk-away,mulcher,alarm_m20,125,48.077,1.216,10.21,10.282,-14.34,0,0
20260924T041257,L2-h270-B-r0-chk-away,mulcher,alarm_xy5,84,32.308,21.091,14.828,25.782,1.429,1,0
20260924T041257,L2-h270-B-r0-chk-away,mulcher,best,79,30.385,23.589,15.034,27.973,3.352,1,0
20260924T041257,L2-h270-B-r0-chk-away,team,alarm_m3,111,42.692,8.118,11.088,13.742,-8.955,0,0
20260924T041257,L2-h270-B-r0-chk-away,team,alarm_m5,111,42.692,8.118,11.088,13.742,-8.955,0,0
20260924T041257,L2-h270-B-r0-chk-away,team,alarm_m10,111,42.692,8.118,11.088,13.742,-8.955,0,0
20260924T041257,L2-h270-B-r0-chk-away,team,alarm_m20,125,48.077,1.216,10.21,10.282,-14.34,0,0
20260924T041257,L2-h270-B-r0-chk-away,team,alarm_xy5,84,32.308,21.091,14.828,25.782,1.429,1,0
20260924T041257,L2-h270-B-r0-chk-away,team,best,79,30.385,23.589,15.034,27.973,3.352,1,0
20260924T041257,L2-h300-A-r0-chk-away,mulcher,alarm_m3,116,44.615,-11.577,7.816,13.968,-12.553,0,0
20260924T041257,L2-h300-A-r0-chk-away,mulcher,alarm_m5,116,44.615,-11.577,7.816,13.968,-12.553,0,0
20260924T041257,L2-h300-A-r0-chk-away,mulcher,alarm_m10,116,44.615,-11.577,7.816,13.968,-12.553,0,0
20260924T041257,L2-h300-A-r0-chk-away,mulcher,alarm_m20,129,49.615,-5.274,9.206,10.61,-17.553,0,0
20260924T041257,L2-h300-A-r0-chk-away,mulcher,alarm_xy5,83,31.923,-27.735,4.627,28.118,0.139,1,0
20260924T041257,L2-h300-A-r0-chk-away,mulcher,best,79,30.385,-29.75,4.66,30.113,1.677,1,0
20260924T041257,L2-h300-A-r0-chk-away,team,alarm_m3,116,44.615,-11.577,7.816,13.968,-12.553,0,0
20260924T041257,L2-h300-A-r0-chk-away,team,alarm_m5,116,44.615,-11.577,7.816,13.968,-12.553,0,0
20260924T041257,L2-h300-A-r0-chk-away,team,alarm_m10,116,44.615,-11.577,7.816,13.968,-12.553,0,0
20260924T041257,L2-h300-A-r0-chk-away,team,alarm_m20,129,49.615,-5.274,9.206,10.61,-17.553,0,0
20260924T041257,L2-h300-A-r0-chk-away,team,alarm_xy5,83,31.923,-27.735,4.627,28.118,0.139,1,0
20260924T041257,L2-h300-A-r0-chk-away,team,best,79,30.385,-29.75,4.66,30.113,1.677,1,0
20260924T041257,L2-h330-B-r0-chk-away,mulcher,alarm_m3,120,46.154,7.913,11.24,13.746,-9.082,0,0
20260924T041257,L2-h330-B-r0-chk-away,mulcher,alarm_m5,120,46.154,7.913,11.24,13.746,-9.082,0,0
20260924T041257,L2-h330-B-r0-chk-away,mulcher,alarm_m10,120,46.154,7.913,11.24,13.746,-9.082,0,0
20260924T041257,L2-h330-B-r0-chk-away,mulcher,alarm_m20,120,46.154,7.913,11.24,13.746,-9.082,0,0
20260924T041257,L2-h330-B-r0-chk-away,mulcher,alarm_xy5,93,35.769,20.909,15.007,25.737,1.302,1,0
20260924T041257,L2-h330-B-r0-chk-away,mulcher,best,70,26.923,32.449,15.16,35.816,10.148,1,0
20260924T041257,L2-h330-B-r0-chk-away,team,alarm_m3,120,46.154,7.913,11.24,13.746,-9.082,0,0
20260924T041257,L2-h330-B-r0-chk-away,team,alarm_m5,120,46.154,7.913,11.24,13.746,-9.082,0,0
20260924T041257,L2-h330-B-r0-chk-away,team,alarm_m10,120,46.154,7.913,11.24,13.746,-9.082,0,0
20260924T041257,L2-h330-B-r0-chk-away,team,alarm_m20,120,46.154,7.913,11.24,13.746,-9.082,0,0
20260924T041257,L2-h330-B-r0-chk-away,team,alarm_xy5,93,35.769,20.909,15.007,25.737,1.302,1,0
20260924T041257,L2-h330-B-r0-chk-away,team,best,70,26.923,32.449,15.16,35.816,10.148,1,0
20260924T044418,L2-h000-A-r0-chk-absent,mulcher,alarm_m3,119,45.769,-11.642,7.833,14.032,-12.509,0,0
20260924T044418,L2-h000-A-r0-chk-absent,mulcher,alarm_m5,119,45.769,-11.642,7.833,14.032,-12.509,0,0
20260924T044418,L2-h000-A-r0-chk-absent,mulcher,alarm_m10,119,45.769,-11.642,7.833,14.032,-12.509,0,0
20260924T044418,L2-h000-A-r0-chk-absent,mulcher,alarm_m20,131,50.385,-5.83,9.15,10.85,-17.124,0,0
20260924T044418,L2-h000-A-r0-chk-absent,mulcher,alarm_xy5,87,33.462,-27.293,4.654,27.686,-0.201,0,0
20260924T044418,L2-h000-A-r0-chk-absent,mulcher,best,67,25.769,-37.307,5.413,37.697,7.491,1,0
20260924T044418,L2-h000-A-r0-chk-absent,team,alarm_m3,119,45.769,-11.642,7.833,14.032,-12.509,0,0
20260924T044418,L2-h000-A-r0-chk-absent,team,alarm_m5,119,45.769,-11.642,7.833,14.032,-12.509,0,0
20260924T044418,L2-h000-A-r0-chk-absent,team,alarm_m10,119,45.769,-11.642,7.833,14.032,-12.509,0,0
20260924T044418,L2-h000-A-r0-chk-absent,team,alarm_m20,131,50.385,-5.83,9.15,10.85,-17.124,0,0
20260924T044418,L2-h000-A-r0-chk-absent,team,alarm_xy5,87,33.462,-27.293,4.654,27.686,-0.201,0,0
20260924T044418,L2-h000-A-r0-chk-absent,team,best,67,25.769,-37.307,5.413,37.697,7.491,1,0
20260924T044418,L2-h030-B-r0-chk-absent,mulcher,alarm_m3,121,46.538,3.567,10.527,11.115,-12.504,0,0
20260924T044418,L2-h030-B-r0-chk-absent,mulcher,alarm_m5,121,46.538,3.567,10.527,11.115,-12.504,0,0
20260924T044418,L2-h030-B-r0-chk-absent,mulcher,alarm_m10,121,46.538,3.567,10.527,11.115,-12.504,0,0
20260924T044418,L2-h030-B-r0-chk-absent,mulcher,alarm_m20,122,46.923,3.07,10.47,10.911,-12.888,0,0
20260924T044418,L2-h030-B-r0-chk-absent,mulcher,alarm_xy5,121,46.538,3.567,10.527,11.115,-12.504,0,0
20260924T044418,L2-h030-B-r0-chk-absent,mulcher,best,120,46.154,4.064,10.583,11.337,-12.119,0,0
20260924T044418,L2-h030-B-r0-chk-absent,team,alarm_m3,121,46.538,3.567,10.527,11.115,-12.504,0,0
20260924T044418,L2-h030-B-r0-chk-absent,team,alarm_m5,121,46.538,3.567,10.527,11.115,-12.504,0,0
20260924T044418,L2-h030-B-r0-chk-absent,team,alarm_m10,121,46.538,3.567,10.527,11.115,-12.504,0,0
20260924T044418,L2-h030-B-r0-chk-absent,team,alarm_m20,122,46.923,3.07,10.47,10.911,-12.888,0,0
20260924T044418,L2-h030-B-r0-chk-absent,team,alarm_xy5,121,46.538,3.567,10.527,11.115,-12.504,0,0
20260924T044418,L2-h030-B-r0-chk-absent,team,best,120,46.154,4.064,10.583,11.337,-12.119,0,0
20260924T044418,L2-h060-A-r0-chk-absent,mulcher,alarm_m3,127,48.846,-10.921,8.855,14.06,-13.251,0,0
20260924T044418,L2-h060-A-r0-chk-absent,mulcher,alarm_m5,127,48.846,-10.921,8.855,14.06,-13.251,0,0
20260924T044418,L2-h060-A-r0-chk-absent,mulcher,alarm_m10,127,48.846,-10.921,8.855,14.06,-13.251,0,0
20260924T044418,L2-h060-A-r0-chk-absent,mulcher,alarm_m20,129,49.615,-9.956,9.118,13.501,-14.02,0,0
20260924T044418,L2-h060-A-r0-chk-absent,mulcher,alarm_xy5,89,34.231,-29.316,5.481,29.824,1.365,1,0
20260924T044418,L2-h060-A-r0-chk-absent,mulcher,best,86,33.077,-30.797,5.549,31.293,2.519,1,0
20260924T044418,L2-h060-A-r0-chk-absent,team,alarm_m3,127,48.846,-10.921,8.855,14.06,-13.251,0,0
20260924T044418,L2-h060-A-r0-chk-absent,team,alarm_m5,127,48.846,-10.921,8.855,14.06,-13.251,0,0
20260924T044418,L2-h060-A-r0-chk-absent,team,alarm_m10,127,48.846,-10.921,8.855,14.06,-13.251,0,0
20260924T044418,L2-h060-A-r0-chk-absent,team,alarm_m20,129,49.615,-9.956,9.118,13.501,-14.02,0,0
20260924T044418,L2-h060-A-r0-chk-absent,team,alarm_xy5,89,34.231,-29.316,5.481,29.824,1.365,1,0
20260924T044418,L2-h060-A-r0-chk-absent,team,best,86,33.077,-30.797,5.549,31.293,2.519,1,0
20260924T044418,L2-h090-B-r0-chk-absent,mulcher,alarm_m3,106,40.769,8.576,11.106,14.032,-8.61,0,0
20260924T044418,L2-h090-B-r0-chk-absent,mulcher,alarm_m5,106,40.769,8.576,11.106,14.032,-8.61,0,0
20260924T044418,L2-h090-B-r0-chk-absent,mulcher,alarm_m10,,,,,,,0,0
20260924T044418,L2-h090-B-r0-chk-absent,mulcher,alarm_m20,,,,,,,0,0
20260924T044418,L2-h090-B-r0-chk-absent,mulcher,alarm_xy5,81,31.154,20.552,14.69,25.262,1.006,1,0
20260924T044418,L2-h090-B-r0-chk-absent,mulcher,best,76,29.231,23.044,14.917,27.451,2.929,1,0
20260924T044418,L2-h090-B-r0-chk-absent,team,alarm_m3,106,40.769,8.576,11.106,14.032,-8.61,0,0
20260924T044418,L2-h090-B-r0-chk-absent,team,alarm_m5,106,40.769,8.576,11.106,14.032,-8.61,0,0
20260924T044418,L2-h090-B-r0-chk-absent,team,alarm_m10,,,,,,,0,0
20260924T044418,L2-h090-B-r0-chk-absent,team,alarm_m20,,,,,,,0,0
20260924T044418,L2-h090-B-r0-chk-absent,team,alarm_xy5,81,31.154,20.552,14.69,25.262,1.006,1,0
20260924T044418,L2-h090-B-r0-chk-absent,team,best,76,29.231,23.044,14.917,27.451,2.929,1,0
20260924T044418,L2-h120-A-r0-chk-absent,mulcher,alarm_m3,,,,,,,0,0
20260924T044418,L2-h120-A-r0-chk-absent,mulcher,alarm_m5,,,,,,,0,0
20260924T044418,L2-h120-A-r0-chk-absent,mulcher,alarm_m10,,,,,,,0,0
20260924T044418,L2-h120-A-r0-chk-absent,mulcher,alarm_m20,,,,,,,0,0
20260924T044418,L2-h120-A-r0-chk-absent,mulcher,alarm_xy5,95,36.538,-25.516,4.606,25.928,-1.556,0,0
20260924T044418,L2-h120-A-r0-chk-absent,mulcher,best,89,34.231,-28.533,4.584,28.899,0.752,1,0
20260924T044418,L2-h120-A-r0-chk-absent,team,alarm_m3,,,,,,,0,0
20260924T044418,L2-h120-A-r0-chk-absent,team,alarm_m5,,,,,,,0,0
20260924T044418,L2-h120-A-r0-chk-absent,team,alarm_m10,,,,,,,0,0
20260924T044418,L2-h120-A-r0-chk-absent,team,alarm_m20,,,,,,,0,0
20260924T044418,L2-h120-A-r0-chk-absent,team,alarm_xy5,95,36.538,-25.516,4.606,25.928,-1.556,0,0
20260924T044418,L2-h120-A-r0-chk-absent,team,best,89,34.231,-28.533,4.584,28.899,0.752,1,0
20260924T044418,L2-h150-B-r0-chk-absent,mulcher,alarm_m3,108,41.538,8.221,11.015,13.745,-8.892,0,0
20260924T044418,L2-h150-B-r0-chk-absent,mulcher,alarm_m5,108,41.538,8.221,11.015,13.745,-8.892,0,0
20260924T044418,L2-h150-B-r0-chk-absent,mulcher,alarm_m10,108,41.538,8.221,11.015,13.745,-8.892,0,0
20260924T044418,L2-h150-B-r0-chk-absent,mulcher,alarm_m20,108,41.538,8.221,11.015,13.745,-8.892,0,0
20260924T044418,L2-h150-B-r0-chk-absent,mulcher,alarm_xy5,80,30.769,21.681,14.789,26.245,1.878,1,0
20260924T044418,L2-h150-B-r0-chk-absent,mulcher,best,79,30.385,22.179,14.837,26.684,2.262,1,0
20260924T044418,L2-h150-B-r0-chk-absent,team,alarm_m3,108,41.538,8.221,11.015,13.745,-8.892,0,0
20260924T044418,L2-h150-B-r0-chk-absent,team,alarm_m5,108,41.538,8.221,11.015,13.745,-8.892,0,0
20260924T044418,L2-h150-B-r0-chk-absent,team,alarm_m10,108,41.538,8.221,11.015,13.745,-8.892,0,0
20260924T044418,L2-h150-B-r0-chk-absent,team,alarm_m20,108,41.538,8.221,11.015,13.745,-8.892,0,0
20260924T044418,L2-h150-B-r0-chk-absent,team,alarm_xy5,80,30.769,21.681,14.789,26.245,1.878,1,0
20260924T044418,L2-h150-B-r0-chk-absent,team,best,79,30.385,22.179,14.837,26.684,2.262,1,0
20260924T044418,L2-h180-A-r0-chk-absent,mulcher,alarm_m3,131,50.385,-9.802,8.476,12.959,-14.004,0,0
20260924T044418,L2-h180-A-r0-chk-absent,mulcher,alarm_m5,131,50.385,-9.802,8.476,12.959,-14.004,0,0
20260924T044418,L2-h180-A-r0-chk-absent,mulcher,alarm_m10,131,50.385,-9.802,8.476,12.959,-14.004,0,0
20260924T044418,L2-h180-A-r0-chk-absent,mulcher,alarm_m20,132,50.769,-9.326,8.591,12.68,-14.389,0,0
20260924T044418,L2-h180-A-r0-chk-absent,mulcher,alarm_xy5,130,50.0,-10.285,8.345,13.244,-13.62,0,0
20260924T044418,L2-h180-A-r0-chk-absent,mulcher,best,129,49.615,-10.767,8.213,13.542,-13.235,0,0
20260924T044418,L2-h180-A-r0-chk-absent,team,alarm_m3,131,50.385,-9.802,8.476,12.959,-14.004,0,0
20260924T044418,L2-h180-A-r0-chk-absent,team,alarm_m5,131,50.385,-9.802,8.476,12.959,-14.004,0,0
20260924T044418,L2-h180-A-r0-chk-absent,team,alarm_m10,131,50.385,-9.802,8.476,12.959,-14.004,0,0
20260924T044418,L2-h180-A-r0-chk-absent,team,alarm_m20,132,50.769,-9.326,8.591,12.68,-14.389,0,0
20260924T044418,L2-h180-A-r0-chk-absent,team,alarm_xy5,130,50.0,-10.285,8.345,13.244,-13.62,0,0
20260924T044418,L2-h180-A-r0-chk-absent,team,best,129,49.615,-10.767,8.213,13.542,-13.235,0,0
20260924T044418,L2-h210-B-r0-chk-absent,mulcher,alarm_m3,120,46.154,8.586,10.834,13.823,-8.65,0,0
20260924T044418,L2-h210-B-r0-chk-absent,mulcher,alarm_m5,120,46.154,8.586,10.834,13.823,-8.65,0,0
20260924T044418,L2-h210-B-r0-chk-absent,mulcher,alarm_m10,120,46.154,8.586,10.834,13.823,-8.65,0,0
20260924T044418,L2-h210-B-r0-chk-absent,mulcher,alarm_m20,132,50.769,2.627,9.918,10.26,-13.266,0,0
20260924T044418,L2-h210-B-r0-chk-absent,mulcher,alarm_xy5,96,36.923,20.079,14.313,24.658,0.581,1,0
20260924T044418,L2-h210-B-r0-chk-absent,mulcher,best,89,34.231,23.506,14.674,27.71,3.273,1,0
20260924T044418,L2-h210-B-r0-chk-absent,team,alarm_m3,120,46.154,8.586,10.834,13.823,-8.65,0,0
20260924T044418,L2-h210-B-r0-chk-absent,team,alarm_m5,120,46.154,8.586,10.834,13.823,-8.65,0,0
20260924T044418,L2-h210-B-r0-chk-absent,team,alarm_m10,120,46.154,8.586,10.834,13.823,-8.65,0,0
20260924T044418,L2-h210-B-r0-chk-absent,team,alarm_m20,132,50.769,2.627,9.918,10.26,-13.266,0,0
20260924T044418,L2-h210-B-r0-chk-absent,team,alarm_xy5,96,36.923,20.079,14.313,24.658,0.581,1,0
20260924T044418,L2-h210-B-r0-chk-absent,team,best,89,34.231,23.506,14.674,27.71,3.273,1,0
20260924T044418,L2-h240-A-r0-chk-absent,mulcher,alarm_m3,125,48.077,-11.298,8.243,13.986,-12.847,0,0
20260924T044418,L2-h240-A-r0-chk-absent,mulcher,alarm_m5,125,48.077,-11.298,8.243,13.986,-12.847,0,0
20260924T044418,L2-h240-A-r0-chk-absent,mulcher,alarm_m10,125,48.077,-11.298,8.243,13.986,-12.847,0,0
20260924T044418,L2-h240-A-r0-chk-absent,mulcher,alarm_m20,127,48.846,-10.333,8.506,13.384,-13.616,0,0
20260924T044418,L2-h240-A-r0-chk-absent,mulcher,alarm_xy5,89,34.231,-28.848,4.983,29.276,0.999,1,0
20260924T044418,L2-h240-A-r0-chk-absent,mulcher,best,82,31.538,-32.347,5.149,32.754,3.692,1,0
20260924T044418,L2-h240-A-r0-chk-absent,team,alarm_m3,125,48.077,-11.298,8.243,13.986,-12.847,0,0
20260924T044418,L2-h240-A-r0-chk-absent,team,alarm_m5,125,48.077,-11.298,8.243,13.986,-12.847,0,0
20260924T044418,L2-h240-A-r0-chk-absent,team,alarm_m10,125,48.077,-11.298,8.243,13.986,-12.847,0,0
20260924T044418,L2-h240-A-r0-chk-absent,team,alarm_m20,127,48.846,-10.333,8.506,13.384,-13.616,0,0
20260924T044418,L2-h240-A-r0-chk-absent,team,alarm_xy5,89,34.231,-28.848,4.983,29.276,0.999,1,0
20260924T044418,L2-h240-A-r0-chk-absent,team,best,82,31.538,-32.347,5.149,32.754,3.692,1,0
20260924T044418,L2-h270-B-r0-chk-absent,mulcher,alarm_m3,111,42.692,8.118,11.088,13.742,-8.955,0,0
20260924T044418,L2-h270-B-r0-chk-absent,mulcher,alarm_m5,111,42.692,8.118,11.088,13.742,-8.955,0,0
20260924T044418,L2-h270-B-r0-chk-absent,mulcher,alarm_m10,111,42.692,8.118,11.088,13.742,-8.955,0,0
20260924T044418,L2-h270-B-r0-chk-absent,mulcher,alarm_m20,125,48.077,1.216,10.21,10.282,-14.34,0,0
20260924T044418,L2-h270-B-r0-chk-absent,mulcher,alarm_xy5,84,32.308,21.091,14.828,25.782,1.429,1,0
20260924T044418,L2-h270-B-r0-chk-absent,mulcher,best,79,30.385,23.589,15.034,27.973,3.352,1,0
20260924T044418,L2-h270-B-r0-chk-absent,team,alarm_m3,111,42.692,8.118,11.088,13.742,-8.955,0,0
20260924T044418,L2-h270-B-r0-chk-absent,team,alarm_m5,111,42.692,8.118,11.088,13.742,-8.955,0,0
20260924T044418,L2-h270-B-r0-chk-absent,team,alarm_m10,111,42.692,8.118,11.088,13.742,-8.955,0,0
20260924T044418,L2-h270-B-r0-chk-absent,team,alarm_m20,125,48.077,1.216,10.21,10.282,-14.34,0,0
20260924T044418,L2-h270-B-r0-chk-absent,team,alarm_xy5,84,32.308,21.091,14.828,25.782,1.429,1,0
20260924T044418,L2-h270-B-r0-chk-absent,team,best,79,30.385,23.589,15.034,27.973,3.352,1,0
20260924T044418,L2-h300-A-r0-chk-absent,mulcher,alarm_m3,116,44.615,-11.577,7.816,13.968,-12.553,0,0
20260924T044418,L2-h300-A-r0-chk-absent,mulcher,alarm_m5,116,44.615,-11.577,7.816,13.968,-12.553,0,0
20260924T044418,L2-h300-A-r0-chk-absent,mulcher,alarm_m10,116,44.615,-11.577,7.816,13.968,-12.553,0,0
20260924T044418,L2-h300-A-r0-chk-absent,mulcher,alarm_m20,129,49.615,-5.274,9.206,10.61,-17.553,0,0
20260924T044418,L2-h300-A-r0-chk-absent,mulcher,alarm_xy5,83,31.923,-27.735,4.627,28.118,0.139,1,0
20260924T044418,L2-h300-A-r0-chk-absent,mulcher,best,79,30.385,-29.75,4.66,30.113,1.677,1,0
20260924T044418,L2-h300-A-r0-chk-absent,team,alarm_m3,116,44.615,-11.577,7.816,13.968,-12.553,0,0
20260924T044418,L2-h300-A-r0-chk-absent,team,alarm_m5,116,44.615,-11.577,7.816,13.968,-12.553,0,0
20260924T044418,L2-h300-A-r0-chk-absent,team,alarm_m10,116,44.615,-11.577,7.816,13.968,-12.553,0,0
20260924T044418,L2-h300-A-r0-chk-absent,team,alarm_m20,129,49.615,-5.274,9.206,10.61,-17.553,0,0
20260924T044418,L2-h300-A-r0-chk-absent,team,alarm_xy5,83,31.923,-27.735,4.627,28.118,0.139,1,0
20260924T044418,L2-h300-A-r0-chk-absent,team,best,79,30.385,-29.75,4.66,30.113,1.677,1,0
20260924T044418,L2-h330-B-r0-chk-absent,mulcher,alarm_m3,120,46.154,7.913,11.24,13.746,-9.082,0,0
20260924T044418,L2-h330-B-r0-chk-absent,mulcher,alarm_m5,120,46.154,7.913,11.24,13.746,-9.082,0,0
20260924T044418,L2-h330-B-r0-chk-absent,mulcher,alarm_m10,120,46.154,7.913,11.24,13.746,-9.082,0,0
20260924T044418,L2-h330-B-r0-chk-absent,mulcher,alarm_m20,120,46.154,7.913,11.24,13.746,-9.082,0,0
20260924T044418,L2-h330-B-r0-chk-absent,mulcher,alarm_xy5,93,35.769,20.909,15.007,25.737,1.302,1,0
20260924T044418,L2-h330-B-r0-chk-absent,mulcher,best,70,26.923,32.449,15.16,35.816,10.148,1,0
20260924T044418,L2-h330-B-r0-chk-absent,team,alarm_m3,120,46.154,7.913,11.24,13.746,-9.082,0,0
20260924T044418,L2-h330-B-r0-chk-absent,team,alarm_m5,120,46.154,7.913,11.24,13.746,-9.082,0,0
20260924T044418,L2-h330-B-r0-chk-absent,team,alarm_m10,120,46.154,7.913,11.24,13.746,-9.082,0,0
20260924T044418,L2-h330-B-r0-chk-absent,team,alarm_m20,120,46.154,7.913,11.24,13.746,-9.082,0,0
20260924T044418,L2-h330-B-r0-chk-absent,team,alarm_xy5,93,35.769,20.909,15.007,25.737,1.302,1,0
20260924T044418,L2-h330-B-r0-chk-absent,team,best,70,26.923,32.449,15.16,35.816,10.148,1,0
