session,walk,detector,variant,step,t_s,x,y,dist_m,warn_s,before_post,before50
20260924T045957,L3-h000-A-r0,mulcher,alarm_m3,118,45.385,-0.792,13.792,13.815,-11.136,0,0
20260924T045957,L3-h000-A-r0,mulcher,alarm_m5,118,45.385,-0.792,13.792,13.815,-11.136,0,0
20260924T045957,L3-h000-A-r0,mulcher,alarm_m10,118,45.385,-0.792,13.792,13.815,-11.136,0,0
20260924T045957,L3-h000-A-r0,mulcher,alarm_m20,118,45.385,-0.792,13.792,13.815,-11.136,0,0
20260924T045957,L3-h000-A-r0,mulcher,alarm_xy5,72,27.692,-4.68,36.069,36.371,6.557,1,0
20260924T045957,L3-h000-A-r0,mulcher,best,71,27.308,-4.638,36.567,36.86,6.941,1,0
20260924T045957,L3-h000-A-r0,lk3a,alarm_m3,61,23.462,-4.048,41.527,41.724,10.788,1,0
20260924T045957,L3-h000-A-r0,lk3a,alarm_m5,61,23.462,-4.048,41.527,41.724,10.788,1,0
20260924T045957,L3-h000-A-r0,lk3a,alarm_m10,61,23.462,-4.048,41.527,41.724,10.788,1,0
20260924T045957,L3-h000-A-r0,lk3a,alarm_m20,65,25.0,-4.322,39.548,39.783,9.249,1,0
20260924T045957,L3-h000-A-r0,lk3a,alarm_xy5,19,7.308,0.582,61.992,61.994,26.941,1,1
20260924T045957,L3-h000-A-r0,lk3a,best,18,6.923,0.708,62.475,62.479,27.326,1,1
20260924T045957,L3-h000-A-r0,lk3b,alarm_m3,,,,,,,0,0
20260924T045957,L3-h000-A-r0,lk3b,alarm_m5,,,,,,,0,0
20260924T045957,L3-h000-A-r0,lk3b,alarm_m10,,,,,,,0,0
20260924T045957,L3-h000-A-r0,lk3b,alarm_m20,,,,,,,0,0
20260924T045957,L3-h000-A-r0,lk3b,alarm_xy5,125,48.077,-0.016,10.377,10.378,-13.828,0,0
20260924T045957,L3-h000-A-r0,lk3b,best,121,46.538,-0.413,12.338,12.345,-12.289,0,0
20260924T045957,L3-h000-A-r0,lk3c,alarm_m3,,,,,,,0,0
20260924T045957,L3-h000-A-r0,lk3c,alarm_m5,,,,,,,0,0
20260924T045957,L3-h000-A-r0,lk3c,alarm_m10,,,,,,,0,0
20260924T045957,L3-h000-A-r0,lk3c,alarm_m20,,,,,,,0,0
20260924T045957,L3-h000-A-r0,lk3c,alarm_xy5,,,,,,,0,0
20260924T045957,L3-h000-A-r0,lk3c,best,,,,,,,0,0
20260924T045957,L3-h000-A-r0,team,alarm_m3,61,23.462,-4.048,41.527,41.724,10.788,1,0
20260924T045957,L3-h000-A-r0,team,alarm_m5,61,23.462,-4.048,41.527,41.724,10.788,1,0
20260924T045957,L3-h000-A-r0,team,alarm_m10,61,23.462,-4.048,41.527,41.724,10.788,1,0
20260924T045957,L3-h000-A-r0,team,alarm_m20,65,25.0,-4.322,39.548,39.783,9.249,1,0
20260924T045957,L3-h000-A-r0,team,alarm_xy5,19,7.308,0.582,61.992,61.994,26.941,1,1
20260924T045957,L3-h000-A-r0,team,best,18,6.923,0.708,62.475,62.479,27.326,1,1
20260924T045957,L3-h000-A-r1,mulcher,alarm_m3,128,49.231,-0.81,13.496,13.52,-11.352,0,0
20260924T045957,L3-h000-A-r1,mulcher,alarm_m5,128,49.231,-0.81,13.496,13.52,-11.352,0,0
20260924T045957,L3-h000-A-r1,mulcher,alarm_m10,128,49.231,-0.81,13.496,13.52,-11.352,0,0
20260924T045957,L3-h000-A-r1,mulcher,alarm_m20,128,49.231,-0.81,13.496,13.52,-11.352,0,0
20260924T045957,L3-h000-A-r1,mulcher,alarm_xy5,80,30.769,-4.713,36.792,37.093,7.109,1,0
20260924T045957,L3-h000-A-r1,mulcher,best,79,30.385,-4.671,37.29,37.582,7.494,1,0
20260924T045957,L3-h000-A-r1,lk3a,alarm_m3,70,26.923,-4.11,41.757,41.959,10.955,1,0
20260924T045957,L3-h000-A-r1,lk3a,alarm_m5,70,26.923,-4.11,41.757,41.959,10.955,1,0
20260924T045957,L3-h000-A-r1,lk3a,alarm_m10,70,26.923,-4.11,41.757,41.959,10.955,1,0
20260924T045957,L3-h000-A-r1,lk3a,alarm_m20,73,28.077,-4.325,40.272,40.504,9.802,1,0
20260924T045957,L3-h000-A-r1,lk3a,alarm_xy5,27,10.385,0.672,62.711,62.714,27.494,1,1
20260924T045957,L3-h000-A-r1,lk3a,best,26,10.0,0.796,63.195,63.2,27.879,1,1
20260924T045957,L3-h000-A-r1,lk3b,alarm_m3,,,,,,,0,0
20260924T045957,L3-h000-A-r1,lk3b,alarm_m5,,,,,,,0,0
20260924T045957,L3-h000-A-r1,lk3b,alarm_m10,,,,,,,0,0
20260924T045957,L3-h000-A-r1,lk3b,alarm_m20,,,,,,,0,0
20260924T045957,L3-h000-A-r1,lk3b,alarm_xy5,130,50.0,-0.551,12.53,12.542,-12.121,0,0
20260924T045957,L3-h000-A-r1,lk3b,best,129,49.615,-0.68,13.013,13.031,-11.737,0,0
20260924T045957,L3-h000-A-r1,lk3c,alarm_m3,,,,,,,0,0
20260924T045957,L3-h000-A-r1,lk3c,alarm_m5,,,,,,,0,0
20260924T045957,L3-h000-A-r1,lk3c,alarm_m10,,,,,,,0,0
20260924T045957,L3-h000-A-r1,lk3c,alarm_m20,,,,,,,0,0
20260924T045957,L3-h000-A-r1,lk3c,alarm_xy5,,,,,,,0,0
20260924T045957,L3-h000-A-r1,lk3c,best,,,,,,,0,0
20260924T045957,L3-h000-A-r1,team,alarm_m3,70,26.923,-4.11,41.757,41.959,10.955,1,0
20260924T045957,L3-h000-A-r1,team,alarm_m5,70,26.923,-4.11,41.757,41.959,10.955,1,0
20260924T045957,L3-h000-A-r1,team,alarm_m10,70,26.923,-4.11,41.757,41.959,10.955,1,0
20260924T045957,L3-h000-A-r1,team,alarm_m20,73,28.077,-4.325,40.272,40.504,9.802,1,0
20260924T045957,L3-h000-A-r1,team,alarm_xy5,27,10.385,0.672,62.711,62.714,27.494,1,1
20260924T045957,L3-h000-A-r1,team,best,26,10.0,0.796,63.195,63.2,27.879,1,1
20260924T045957,L3-h000-B-r0,mulcher,alarm_m3,119,45.769,-11.802,-7.14,13.793,-11.094,0,0
20260924T045957,L3-h000-B-r0,mulcher,alarm_m5,119,45.769,-11.802,-7.14,13.793,-11.094,0,0
20260924T045957,L3-h000-B-r0,mulcher,alarm_m10,119,45.769,-11.802,-7.14,13.793,-11.094,0,0
20260924T045957,L3-h000-B-r0,mulcher,alarm_m20,,,,,,,0,0
20260924T045957,L3-h000-B-r0,mulcher,alarm_xy5,87,33.462,-26.74,-12.571,29.547,1.214,1,0
20260924T045957,L3-h000-B-r0,mulcher,best,86,33.077,-27.218,-12.715,30.042,1.599,1,0
20260924T045957,L3-h000-B-r0,lk3a,alarm_m3,,,,,,,0,0
20260924T045957,L3-h000-B-r0,lk3a,alarm_m5,,,,,,,0,0
20260924T045957,L3-h000-B-r0,lk3a,alarm_m10,,,,,,,0,0
20260924T045957,L3-h000-B-r0,lk3a,alarm_m20,,,,,,,0,0
20260924T045957,L3-h000-B-r0,lk3a,alarm_xy5,123,47.308,-10.154,-6.022,11.805,-12.632,0,0
20260924T045957,L3-h000-B-r0,lk3a,best,120,46.154,-11.38,-6.872,13.294,-11.478,0,0
20260924T045957,L3-h000-B-r0,lk3b,alarm_m3,62,23.846,-38.481,-16.867,42.015,10.83,1,0
20260924T045957,L3-h000-B-r0,lk3b,alarm_m5,62,23.846,-38.481,-16.867,42.015,10.83,1,0
20260924T045957,L3-h000-B-r0,lk3b,alarm_m10,63,24.231,-38.022,-16.668,41.515,10.445,1,0
20260924T045957,L3-h000-B-r0,lk3b,alarm_m20,64,24.615,-37.563,-16.469,41.015,10.06,1,0
20260924T045957,L3-h000-B-r0,lk3b,alarm_xy5,21,8.077,-55.916,-27.572,62.345,26.599,1,1
20260924T045957,L3-h000-B-r0,lk3b,best,18,6.923,-57.075,-28.528,63.807,27.753,1,1
20260924T045957,L3-h000-B-r0,lk3c,alarm_m3,,,,,,,0,0
20260924T045957,L3-h000-B-r0,lk3c,alarm_m5,,,,,,,0,0
20260924T045957,L3-h000-B-r0,lk3c,alarm_m10,,,,,,,0,0
20260924T045957,L3-h000-B-r0,lk3c,alarm_m20,,,,,,,0,0
20260924T045957,L3-h000-B-r0,lk3c,alarm_xy5,,,,,,,0,0
20260924T045957,L3-h000-B-r0,lk3c,best,122,46.923,-10.552,-6.324,12.302,-12.247,0,0
20260924T045957,L3-h000-B-r0,team,alarm_m3,62,23.846,-38.481,-16.867,42.015,10.83,1,0
20260924T045957,L3-h000-B-r0,team,alarm_m5,62,23.846,-38.481,-16.867,42.015,10.83,1,0
20260924T045957,L3-h000-B-r0,team,alarm_m10,63,24.231,-38.022,-16.668,41.515,10.445,1,0
20260924T045957,L3-h000-B-r0,team,alarm_m20,64,24.615,-37.563,-16.469,41.015,10.06,1,0
20260924T045957,L3-h000-B-r0,team,alarm_xy5,21,8.077,-55.916,-27.572,62.345,26.599,1,1
20260924T045957,L3-h000-B-r0,team,best,18,6.923,-57.075,-28.528,63.807,27.753,1,1
20260924T045957,L3-h000-B-r1,mulcher,alarm_m3,113,43.462,-11.566,-7.079,13.56,-11.272,0,0
20260924T045957,L3-h000-B-r1,mulcher,alarm_m5,113,43.462,-11.566,-7.079,13.56,-11.272,0,0
20260924T045957,L3-h000-B-r1,mulcher,alarm_m10,113,43.462,-11.566,-7.079,13.56,-11.272,0,0
20260924T045957,L3-h000-B-r1,mulcher,alarm_m20,115,44.231,-10.722,-6.542,12.56,-12.041,0,0
20260924T045957,L3-h000-B-r1,mulcher,alarm_xy5,81,31.154,-26.496,-12.576,29.329,1.036,1,0
20260924T045957,L3-h000-B-r1,mulcher,best,77,29.615,-28.404,-13.174,31.311,2.574,1,0
20260924T045957,L3-h000-B-r1,lk3a,alarm_m3,,,,,,,0,0
20260924T045957,L3-h000-B-r1,lk3a,alarm_m5,,,,,,,0,0
20260924T045957,L3-h000-B-r1,lk3a,alarm_m10,,,,,,,0,0
20260924T045957,L3-h000-B-r1,lk3a,alarm_m20,,,,,,,0,0
20260924T045957,L3-h000-B-r1,lk3a,alarm_xy5,116,44.615,-10.322,-6.245,12.064,-12.426,0,0
20260924T045957,L3-h000-B-r1,lk3a,best,113,43.462,-11.566,-7.079,13.56,-11.272,0,0
20260924T045957,L3-h000-B-r1,lk3b,alarm_m3,56,21.538,-38.238,-16.844,41.783,10.651,1,0
20260924T045957,L3-h000-B-r1,lk3b,alarm_m5,56,21.538,-38.238,-16.844,41.783,10.651,1,0
20260924T045957,L3-h000-B-r1,lk3b,alarm_m10,56,21.538,-38.238,-16.844,41.783,10.651,1,0
20260924T045957,L3-h000-B-r1,lk3b,alarm_m20,58,22.308,-37.321,-16.445,40.783,9.882,1,0
20260924T045957,L3-h000-B-r1,lk3b,alarm_xy5,12,4.615,-56.848,-28.438,63.565,27.574,1,1
20260924T045957,L3-h000-B-r1,lk3b,best,11,4.231,-57.232,-28.758,64.051,27.959,1,1
20260924T045957,L3-h000-B-r1,lk3c,alarm_m3,,,,,,,0,0
20260924T045957,L3-h000-B-r1,lk3c,alarm_m5,,,,,,,0,0
20260924T045957,L3-h000-B-r1,lk3c,alarm_m10,,,,,,,0,0
20260924T045957,L3-h000-B-r1,lk3c,alarm_m20,,,,,,,0,0
20260924T045957,L3-h000-B-r1,lk3c,alarm_xy5,,,,,,,0,0
20260924T045957,L3-h000-B-r1,lk3c,best,113,43.462,-11.566,-7.079,13.56,-11.272,0,0
20260924T045957,L3-h000-B-r1,team,alarm_m3,56,21.538,-38.238,-16.844,41.783,10.651,1,0
20260924T045957,L3-h000-B-r1,team,alarm_m5,56,21.538,-38.238,-16.844,41.783,10.651,1,0
20260924T045957,L3-h000-B-r1,team,alarm_m10,56,21.538,-38.238,-16.844,41.783,10.651,1,0
20260924T045957,L3-h000-B-r1,team,alarm_m20,58,22.308,-37.321,-16.445,40.783,9.882,1,0
20260924T045957,L3-h000-B-r1,team,alarm_xy5,12,4.615,-56.848,-28.438,63.565,27.574,1,1
20260924T045957,L3-h000-B-r1,team,best,11,4.231,-57.232,-28.758,64.051,27.959,1,1
20260924T045957,L3-h000-C-r0,mulcher,alarm_m3,,,,,,,0,0
20260924T045957,L3-h000-C-r0,mulcher,alarm_m5,,,,,,,0,0
20260924T045957,L3-h000-C-r0,mulcher,alarm_m10,,,,,,,0,0
20260924T045957,L3-h000-C-r0,mulcher,alarm_m20,,,,,,,0,0
20260924T045957,L3-h000-C-r0,mulcher,alarm_xy5,100,38.462,19.082,-15.31,24.465,-2.847,0,0
20260924T045957,L3-h000-C-r0,mulcher,best,97,37.308,20.475,-16.031,26.004,-1.693,0,0
20260924T045957,L3-h000-C-r0,lk3a,alarm_m3,,,,,,,0,0
20260924T045957,L3-h000-C-r0,lk3a,alarm_m5,,,,,,,0,0
20260924T045957,L3-h000-C-r0,lk3a,alarm_m10,,,,,,,0,0
20260924T045957,L3-h000-C-r0,lk3a,alarm_m20,,,,,,,0,0
20260924T045957,L3-h000-C-r0,lk3a,alarm_xy5,127,48.846,9.211,-6.058,11.025,-13.232,0,0
20260924T045957,L3-h000-C-r0,lk3a,best,124,47.692,10.214,-7.18,12.485,-12.078,0,0
20260924T045957,L3-h000-C-r0,lk3b,alarm_m3,,,,,,,0,0
20260924T045957,L3-h000-C-r0,lk3b,alarm_m5,,,,,,,0,0
20260924T045957,L3-h000-C-r0,lk3b,alarm_m10,,,,,,,0,0
20260924T045957,L3-h000-C-r0,lk3b,alarm_m20,,,,,,,0,0
20260924T045957,L3-h000-C-r0,lk3b,alarm_xy5,,,,,,,0,0
20260924T045957,L3-h000-C-r0,lk3b,best,126,48.462,9.544,-6.431,11.509,-12.847,0,0
20260924T045957,L3-h000-C-r0,lk3c,alarm_m3,64,24.615,36.313,-20.708,41.802,10.999,1,0
20260924T045957,L3-h000-C-r0,lk3c,alarm_m5,64,24.615,36.313,-20.708,41.802,10.999,1,0
20260924T045957,L3-h000-C-r0,lk3c,alarm_m10,64,24.615,36.313,-20.708,41.802,10.999,1,0
20260924T045957,L3-h000-C-r0,lk3c,alarm_m20,67,25.769,34.866,-20.309,40.35,9.845,1,0
20260924T045957,L3-h000-C-r0,lk3c,alarm_xy5,24,9.231,55.227,-27.019,61.482,26.384,1,1
20260924T045957,L3-h000-C-r0,lk3c,best,23,8.846,55.685,-27.219,61.982,26.768,1,1
20260924T045957,L3-h000-C-r0,team,alarm_m3,64,24.615,36.313,-20.708,41.802,10.999,1,0
20260924T045957,L3-h000-C-r0,team,alarm_m5,64,24.615,36.313,-20.708,41.802,10.999,1,0
20260924T045957,L3-h000-C-r0,team,alarm_m10,64,24.615,36.313,-20.708,41.802,10.999,1,0
20260924T045957,L3-h000-C-r0,team,alarm_m20,67,25.769,34.866,-20.309,40.35,9.845,1,0
20260924T045957,L3-h000-C-r0,team,alarm_xy5,24,9.231,55.227,-27.019,61.482,26.384,1,1
20260924T045957,L3-h000-C-r0,team,best,23,8.846,55.685,-27.219,61.982,26.768,1,1
20260924T045957,L3-h000-C-r1,mulcher,alarm_m3,,,,,,,0,0
20260924T045957,L3-h000-C-r1,mulcher,alarm_m5,,,,,,,0,0
20260924T045957,L3-h000-C-r1,mulcher,alarm_m10,,,,,,,0,0
20260924T045957,L3-h000-C-r1,mulcher,alarm_m20,,,,,,,0,0
20260924T045957,L3-h000-C-r1,mulcher,alarm_xy5,92,35.385,18.251,-14.131,23.082,-3.891,0,0
20260924T045957,L3-h000-C-r1,mulcher,best,91,35.0,18.66,-14.417,23.581,-3.507,0,0
20260924T045957,L3-h000-C-r1,lk3a,alarm_m3,,,,,,,0,0
20260924T045957,L3-h000-C-r1,lk3a,alarm_m5,,,,,,,0,0
20260924T045957,L3-h000-C-r1,lk3a,alarm_m10,,,,,,,0,0
20260924T045957,L3-h000-C-r1,lk3a,alarm_m20,,,,,,,0,0
20260924T045957,L3-h000-C-r1,lk3a,alarm_xy5,113,43.462,10.67,-6.953,12.736,-11.968,0,0
20260924T045957,L3-h000-C-r1,lk3a,best,112,43.077,11.009,-7.321,13.221,-11.584,0,0
20260924T045957,L3-h000-C-r1,lk3b,alarm_m3,,,,,,,0,0
20260924T045957,L3-h000-C-r1,lk3b,alarm_m5,,,,,,,0,0
20260924T045957,L3-h000-C-r1,lk3b,alarm_m10,,,,,,,0,0
20260924T045957,L3-h000-C-r1,lk3b,alarm_m20,,,,,,,0,0
20260924T045957,L3-h000-C-r1,lk3b,alarm_xy5,,,,,,,0,0
20260924T045957,L3-h000-C-r1,lk3b,best,115,44.231,10.004,-6.211,11.775,-12.738,0,0
20260924T045957,L3-h000-C-r1,lk3c,alarm_m3,53,20.385,36.58,-20.273,41.822,11.109,1,0
20260924T045957,L3-h000-C-r1,lk3c,alarm_m5,53,20.385,36.58,-20.273,41.822,11.109,1,0
20260924T045957,L3-h000-C-r1,lk3c,alarm_m10,53,20.385,36.58,-20.273,41.822,11.109,1,0
20260924T045957,L3-h000-C-r1,lk3c,alarm_m20,56,21.538,35.134,-19.875,40.366,9.955,1,0
20260924T045957,L3-h000-C-r1,lk3c,alarm_xy5,11,4.231,56.47,-27.027,62.604,27.262,1,1
20260924T045957,L3-h000-C-r1,lk3c,best,10,3.846,56.928,-27.241,63.11,27.647,1,1
20260924T045957,L3-h000-C-r1,team,alarm_m3,53,20.385,36.58,-20.273,41.822,11.109,1,0
20260924T045957,L3-h000-C-r1,team,alarm_m5,53,20.385,36.58,-20.273,41.822,11.109,1,0
20260924T045957,L3-h000-C-r1,team,alarm_m10,53,20.385,36.58,-20.273,41.822,11.109,1,0
20260924T045957,L3-h000-C-r1,team,alarm_m20,56,21.538,35.134,-19.875,40.366,9.955,1,0
20260924T045957,L3-h000-C-r1,team,alarm_xy5,11,4.231,56.47,-27.027,62.604,27.262,1,1
20260924T045957,L3-h000-C-r1,team,best,10,3.846,56.928,-27.241,63.11,27.647,1,1
20260924T045957,L3-h030-A-r0,mulcher,alarm_m3,111,42.692,-0.521,13.744,13.754,-11.226,0,0
20260924T045957,L3-h030-A-r0,mulcher,alarm_m5,111,42.692,-0.521,13.744,13.754,-11.226,0,0
20260924T045957,L3-h030-A-r0,mulcher,alarm_m10,111,42.692,-0.521,13.744,13.754,-11.226,0,0
20260924T045957,L3-h030-A-r0,mulcher,alarm_m20,111,42.692,-0.521,13.744,13.754,-11.226,0,0
20260924T045957,L3-h030-A-r0,mulcher,alarm_xy5,85,32.692,-4.57,25.982,26.381,-1.226,0,0
20260924T045957,L3-h030-A-r0,mulcher,best,77,29.615,-4.69,29.969,30.334,1.851,1,0
20260924T045957,L3-h030-A-r0,lk3a,alarm_m3,54,20.769,-3.817,41.375,41.551,10.697,1,0
20260924T045957,L3-h030-A-r0,lk3a,alarm_m5,54,20.769,-3.817,41.375,41.551,10.697,1,0
20260924T045957,L3-h030-A-r0,lk3a,alarm_m10,54,20.769,-3.817,41.375,41.551,10.697,1,0
20260924T045957,L3-h030-A-r0,lk3a,alarm_m20,56,21.538,-3.961,40.386,40.58,9.928,1,0
20260924T045957,L3-h030-A-r0,lk3a,alarm_xy5,15,5.769,0.415,60.364,60.365,25.697,1,1
20260924T045957,L3-h030-A-r0,lk3a,best,12,4.615,0.794,61.815,61.82,26.851,1,1
20260924T045957,L3-h030-A-r0,lk3b,alarm_m3,,,,,,,0,0
20260924T045957,L3-h030-A-r0,lk3b,alarm_m5,,,,,,,0,0
20260924T045957,L3-h030-A-r0,lk3b,alarm_m10,,,,,,,0,0
20260924T045957,L3-h030-A-r0,lk3b,alarm_m20,,,,,,,0,0
20260924T045957,L3-h030-A-r0,lk3b,alarm_xy5,113,43.462,-0.261,12.778,12.781,-11.995,0,0
20260924T045957,L3-h030-A-r0,lk3b,best,112,43.077,-0.391,13.261,13.267,-11.61,0,0
20260924T045957,L3-h030-A-r0,lk3c,alarm_m3,,,,,,,0,0
20260924T045957,L3-h030-A-r0,lk3c,alarm_m5,,,,,,,0,0
20260924T045957,L3-h030-A-r0,lk3c,alarm_m10,,,,,,,0,0
20260924T045957,L3-h030-A-r0,lk3c,alarm_m20,,,,,,,0,0
20260924T045957,L3-h030-A-r0,lk3c,alarm_xy5,,,,,,,0,0
20260924T045957,L3-h030-A-r0,lk3c,best,,,,,,,0,0
20260924T045957,L3-h030-A-r0,team,alarm_m3,54,20.769,-3.817,41.375,41.551,10.697,1,0
20260924T045957,L3-h030-A-r0,team,alarm_m5,54,20.769,-3.817,41.375,41.551,10.697,1,0
20260924T045957,L3-h030-A-r0,team,alarm_m10,54,20.769,-3.817,41.375,41.551,10.697,1,0
20260924T045957,L3-h030-A-r0,team,alarm_m20,56,21.538,-3.961,40.386,40.58,9.928,1,0
20260924T045957,L3-h030-A-r0,team,alarm_xy5,15,5.769,0.415,60.364,60.365,25.697,1,1
20260924T045957,L3-h030-A-r0,team,best,12,4.615,0.794,61.815,61.82,26.851,1,1
20260924T045957,L3-h030-A-r1,mulcher,alarm_m3,123,47.308,-1.269,13.572,13.631,-11.204,0,0
20260924T045957,L3-h030-A-r1,mulcher,alarm_m5,123,47.308,-1.269,13.572,13.631,-11.204,0,0
20260924T045957,L3-h030-A-r1,mulcher,alarm_m10,123,47.308,-1.269,13.572,13.631,-11.204,0,0
20260924T045957,L3-h030-A-r1,mulcher,alarm_m20,123,47.308,-1.269,13.572,13.631,-11.204,0,0
20260924T045957,L3-h030-A-r1,mulcher,alarm_xy5,94,36.154,-5.414,27.469,27.997,-0.05,0,0
20260924T045957,L3-h030-A-r1,mulcher,best,93,35.769,-5.424,27.984,28.505,0.334,1,0
20260924T045957,L3-h030-A-r1,lk3a,alarm_m3,66,25.385,-4.573,41.513,41.764,10.719,1,0
20260924T045957,L3-h030-A-r1,lk3a,alarm_m5,66,25.385,-4.573,41.513,41.764,10.719,1,0
20260924T045957,L3-h030-A-r1,lk3a,alarm_m10,66,25.385,-4.573,41.513,41.764,10.719,1,0
20260924T045957,L3-h030-A-r1,lk3a,alarm_m20,69,26.538,-4.789,40.015,40.301,9.565,1,0
20260924T045957,L3-h030-A-r1,lk3a,alarm_xy5,19,7.308,0.681,64.455,64.459,28.796,1,1
20260924T045957,L3-h030-A-r1,lk3a,best,18,6.923,0.806,64.939,64.944,29.18,1,1
20260924T045957,L3-h030-A-r1,lk3b,alarm_m3,,,,,,,0,0
20260924T045957,L3-h030-A-r1,lk3b,alarm_m5,,,,,,,0,0
20260924T045957,L3-h030-A-r1,lk3b,alarm_m10,,,,,,,0,0
20260924T045957,L3-h030-A-r1,lk3b,alarm_m20,,,,,,,0,0
20260924T045957,L3-h030-A-r1,lk3b,alarm_xy5,125,48.077,-1.01,12.606,12.646,-11.974,0,0
20260924T045957,L3-h030-A-r1,lk3b,best,124,47.692,-1.14,13.089,13.138,-11.589,0,0
20260924T045957,L3-h030-A-r1,lk3c,alarm_m3,,,,,,,0,0
20260924T045957,L3-h030-A-r1,lk3c,alarm_m5,,,,,,,0,0
20260924T045957,L3-h030-A-r1,lk3c,alarm_m10,,,,,,,0,0
20260924T045957,L3-h030-A-r1,lk3c,alarm_m20,,,,,,,0,0
20260924T045957,L3-h030-A-r1,lk3c,alarm_xy5,,,,,,,0,0
20260924T045957,L3-h030-A-r1,lk3c,best,130,50.0,-0.505,10.187,10.199,-13.897,0,0
20260924T045957,L3-h030-A-r1,team,alarm_m3,66,25.385,-4.573,41.513,41.764,10.719,1,0
20260924T045957,L3-h030-A-r1,team,alarm_m5,66,25.385,-4.573,41.513,41.764,10.719,1,0
20260924T045957,L3-h030-A-r1,team,alarm_m10,66,25.385,-4.573,41.513,41.764,10.719,1,0
20260924T045957,L3-h030-A-r1,team,alarm_m20,69,26.538,-4.789,40.015,40.301,9.565,1,0
20260924T045957,L3-h030-A-r1,team,alarm_xy5,19,7.308,0.681,64.455,64.459,28.796,1,1
20260924T045957,L3-h030-A-r1,team,best,18,6.923,0.806,64.939,64.944,29.18,1,1
20260924T045957,L3-h030-B-r0,mulcher,alarm_m3,129,49.615,-11.788,-6.684,13.551,-11.291,0,0
20260924T045957,L3-h030-B-r0,mulcher,alarm_m5,129,49.615,-11.788,-6.684,13.551,-11.291,0,0
20260924T045957,L3-h030-B-r0,mulcher,alarm_m10,129,49.615,-11.788,-6.684,13.551,-11.291,0,0
20260924T045957,L3-h030-B-r0,mulcher,alarm_m20,129,49.615,-11.788,-6.684,13.551,-11.291,0,0
20260924T045957,L3-h030-B-r0,mulcher,alarm_xy5,94,36.154,-28.043,-12.582,30.737,2.171,1,0
20260924T045957,L3-h030-B-r0,mulcher,best,81,31.154,-34.206,-14.708,37.234,7.171,1,0
20260924T045957,L3-h030-B-r0,lk3a,alarm_m3,,,,,,,0,0
20260924T045957,L3-h030-B-r0,lk3a,alarm_m5,,,,,,,0,0
20260924T045957,L3-h030-B-r0,lk3a,alarm_m10,,,,,,,0,0
20260924T045957,L3-h030-B-r0,lk3a,alarm_m20,,,,,,,0,0
20260924T045957,L3-h030-B-r0,lk3a,alarm_xy5,131,50.385,-10.944,-6.147,12.553,-12.06,0,0
20260924T045957,L3-h030-B-r0,lk3a,best,126,48.462,-13.019,-7.467,15.009,-10.137,0,0
20260924T045957,L3-h030-B-r0,lk3b,alarm_m3,72,27.692,-38.396,-16.418,41.759,10.632,1,0
20260924T045957,L3-h030-B-r0,lk3b,alarm_m5,72,27.692,-38.396,-16.418,41.759,10.632,1,0
20260924T045957,L3-h030-B-r0,lk3b,alarm_m10,72,27.692,-38.396,-16.418,41.759,10.632,1,0
20260924T045957,L3-h030-B-r0,lk3b,alarm_m20,74,28.462,-37.478,-16.02,40.759,9.863,1,0
20260924T045957,L3-h030-B-r0,lk3b,alarm_xy5,29,11.154,-56.736,-27.754,63.16,27.171,1,1
20260924T045957,L3-h030-B-r0,lk3b,best,26,10.0,-57.887,-28.715,64.618,28.325,1,1
20260924T045957,L3-h030-B-r0,lk3c,alarm_m3,,,,,,,0,0
20260924T045957,L3-h030-B-r0,lk3c,alarm_m5,,,,,,,0,0
20260924T045957,L3-h030-B-r0,lk3c,alarm_m10,,,,,,,0,0
20260924T045957,L3-h030-B-r0,lk3c,alarm_m20,,,,,,,0,0
20260924T045957,L3-h030-B-r0,lk3c,alarm_xy5,,,,,,,0,0
20260924T045957,L3-h030-B-r0,lk3c,best,128,49.231,-12.21,-6.953,14.05,-10.906,0,0
20260924T045957,L3-h030-B-r0,team,alarm_m3,72,27.692,-38.396,-16.418,41.759,10.632,1,0
20260924T045957,L3-h030-B-r0,team,alarm_m5,72,27.692,-38.396,-16.418,41.759,10.632,1,0
20260924T045957,L3-h030-B-r0,team,alarm_m10,72,27.692,-38.396,-16.418,41.759,10.632,1,0
20260924T045957,L3-h030-B-r0,team,alarm_m20,74,28.462,-37.478,-16.02,40.759,9.863,1,0
20260924T045957,L3-h030-B-r0,team,alarm_xy5,29,11.154,-56.736,-27.754,63.16,27.171,1,1
20260924T045957,L3-h030-B-r0,team,best,26,10.0,-57.887,-28.715,64.618,28.325,1,1
20260924T045957,L3-h030-B-r1,mulcher,alarm_m3,122,46.923,-11.784,-7.095,13.755,-11.124,0,0
20260924T045957,L3-h030-B-r1,mulcher,alarm_m5,122,46.923,-11.784,-7.095,13.755,-11.124,0,0
20260924T045957,L3-h030-B-r1,mulcher,alarm_m10,122,46.923,-11.784,-7.095,13.755,-11.124,0,0
20260924T045957,L3-h030-B-r1,mulcher,alarm_m20,122,46.923,-11.784,-7.095,13.755,-11.124,0,0
20260924T045957,L3-h030-B-r1,mulcher,alarm_xy5,74,28.462,-34.289,-15.111,37.471,7.338,1,0
20260924T045957,L3-h030-B-r1,mulcher,best,73,28.077,-34.758,-15.292,37.973,7.722,1,0
20260924T045957,L3-h030-B-r1,lk3a,alarm_m3,,,,,,,0,0
20260924T045957,L3-h030-B-r1,lk3a,alarm_m5,,,,,,,0,0
20260924T045957,L3-h030-B-r1,lk3a,alarm_m10,,,,,,,0,0
20260924T045957,L3-h030-B-r1,lk3a,alarm_m20,,,,,,,0,0
20260924T045957,L3-h030-B-r1,lk3a,alarm_xy5,126,48.462,-10.139,-5.976,11.77,-12.662,0,0
20260924T045957,L3-h030-B-r1,lk3a,best,123,47.308,-11.362,-6.827,13.255,-11.508,0,0
20260924T045957,L3-h030-B-r1,lk3b,alarm_m3,66,25.385,-37.997,-16.626,41.476,10.415,1,0
20260924T045957,L3-h030-B-r1,lk3b,alarm_m5,66,25.385,-37.997,-16.626,41.476,10.415,1,0
20260924T045957,L3-h030-B-r1,lk3b,alarm_m10,66,25.385,-37.997,-16.626,41.476,10.415,1,0
20260924T045957,L3-h030-B-r1,lk3b,alarm_m20,68,26.154,-37.08,-16.228,40.476,9.646,1,0
20260924T045957,L3-h030-B-r1,lk3b,alarm_xy5,22,8.462,-56.679,-28.161,63.289,27.338,1,1
20260924T045957,L3-h030-B-r1,lk3b,best,21,8.077,-57.063,-28.482,63.776,27.722,1,1
20260924T045957,L3-h030-B-r1,lk3c,alarm_m3,,,,,,,0,0
20260924T045957,L3-h030-B-r1,lk3c,alarm_m5,,,,,,,0,0
20260924T045957,L3-h030-B-r1,lk3c,alarm_m10,,,,,,,0,0
20260924T045957,L3-h030-B-r1,lk3c,alarm_m20,,,,,,,0,0
20260924T045957,L3-h030-B-r1,lk3c,alarm_xy5,,,,,,,0,0
20260924T045957,L3-h030-B-r1,lk3c,best,124,47.692,-10.94,-6.558,12.755,-11.893,0,0
20260924T045957,L3-h030-B-r1,team,alarm_m3,66,25.385,-37.997,-16.626,41.476,10.415,1,0
20260924T045957,L3-h030-B-r1,team,alarm_m5,66,25.385,-37.997,-16.626,41.476,10.415,1,0
20260924T045957,L3-h030-B-r1,team,alarm_m10,66,25.385,-37.997,-16.626,41.476,10.415,1,0
20260924T045957,L3-h030-B-r1,team,alarm_m20,68,26.154,-37.08,-16.228,40.476,9.646,1,0
20260924T045957,L3-h030-B-r1,team,alarm_xy5,22,8.462,-56.679,-28.161,63.289,27.338,1,1
20260924T045957,L3-h030-B-r1,team,best,21,8.077,-57.063,-28.482,63.776,27.722,1,1
20260924T045957,L3-h030-C-r0,mulcher,alarm_m3,112,43.077,11.65,-7.591,13.905,-11.096,0,0
20260924T045957,L3-h030-C-r0,mulcher,alarm_m5,112,43.077,11.65,-7.591,13.905,-11.096,0,0
20260924T045957,L3-h030-C-r0,mulcher,alarm_m10,112,43.077,11.65,-7.591,13.905,-11.096,0,0
20260924T045957,L3-h030-C-r0,mulcher,alarm_m20,112,43.077,11.65,-7.591,13.905,-11.096,0,0
20260924T045957,L3-h030-C-r0,mulcher,alarm_xy5,61,23.462,33.41,-19.103,38.486,8.519,1,0
20260924T045957,L3-h030-C-r0,mulcher,best,60,23.077,33.892,-19.235,38.97,8.904,1,0
20260924T045957,L3-h030-C-r0,lk3a,alarm_m3,,,,,,,0,0
20260924T045957,L3-h030-C-r0,lk3a,alarm_m5,,,,,,,0,0
20260924T045957,L3-h030-C-r0,lk3a,alarm_m10,,,,,,,0,0
20260924T045957,L3-h030-C-r0,lk3a,alarm_m20,,,,,,,0,0
20260924T045957,L3-h030-C-r0,lk3a,alarm_xy5,115,44.231,10.641,-6.492,12.465,-12.25,0,0
20260924T045957,L3-h030-C-r0,lk3a,best,112,43.077,11.65,-7.591,13.905,-11.096,0,0
20260924T045957,L3-h030-C-r0,lk3b,alarm_m3,,,,,,,0,0
20260924T045957,L3-h030-C-r0,lk3b,alarm_m5,,,,,,,0,0
20260924T045957,L3-h030-C-r0,lk3b,alarm_m10,,,,,,,0,0
20260924T045957,L3-h030-C-r0,lk3b,alarm_m20,,,,,,,0,0
20260924T045957,L3-h030-C-r0,lk3b,alarm_xy5,,,,,,,0,0
20260924T045957,L3-h030-C-r0,lk3b,best,,,,,,,0,0
20260924T045957,L3-h030-C-r0,lk3c,alarm_m3,54,20.769,36.785,-20.031,41.885,11.211,1,0
20260924T045957,L3-h030-C-r0,lk3c,alarm_m5,54,20.769,36.785,-20.031,41.885,11.211,1,0
20260924T045957,L3-h030-C-r0,lk3c,alarm_m10,55,21.154,36.303,-19.898,41.399,10.827,1,0
20260924T045957,L3-h030-C-r0,lk3c,alarm_m20,56,21.538,35.821,-19.765,40.912,10.442,1,0
20260924T045957,L3-h030-C-r0,lk3c,alarm_xy5,9,3.462,58.076,-27.466,64.244,28.519,1,1
20260924T045957,L3-h030-C-r0,lk3c,best,6,2.308,59.438,-28.132,65.759,29.673,1,1
20260924T045957,L3-h030-C-r0,team,alarm_m3,54,20.769,36.785,-20.031,41.885,11.211,1,0
20260924T045957,L3-h030-C-r0,team,alarm_m5,54,20.769,36.785,-20.031,41.885,11.211,1,0
20260924T045957,L3-h030-C-r0,team,alarm_m10,55,21.154,36.303,-19.898,41.399,10.827,1,0
20260924T045957,L3-h030-C-r0,team,alarm_m20,56,21.538,35.821,-19.765,40.912,10.442,1,0
20260924T045957,L3-h030-C-r0,team,alarm_xy5,9,3.462,58.076,-27.466,64.244,28.519,1,1
20260924T045957,L3-h030-C-r0,team,best,6,2.308,59.438,-28.132,65.759,29.673,1,1
20260924T045957,L3-h030-C-r1,mulcher,alarm_m3,120,46.154,11.42,-7.407,13.612,-11.32,0,0
20260924T045957,L3-h030-C-r1,mulcher,alarm_m5,120,46.154,11.42,-7.407,13.612,-11.32,0,0
20260924T045957,L3-h030-C-r1,mulcher,alarm_m10,120,46.154,11.42,-7.407,13.612,-11.32,0,0
20260924T045957,L3-h030-C-r1,mulcher,alarm_m20,120,46.154,11.42,-7.407,13.612,-11.32,0,0
20260924T045957,L3-h030-C-r1,mulcher,alarm_xy5,68,26.154,33.6,-19.201,38.699,8.68,1,0
20260924T045957,L3-h030-C-r1,mulcher,best,67,25.769,34.082,-19.333,39.184,9.064,1,0
20260924T045957,L3-h030-C-r1,lk3a,alarm_m3,,,,,,,0,0
20260924T045957,L3-h030-C-r1,lk3a,alarm_m5,,,,,,,0,0
20260924T045957,L3-h030-C-r1,lk3a,alarm_m10,,,,,,,0,0
20260924T045957,L3-h030-C-r1,lk3a,alarm_m20,,,,,,,0,0
20260924T045957,L3-h030-C-r1,lk3a,alarm_xy5,123,47.308,10.414,-6.304,12.174,-12.474,0,0
20260924T045957,L3-h030-C-r1,lk3a,best,120,46.154,11.42,-7.407,13.612,-11.32,0,0
20260924T045957,L3-h030-C-r1,lk3b,alarm_m3,,,,,,,0,0
20260924T045957,L3-h030-C-r1,lk3b,alarm_m5,,,,,,,0,0
20260924T045957,L3-h030-C-r1,lk3b,alarm_m10,,,,,,,0,0
20260924T045957,L3-h030-C-r1,lk3b,alarm_m20,,,,,,,0,0
20260924T045957,L3-h030-C-r1,lk3b,alarm_xy5,126,48.462,9.416,-5.185,10.749,-13.628,0,0
20260924T045957,L3-h030-C-r1,lk3b,best,125,48.077,9.748,-5.558,11.222,-13.243,0,0
20260924T045957,L3-h030-C-r1,lk3c,alarm_m3,62,23.846,36.493,-19.996,41.612,10.988,1,0
20260924T045957,L3-h030-C-r1,lk3c,alarm_m5,62,23.846,36.493,-19.996,41.612,10.988,1,0
20260924T045957,L3-h030-C-r1,lk3c,alarm_m10,62,23.846,36.493,-19.996,41.612,10.988,1,0
20260924T045957,L3-h030-C-r1,lk3c,alarm_m20,62,23.846,36.493,-19.996,41.612,10.988,1,0
20260924T045957,L3-h030-C-r1,lk3c,alarm_xy5,17,6.538,57.794,-27.382,63.952,28.295,1,1
20260924T045957,L3-h030-C-r1,lk3c,best,14,5.385,59.159,-28.039,65.467,29.449,1,1
20260924T045957,L3-h030-C-r1,team,alarm_m3,62,23.846,36.493,-19.996,41.612,10.988,1,0
20260924T045957,L3-h030-C-r1,team,alarm_m5,62,23.846,36.493,-19.996,41.612,10.988,1,0
20260924T045957,L3-h030-C-r1,team,alarm_m10,62,23.846,36.493,-19.996,41.612,10.988,1,0
20260924T045957,L3-h030-C-r1,team,alarm_m20,62,23.846,36.493,-19.996,41.612,10.988,1,0
20260924T045957,L3-h030-C-r1,team,alarm_xy5,17,6.538,57.794,-27.382,63.952,28.295,1,1
20260924T045957,L3-h030-C-r1,team,best,14,5.385,59.159,-28.039,65.467,29.449,1,1
20260924T045957,L3-h060-A-r0,mulcher,alarm_m3,,,,,,,0,0
20260924T045957,L3-h060-A-r0,mulcher,alarm_m5,,,,,,,0,0
20260924T045957,L3-h060-A-r0,mulcher,alarm_m10,,,,,,,0,0
20260924T045957,L3-h060-A-r0,mulcher,alarm_m20,,,,,,,0,0
20260924T045957,L3-h060-A-r0,mulcher,alarm_xy5,84,32.308,-5.213,27.447,27.937,-0.075,0,0
20260924T045957,L3-h060-A-r0,mulcher,best,67,25.769,-5.007,35.974,36.321,6.463,1,0
20260924T045957,L3-h060-A-r0,lk3a,alarm_m3,56,21.538,-4.38,41.452,41.683,10.694,1,0
20260924T045957,L3-h060-A-r0,lk3a,alarm_m5,56,21.538,-4.38,41.452,41.683,10.694,1,0
20260924T045957,L3-h060-A-r0,lk3a,alarm_m10,56,21.538,-4.38,41.452,41.683,10.694,1,0
20260924T045957,L3-h060-A-r0,lk3a,alarm_m20,60,23.077,-4.652,39.464,39.737,9.155,1,0
20260924T045957,L3-h060-A-r0,lk3a,alarm_xy5,11,4.231,0.619,63.405,63.408,28.002,1,1
20260924T045957,L3-h060-A-r0,lk3a,best,10,3.846,0.743,63.89,63.894,28.386,1,1
20260924T045957,L3-h060-A-r0,lk3b,alarm_m3,,,,,,,0,0
20260924T045957,L3-h060-A-r0,lk3b,alarm_m5,,,,,,,0,0
20260924T045957,L3-h060-A-r0,lk3b,alarm_m10,,,,,,,0,0
20260924T045957,L3-h060-A-r0,lk3b,alarm_m20,,,,,,,0,0
20260924T045957,L3-h060-A-r0,lk3b,alarm_xy5,115,44.231,-0.808,12.627,12.652,-11.998,0,0
20260924T045957,L3-h060-A-r0,lk3b,best,103,39.615,-2.561,18.339,18.517,-7.383,0,0
20260924T045957,L3-h060-A-r0,lk3c,alarm_m3,,,,,,,0,0
20260924T045957,L3-h060-A-r0,lk3c,alarm_m5,,,,,,,0,0
20260924T045957,L3-h060-A-r0,lk3c,alarm_m10,,,,,,,0,0
20260924T045957,L3-h060-A-r0,lk3c,alarm_m20,,,,,,,0,0
20260924T045957,L3-h060-A-r0,lk3c,alarm_xy5,,,,,,,0,0
20260924T045957,L3-h060-A-r0,lk3c,best,,,,,,,0,0
20260924T045957,L3-h060-A-r0,team,alarm_m3,56,21.538,-4.38,41.452,41.683,10.694,1,0
20260924T045957,L3-h060-A-r0,team,alarm_m5,56,21.538,-4.38,41.452,41.683,10.694,1,0
20260924T045957,L3-h060-A-r0,team,alarm_m10,56,21.538,-4.38,41.452,41.683,10.694,1,0
20260924T045957,L3-h060-A-r0,team,alarm_m20,60,23.077,-4.652,39.464,39.737,9.155,1,0
20260924T045957,L3-h060-A-r0,team,alarm_xy5,11,4.231,0.619,63.405,63.408,28.002,1,1
20260924T045957,L3-h060-A-r0,team,best,10,3.846,0.743,63.89,63.894,28.386,1,1
20260924T045957,L3-h060-A-r1,mulcher,alarm_m3,,,,,,,0,0
20260924T045957,L3-h060-A-r1,mulcher,alarm_m5,,,,,,,0,0
20260924T045957,L3-h060-A-r1,mulcher,alarm_m10,,,,,,,0,0
20260924T045957,L3-h060-A-r1,mulcher,alarm_m20,,,,,,,0,0
20260924T045957,L3-h060-A-r1,mulcher,alarm_xy5,81,31.154,-4.986,27.357,27.807,-0.153,0,0
20260924T045957,L3-h060-A-r1,mulcher,best,66,25.385,-4.873,34.856,35.196,5.616,1,0
20260924T045957,L3-h060-A-r1,lk3a,alarm_m3,52,20.0,-4.103,41.815,42.016,11.001,1,0
20260924T045957,L3-h060-A-r1,lk3a,alarm_m5,52,20.0,-4.103,41.815,42.016,11.001,1,0
20260924T045957,L3-h060-A-r1,lk3a,alarm_m10,53,20.385,-4.175,41.32,41.531,10.616,1,0
20260924T045957,L3-h060-A-r1,lk3a,alarm_m20,55,21.154,-4.318,40.331,40.561,9.847,1,0
20260924T045957,L3-h060-A-r1,lk3a,alarm_xy5,10,3.846,0.559,62.284,62.286,27.154,1,1
20260924T045957,L3-h060-A-r1,lk3a,best,9,3.462,0.684,62.768,62.772,27.539,1,1
20260924T045957,L3-h060-A-r1,lk3b,alarm_m3,,,,,,,0,0
20260924T045957,L3-h060-A-r1,lk3b,alarm_m5,,,,,,,0,0
20260924T045957,L3-h060-A-r1,lk3b,alarm_m10,,,,,,,0,0
20260924T045957,L3-h060-A-r1,lk3b,alarm_m20,,,,,,,0,0
20260924T045957,L3-h060-A-r1,lk3b,alarm_xy5,111,42.692,-0.697,13.069,13.088,-11.692,0,0
20260924T045957,L3-h060-A-r1,lk3b,best,110,42.308,-0.827,13.552,13.577,-11.307,0,0
20260924T045957,L3-h060-A-r1,lk3c,alarm_m3,,,,,,,0,0
20260924T045957,L3-h060-A-r1,lk3c,alarm_m5,,,,,,,0,0
20260924T045957,L3-h060-A-r1,lk3c,alarm_m10,,,,,,,0,0
20260924T045957,L3-h060-A-r1,lk3c,alarm_m20,,,,,,,0,0
20260924T045957,L3-h060-A-r1,lk3c,alarm_xy5,,,,,,,0,0
20260924T045957,L3-h060-A-r1,lk3c,best,,,,,,,0,0
20260924T045957,L3-h060-A-r1,team,alarm_m3,52,20.0,-4.103,41.815,42.016,11.001,1,0
20260924T045957,L3-h060-A-r1,team,alarm_m5,52,20.0,-4.103,41.815,42.016,11.001,1,0
20260924T045957,L3-h060-A-r1,team,alarm_m10,53,20.385,-4.175,41.32,41.531,10.616,1,0
20260924T045957,L3-h060-A-r1,team,alarm_m20,55,21.154,-4.318,40.331,40.561,9.847,1,0
20260924T045957,L3-h060-A-r1,team,alarm_xy5,10,3.846,0.559,62.284,62.286,27.154,1,1
20260924T045957,L3-h060-A-r1,team,best,9,3.462,0.684,62.768,62.772,27.539,1,1
20260924T045957,L3-h060-B-r0,mulcher,alarm_m3,118,45.385,-11.793,-6.832,13.629,-11.227,0,0
20260924T045957,L3-h060-B-r0,mulcher,alarm_m5,118,45.385,-11.793,-6.832,13.629,-11.227,0,0
20260924T045957,L3-h060-B-r0,mulcher,alarm_m10,118,45.385,-11.793,-6.832,13.629,-11.227,0,0
20260924T045957,L3-h060-B-r0,mulcher,alarm_m20,120,46.154,-10.949,-6.295,12.63,-11.996,0,0
20260924T045957,L3-h060-B-r0,mulcher,alarm_xy5,72,27.692,-33.304,-14.505,36.326,6.466,1,0
20260924T045957,L3-h060-B-r0,mulcher,best,71,27.308,-33.773,-14.678,36.825,6.85,1,0
20260924T045957,L3-h060-B-r0,lk3a,alarm_m3,,,,,,,0,0
20260924T045957,L3-h060-B-r0,lk3a,alarm_m5,,,,,,,0,0
20260924T045957,L3-h060-B-r0,lk3a,alarm_m10,,,,,,,0,0
20260924T045957,L3-h060-B-r0,lk3a,alarm_m20,,,,,,,0,0
20260924T045957,L3-h060-B-r0,lk3a,alarm_xy5,118,45.385,-11.793,-6.832,13.629,-11.227,0,0
20260924T045957,L3-h060-B-r0,lk3a,best,117,45.0,-12.214,-7.101,14.128,-10.842,0,0
20260924T045957,L3-h060-B-r0,lk3b,alarm_m3,61,23.462,-38.423,-16.564,41.842,10.696,1,0
20260924T045957,L3-h060-B-r0,lk3b,alarm_m5,61,23.462,-38.423,-16.564,41.842,10.696,1,0
20260924T045957,L3-h060-B-r0,lk3b,alarm_m10,61,23.462,-38.423,-16.564,41.842,10.696,1,0
20260924T045957,L3-h060-B-r0,lk3b,alarm_m20,62,23.846,-37.965,-16.365,41.342,10.312,1,0
20260924T045957,L3-h060-B-r0,lk3b,alarm_xy5,18,6.923,-56.721,-27.901,63.212,27.235,1,1
20260924T045957,L3-h060-B-r0,lk3b,best,15,5.769,-57.873,-28.862,64.671,28.389,1,1
20260924T045957,L3-h060-B-r0,lk3c,alarm_m3,,,,,,,0,0
20260924T045957,L3-h060-B-r0,lk3c,alarm_m5,,,,,,,0,0
20260924T045957,L3-h060-B-r0,lk3c,alarm_m10,,,,,,,0,0
20260924T045957,L3-h060-B-r0,lk3c,alarm_m20,,,,,,,0,0
20260924T045957,L3-h060-B-r0,lk3c,alarm_xy5,124,47.692,-9.373,-5.111,10.675,-13.534,0,0
20260924T045957,L3-h060-B-r0,lk3c,best,121,46.538,-10.568,-6.017,12.161,-12.381,0,0
20260924T045957,L3-h060-B-r0,team,alarm_m3,61,23.462,-38.423,-16.564,41.842,10.696,1,0
20260924T045957,L3-h060-B-r0,team,alarm_m5,61,23.462,-38.423,-16.564,41.842,10.696,1,0
20260924T045957,L3-h060-B-r0,team,alarm_m10,61,23.462,-38.423,-16.564,41.842,10.696,1,0
20260924T045957,L3-h060-B-r0,team,alarm_m20,62,23.846,-37.965,-16.365,41.342,10.312,1,0
20260924T045957,L3-h060-B-r0,team,alarm_xy5,18,6.923,-56.721,-27.901,63.212,27.235,1,1
20260924T045957,L3-h060-B-r0,team,best,15,5.769,-57.873,-28.862,64.671,28.389,1,1
20260924T045957,L3-h060-B-r1,mulcher,alarm_m3,119,45.769,-11.925,-7.156,13.908,-11.007,0,0
20260924T045957,L3-h060-B-r1,mulcher,alarm_m5,119,45.769,-11.925,-7.156,13.908,-11.007,0,0
20260924T045957,L3-h060-B-r1,mulcher,alarm_m10,119,45.769,-11.925,-7.156,13.908,-11.007,0,0
20260924T045957,L3-h060-B-r1,mulcher,alarm_m20,,,,,,,0,0
20260924T045957,L3-h060-B-r1,mulcher,alarm_xy5,71,27.308,-34.44,-15.14,37.621,7.455,1,0
20260924T045957,L3-h060-B-r1,mulcher,best,70,26.923,-34.909,-15.325,38.125,7.839,1,0
20260924T045957,L3-h060-B-r1,lk3a,alarm_m3,,,,,,,0,0
20260924T045957,L3-h060-B-r1,lk3a,alarm_m5,,,,,,,0,0
20260924T045957,L3-h060-B-r1,lk3a,alarm_m10,,,,,,,0,0
20260924T045957,L3-h060-B-r1,lk3a,alarm_m20,,,,,,,0,0
20260924T045957,L3-h060-B-r1,lk3a,alarm_xy5,121,46.538,-11.082,-6.619,12.908,-11.776,0,0
20260924T045957,L3-h060-B-r1,lk3a,best,120,46.154,-11.503,-6.888,13.408,-11.391,0,0
20260924T045957,L3-h060-B-r1,lk3b,alarm_m3,63,24.231,-38.147,-16.664,41.628,10.532,1,0
20260924T045957,L3-h060-B-r1,lk3b,alarm_m5,63,24.231,-38.147,-16.664,41.628,10.532,1,0
20260924T045957,L3-h060-B-r1,lk3b,alarm_m10,63,24.231,-38.147,-16.664,41.628,10.532,1,0
20260924T045957,L3-h060-B-r1,lk3b,alarm_m20,66,25.385,-36.766,-16.068,40.124,9.378,1,0
20260924T045957,L3-h060-B-r1,lk3b,alarm_xy5,19,7.308,-56.811,-28.24,63.443,27.455,1,1
20260924T045957,L3-h060-B-r1,lk3b,best,18,6.923,-57.195,-28.56,63.929,27.839,1,1
20260924T045957,L3-h060-B-r1,lk3c,alarm_m3,,,,,,,0,0
20260924T045957,L3-h060-B-r1,lk3c,alarm_m5,,,,,,,0,0
20260924T045957,L3-h060-B-r1,lk3c,alarm_m10,,,,,,,0,0
20260924T045957,L3-h060-B-r1,lk3c,alarm_m20,,,,,,,0,0
20260924T045957,L3-h060-B-r1,lk3c,alarm_xy5,125,48.077,-9.478,-5.444,10.931,-13.314,0,0
20260924T045957,L3-h060-B-r1,lk3c,best,122,46.923,-10.674,-6.35,12.42,-12.161,0,0
20260924T045957,L3-h060-B-r1,team,alarm_m3,63,24.231,-38.147,-16.664,41.628,10.532,1,0
20260924T045957,L3-h060-B-r1,team,alarm_m5,63,24.231,-38.147,-16.664,41.628,10.532,1,0
20260924T045957,L3-h060-B-r1,team,alarm_m10,63,24.231,-38.147,-16.664,41.628,10.532,1,0
20260924T045957,L3-h060-B-r1,team,alarm_m20,66,25.385,-36.766,-16.068,40.124,9.378,1,0
20260924T045957,L3-h060-B-r1,team,alarm_xy5,19,7.308,-56.811,-28.24,63.443,27.455,1,1
20260924T045957,L3-h060-B-r1,team,best,18,6.923,-57.195,-28.56,63.929,27.839,1,1
20260924T045957,L3-h060-C-r0,mulcher,alarm_m3,119,45.769,11.122,-7.973,13.685,-11.156,0,0
20260924T045957,L3-h060-C-r0,mulcher,alarm_m5,119,45.769,11.122,-7.973,13.685,-11.156,0,0
20260924T045957,L3-h060-C-r0,mulcher,alarm_m10,119,45.769,11.122,-7.973,13.685,-11.156,0,0
20260924T045957,L3-h060-C-r0,mulcher,alarm_m20,119,45.769,11.122,-7.973,13.685,-11.156,0,0
20260924T045957,L3-h060-C-r0,mulcher,alarm_xy5,98,37.692,18.91,-15.031,24.156,-3.079,0,0
20260924T045957,L3-h060-C-r0,mulcher,best,86,33.077,24.51,-17.215,29.952,1.537,1,0
20260924T045957,L3-h060-C-r0,lk3a,alarm_m3,,,,,,,0,0
20260924T045957,L3-h060-C-r0,lk3a,alarm_m5,,,,,,,0,0
20260924T045957,L3-h060-C-r0,lk3a,alarm_m10,,,,,,,0,0
20260924T045957,L3-h060-C-r0,lk3a,alarm_m20,,,,,,,0,0
20260924T045957,L3-h060-C-r0,lk3a,alarm_xy5,123,47.308,9.774,-6.492,11.734,-12.694,0,0
20260924T045957,L3-h060-C-r0,lk3a,best,122,46.923,10.107,-6.865,12.218,-12.309,0,0
20260924T045957,L3-h060-C-r0,lk3b,alarm_m3,,,,,,,0,0
20260924T045957,L3-h060-C-r0,lk3b,alarm_m5,,,,,,,0,0
20260924T045957,L3-h060-C-r0,lk3b,alarm_m10,,,,,,,0,0
20260924T045957,L3-h060-C-r0,lk3b,alarm_m20,,,,,,,0,0
20260924T045957,L3-h060-C-r0,lk3b,alarm_xy5,,,,,,,0,0
20260924T045957,L3-h060-C-r0,lk3b,best,123,47.308,9.774,-6.492,11.734,-12.694,0,0
20260924T045957,L3-h060-C-r0,lk3c,alarm_m3,62,23.846,36.057,-20.502,41.478,10.767,1,0
20260924T045957,L3-h060-C-r0,lk3c,alarm_m5,62,23.846,36.057,-20.502,41.478,10.767,1,0
20260924T045957,L3-h060-C-r0,lk3c,alarm_m10,62,23.846,36.057,-20.502,41.478,10.767,1,0
20260924T045957,L3-h060-C-r0,lk3c,alarm_m20,64,24.615,35.093,-20.236,40.509,9.998,1,0
20260924T045957,L3-h060-C-r0,lk3c,alarm_xy5,19,7.308,56.378,-27.378,62.674,27.306,1,1
20260924T045957,L3-h060-C-r0,lk3c,best,18,6.923,56.826,-27.59,63.169,27.691,1,1
20260924T045957,L3-h060-C-r0,team,alarm_m3,62,23.846,36.057,-20.502,41.478,10.767,1,0
20260924T045957,L3-h060-C-r0,team,alarm_m5,62,23.846,36.057,-20.502,41.478,10.767,1,0
20260924T045957,L3-h060-C-r0,team,alarm_m10,62,23.846,36.057,-20.502,41.478,10.767,1,0
20260924T045957,L3-h060-C-r0,team,alarm_m20,64,24.615,35.093,-20.236,40.509,9.998,1,0
20260924T045957,L3-h060-C-r0,team,alarm_xy5,19,7.308,56.378,-27.378,62.674,27.306,1,1
20260924T045957,L3-h060-C-r0,team,best,18,6.923,56.826,-27.59,63.169,27.691,1,1
20260924T045957,L3-h060-C-r1,mulcher,alarm_m3,118,45.385,11.456,-7.768,13.841,-11.097,0,0
20260924T045957,L3-h060-C-r1,mulcher,alarm_m5,118,45.385,11.456,-7.768,13.841,-11.097,0,0
20260924T045957,L3-h060-C-r1,mulcher,alarm_m10,118,45.385,11.456,-7.768,13.841,-11.097,0,0
20260924T045957,L3-h060-C-r1,mulcher,alarm_m20,118,45.385,11.456,-7.768,13.841,-11.097,0,0
20260924T045957,L3-h060-C-r1,mulcher,alarm_xy5,69,26.538,32.375,-19.091,37.584,7.749,1,0
20260924T045957,L3-h060-C-r1,mulcher,best,68,26.154,32.857,-19.224,38.067,8.133,1,0
20260924T045957,L3-h060-C-r1,lk3a,alarm_m3,,,,,,,0,0
20260924T045957,L3-h060-C-r1,lk3a,alarm_m5,,,,,,,0,0
20260924T045957,L3-h060-C-r1,lk3a,alarm_m10,,,,,,,0,0
20260924T045957,L3-h060-C-r1,lk3a,alarm_m20,,,,,,,0,0
20260924T045957,L3-h060-C-r1,lk3a,alarm_xy5,122,46.923,10.111,-6.293,11.909,-12.636,0,0
20260924T045957,L3-h060-C-r1,lk3a,best,119,45.769,11.117,-7.401,13.355,-11.482,0,0
20260924T045957,L3-h060-C-r1,lk3b,alarm_m3,,,,,,,0,0
20260924T045957,L3-h060-C-r1,lk3b,alarm_m5,,,,,,,0,0
20260924T045957,L3-h060-C-r1,lk3b,alarm_m10,,,,,,,0,0
20260924T045957,L3-h060-C-r1,lk3b,alarm_m20,,,,,,,0,0
20260924T045957,L3-h060-C-r1,lk3b,alarm_xy5,,,,,,,0,0
20260924T045957,L3-h060-C-r1,lk3b,best,122,46.923,10.111,-6.293,11.909,-12.636,0,0
20260924T045957,L3-h060-C-r1,lk3c,alarm_m3,60,23.077,36.714,-20.284,41.945,11.21,1,0
20260924T045957,L3-h060-C-r1,lk3c,alarm_m5,60,23.077,36.714,-20.284,41.945,11.21,1,0
20260924T045957,L3-h060-C-r1,lk3c,alarm_m10,61,23.462,36.232,-20.151,41.459,10.826,1,0
20260924T045957,L3-h060-C-r1,lk3c,alarm_m20,63,24.231,35.268,-19.886,40.488,10.056,1,0
20260924T045957,L3-h060-C-r1,lk3c,alarm_xy5,17,6.538,57.058,-27.275,63.242,27.749,1,1
20260924T045957,L3-h060-C-r1,lk3c,best,16,6.154,57.51,-27.489,63.742,28.133,1,1
20260924T045957,L3-h060-C-r1,team,alarm_m3,60,23.077,36.714,-20.284,41.945,11.21,1,0
20260924T045957,L3-h060-C-r1,team,alarm_m5,60,23.077,36.714,-20.284,41.945,11.21,1,0
20260924T045957,L3-h060-C-r1,team,alarm_m10,61,23.462,36.232,-20.151,41.459,10.826,1,0
20260924T045957,L3-h060-C-r1,team,alarm_m20,63,24.231,35.268,-19.886,40.488,10.056,1,0
20260924T045957,L3-h060-C-r1,team,alarm_xy5,17,6.538,57.058,-27.275,63.242,27.749,1,1
20260924T045957,L3-h060-C-r1,team,best,16,6.154,57.51,-27.489,63.742,28.133,1,1
20260924T045957,L3-h090-A-r0,mulcher,alarm_m3,,,,,,,0,0
20260924T045957,L3-h090-A-r0,mulcher,alarm_m5,,,,,,,0,0
20260924T045957,L3-h090-A-r0,mulcher,alarm_m10,,,,,,,0,0
20260924T045957,L3-h090-A-r0,mulcher,alarm_m20,,,,,,,0,0
20260924T045957,L3-h090-A-r0,mulcher,alarm_xy5,,,,,,,0,0
20260924T045957,L3-h090-A-r0,mulcher,best,,,,,,,0,0
20260924T045957,L3-h090-A-r0,lk3a,alarm_m3,71,27.308,-3.551,41.913,42.063,11.136,1,0
20260924T045957,L3-h090-A-r0,lk3a,alarm_m5,71,27.308,-3.551,41.913,42.063,11.136,1,0
20260924T045957,L3-h090-A-r0,lk3a,alarm_m10,72,27.692,-3.623,41.418,41.576,10.751,1,0
20260924T045957,L3-h090-A-r0,lk3a,alarm_m20,72,27.692,-3.623,41.418,41.576,10.751,1,0
20260924T045957,L3-h090-A-r0,lk3a,alarm_xy5,32,12.308,0.739,60.868,60.873,26.136,1,1
20260924T045957,L3-h090-A-r0,lk3a,best,8,3.077,3.561,72.561,72.649,35.367,1,1
20260924T045957,L3-h090-A-r0,lk3b,alarm_m3,,,,,,,0,0
20260924T045957,L3-h090-A-r0,lk3b,alarm_m5,,,,,,,0,0
20260924T045957,L3-h090-A-r0,lk3b,alarm_m10,,,,,,,0,0
20260924T045957,L3-h090-A-r0,lk3b,alarm_m20,,,,,,,0,0
20260924T045957,L3-h090-A-r0,lk3b,alarm_xy5,130,50.0,-0.229,13.377,13.379,-11.556,0,0
20260924T045957,L3-h090-A-r0,lk3b,best,129,49.615,-0.359,13.86,13.865,-11.172,0,0
20260924T045957,L3-h090-A-r0,lk3c,alarm_m3,,,,,,,0,0
20260924T045957,L3-h090-A-r0,lk3c,alarm_m5,,,,,,,0,0
20260924T045957,L3-h090-A-r0,lk3c,alarm_m10,,,,,,,0,0
20260924T045957,L3-h090-A-r0,lk3c,alarm_m20,,,,,,,0,0
20260924T045957,L3-h090-A-r0,lk3c,alarm_xy5,,,,,,,0,0
20260924T045957,L3-h090-A-r0,lk3c,best,136,52.308,0.421,10.418,10.426,-13.864,0,0
20260924T045957,L3-h090-A-r0,team,alarm_m3,71,27.308,-3.551,41.913,42.063,11.136,1,0
20260924T045957,L3-h090-A-r0,team,alarm_m5,71,27.308,-3.551,41.913,42.063,11.136,1,0
20260924T045957,L3-h090-A-r0,team,alarm_m10,72,27.692,-3.623,41.418,41.576,10.751,1,0
20260924T045957,L3-h090-A-r0,team,alarm_m20,72,27.692,-3.623,41.418,41.576,10.751,1,0
20260924T045957,L3-h090-A-r0,team,alarm_xy5,32,12.308,0.739,60.868,60.873,26.136,1,1
20260924T045957,L3-h090-A-r0,team,best,8,3.077,3.561,72.561,72.649,35.367,1,1
20260924T045957,L3-h090-A-r1,mulcher,alarm_m3,,,,,,,0,0
20260924T045957,L3-h090-A-r1,mulcher,alarm_m5,,,,,,,0,0
20260924T045957,L3-h090-A-r1,mulcher,alarm_m10,,,,,,,0,0
20260924T045957,L3-h090-A-r1,mulcher,alarm_m20,,,,,,,0,0
20260924T045957,L3-h090-A-r1,mulcher,alarm_xy5,,,,,,,0,0
20260924T045957,L3-h090-A-r1,mulcher,best,,,,,,,0,0
20260924T045957,L3-h090-A-r1,lk3a,alarm_m3,69,26.538,-3.919,41.386,41.571,10.694,1,0
20260924T045957,L3-h090-A-r1,lk3a,alarm_m5,69,26.538,-3.919,41.386,41.571,10.694,1,0
20260924T045957,L3-h090-A-r1,lk3a,alarm_m10,69,26.538,-3.919,41.386,41.571,10.694,1,0
20260924T045957,L3-h090-A-r1,lk3a,alarm_m20,69,26.538,-3.919,41.386,41.571,10.694,1,0
20260924T045957,L3-h090-A-r1,lk3a,alarm_xy5,25,9.615,0.946,62.805,62.813,27.617,1,1
20260924T045957,L3-h090-A-r1,lk3a,best,24,9.231,1.07,63.29,63.299,28.002,1,1
20260924T045957,L3-h090-A-r1,lk3b,alarm_m3,,,,,,,0,0
20260924T045957,L3-h090-A-r1,lk3b,alarm_m5,,,,,,,0,0
20260924T045957,L3-h090-A-r1,lk3b,alarm_m10,,,,,,,0,0
20260924T045957,L3-h090-A-r1,lk3b,alarm_m20,,,,,,,0,0
20260924T045957,L3-h090-A-r1,lk3b,alarm_xy5,128,49.231,-0.358,12.748,12.753,-11.998,0,0
20260924T045957,L3-h090-A-r1,lk3b,best,127,48.846,-0.488,13.23,13.239,-11.614,0,0
20260924T045957,L3-h090-A-r1,lk3c,alarm_m3,,,,,,,0,0
20260924T045957,L3-h090-A-r1,lk3c,alarm_m5,,,,,,,0,0
20260924T045957,L3-h090-A-r1,lk3c,alarm_m10,,,,,,,0,0
20260924T045957,L3-h090-A-r1,lk3c,alarm_m20,,,,,,,0,0
20260924T045957,L3-h090-A-r1,lk3c,alarm_xy5,,,,,,,0,0
20260924T045957,L3-h090-A-r1,lk3c,best,,,,,,,0,0
20260924T045957,L3-h090-A-r1,team,alarm_m3,69,26.538,-3.919,41.386,41.571,10.694,1,0
20260924T045957,L3-h090-A-r1,team,alarm_m5,69,26.538,-3.919,41.386,41.571,10.694,1,0
20260924T045957,L3-h090-A-r1,team,alarm_m10,69,26.538,-3.919,41.386,41.571,10.694,1,0
20260924T045957,L3-h090-A-r1,team,alarm_m20,69,26.538,-3.919,41.386,41.571,10.694,1,0
20260924T045957,L3-h090-A-r1,team,alarm_xy5,25,9.615,0.946,62.805,62.813,27.617,1,1
20260924T045957,L3-h090-A-r1,team,best,24,9.231,1.07,63.29,63.299,28.002,1,1
20260924T045957,L3-h090-B-r0,mulcher,alarm_m3,115,44.231,-11.672,-7.482,13.864,-11.036,0,0
20260924T045957,L3-h090-B-r0,mulcher,alarm_m5,115,44.231,-11.672,-7.482,13.864,-11.036,0,0
20260924T045957,L3-h090-B-r0,mulcher,alarm_m10,115,44.231,-11.672,-7.482,13.864,-11.036,0,0
20260924T045957,L3-h090-B-r0,mulcher,alarm_m20,115,44.231,-11.672,-7.482,13.864,-11.036,0,0
20260924T045957,L3-h090-B-r0,mulcher,alarm_xy5,85,32.692,-25.75,-12.645,28.687,0.502,1,0
20260924T045957,L3-h090-B-r0,mulcher,best,77,29.615,-29.562,-13.841,32.642,3.579,1,0
20260924T045957,L3-h090-B-r0,lk3a,alarm_m3,,,,,,,0,0
20260924T045957,L3-h090-B-r0,lk3a,alarm_m5,,,,,,,0,0
20260924T045957,L3-h090-B-r0,lk3a,alarm_m10,,,,,,,0,0
20260924T045957,L3-h090-B-r0,lk3a,alarm_m20,,,,,,,0,0
20260924T045957,L3-h090-B-r0,lk3a,alarm_xy5,118,45.385,-10.395,-6.654,12.343,-12.19,0,0
20260924T045957,L3-h090-B-r0,lk3a,best,117,45.0,-10.829,-6.945,12.864,-11.806,0,0
20260924T045957,L3-h090-B-r0,lk3b,alarm_m3,59,22.692,-37.948,-17.025,41.592,10.502,1,0
20260924T045957,L3-h090-B-r0,lk3b,alarm_m5,59,22.692,-37.948,-17.025,41.592,10.502,1,0
20260924T045957,L3-h090-B-r0,lk3b,alarm_m10,59,22.692,-37.948,-17.025,41.592,10.502,1,0
20260924T045957,L3-h090-B-r0,lk3b,alarm_m20,59,22.692,-37.948,-17.025,41.592,10.502,1,0
20260924T045957,L3-h090-B-r0,lk3b,alarm_xy5,14,5.385,-56.903,-28.851,63.799,27.81,1,1
20260924T045957,L3-h090-B-r0,lk3b,best,13,5.0,-57.287,-29.171,64.286,28.194,1,1
20260924T045957,L3-h090-B-r0,lk3c,alarm_m3,,,,,,,0,0
20260924T045957,L3-h090-B-r0,lk3c,alarm_m5,,,,,,,0,0
20260924T045957,L3-h090-B-r0,lk3c,alarm_m10,,,,,,,0,0
20260924T045957,L3-h090-B-r0,lk3c,alarm_m20,,,,,,,0,0
20260924T045957,L3-h090-B-r0,lk3c,alarm_xy5,117,45.0,-10.829,-6.945,12.864,-11.806,0,0
20260924T045957,L3-h090-B-r0,lk3c,best,116,44.615,-11.25,-7.213,13.364,-11.421,0,0
20260924T045957,L3-h090-B-r0,team,alarm_m3,59,22.692,-37.948,-17.025,41.592,10.502,1,0
20260924T045957,L3-h090-B-r0,team,alarm_m5,59,22.692,-37.948,-17.025,41.592,10.502,1,0
20260924T045957,L3-h090-B-r0,team,alarm_m10,59,22.692,-37.948,-17.025,41.592,10.502,1,0
20260924T045957,L3-h090-B-r0,team,alarm_m20,59,22.692,-37.948,-17.025,41.592,10.502,1,0
20260924T045957,L3-h090-B-r0,team,alarm_xy5,14,5.385,-56.903,-28.851,63.799,27.81,1,1
20260924T045957,L3-h090-B-r0,team,best,13,5.0,-57.287,-29.171,64.286,28.194,1,1
20260924T045957,L3-h090-B-r1,mulcher,alarm_m3,115,44.231,-11.365,-7.475,13.603,-11.238,0,0
20260924T045957,L3-h090-B-r1,mulcher,alarm_m5,115,44.231,-11.365,-7.475,13.603,-11.238,0,0
20260924T045957,L3-h090-B-r1,mulcher,alarm_m10,115,44.231,-11.365,-7.475,13.603,-11.238,0,0
20260924T045957,L3-h090-B-r1,mulcher,alarm_m20,115,44.231,-11.365,-7.475,13.603,-11.238,0,0
20260924T045957,L3-h090-B-r1,mulcher,alarm_xy5,83,31.923,-26.41,-13.011,29.441,1.07,1,0
20260924T045957,L3-h090-B-r1,mulcher,best,80,30.769,-27.835,-13.455,30.917,2.223,1,0
20260924T045957,L3-h090-B-r1,lk3a,alarm_m3,,,,,,,0,0
20260924T045957,L3-h090-B-r1,lk3a,alarm_m5,,,,,,,0,0
20260924T045957,L3-h090-B-r1,lk3a,alarm_m10,,,,,,,0,0
20260924T045957,L3-h090-B-r1,lk3a,alarm_m20,,,,,,,0,0
20260924T045957,L3-h090-B-r1,lk3a,alarm_xy5,118,45.385,-10.09,-6.623,12.069,-12.392,0,0
20260924T045957,L3-h090-B-r1,lk3a,best,117,45.0,-10.522,-6.938,12.603,-12.007,0,0
20260924T045957,L3-h090-B-r1,lk3b,alarm_m3,58,22.308,-38.102,-17.266,41.832,10.685,1,0
20260924T045957,L3-h090-B-r1,lk3b,alarm_m5,58,22.308,-38.102,-17.266,41.832,10.685,1,0
20260924T045957,L3-h090-B-r1,lk3b,alarm_m10,58,22.308,-38.102,-17.266,41.832,10.685,1,0
20260924T045957,L3-h090-B-r1,lk3b,alarm_m20,62,23.846,-36.275,-16.486,39.845,9.146,1,0
20260924T045957,L3-h090-B-r1,lk3b,alarm_xy5,14,5.385,-56.599,-28.805,63.507,27.608,1,1
20260924T045957,L3-h090-B-r1,lk3b,best,13,5.0,-56.983,-29.125,63.995,27.993,1,1
20260924T045957,L3-h090-B-r1,lk3c,alarm_m3,,,,,,,0,0
20260924T045957,L3-h090-B-r1,lk3c,alarm_m5,,,,,,,0,0
20260924T045957,L3-h090-B-r1,lk3c,alarm_m10,,,,,,,0,0
20260924T045957,L3-h090-B-r1,lk3c,alarm_m20,,,,,,,0,0
20260924T045957,L3-h090-B-r1,lk3c,alarm_xy5,119,45.769,-9.691,-6.321,11.571,-12.777,0,0
20260924T045957,L3-h090-B-r1,lk3c,best,116,44.615,-10.944,-7.207,13.103,-11.623,0,0
20260924T045957,L3-h090-B-r1,team,alarm_m3,58,22.308,-38.102,-17.266,41.832,10.685,1,0
20260924T045957,L3-h090-B-r1,team,alarm_m5,58,22.308,-38.102,-17.266,41.832,10.685,1,0
20260924T045957,L3-h090-B-r1,team,alarm_m10,58,22.308,-38.102,-17.266,41.832,10.685,1,0
20260924T045957,L3-h090-B-r1,team,alarm_m20,62,23.846,-36.275,-16.486,39.845,9.146,1,0
20260924T045957,L3-h090-B-r1,team,alarm_xy5,14,5.385,-56.599,-28.805,63.507,27.608,1,1
20260924T045957,L3-h090-B-r1,team,best,13,5.0,-56.983,-29.125,63.995,27.993,1,1
20260924T045957,L3-h090-C-r0,mulcher,alarm_m3,124,47.692,11.427,-7.917,13.901,-11.029,0,0
20260924T045957,L3-h090-C-r0,mulcher,alarm_m5,124,47.692,11.427,-7.917,13.901,-11.029,0,0
20260924T045957,L3-h090-C-r0,mulcher,alarm_m10,124,47.692,11.427,-7.917,13.901,-11.029,0,0
20260924T045957,L3-h090-C-r0,mulcher,alarm_m20,124,47.692,11.427,-7.917,13.901,-11.029,0,0
20260924T045957,L3-h090-C-r0,mulcher,alarm_xy5,73,28.077,33.393,-19.497,38.668,8.587,1,0
20260924T045957,L3-h090-C-r0,mulcher,best,72,27.692,33.875,-19.63,39.152,8.971,1,0
20260924T045957,L3-h090-C-r0,lk3a,alarm_m3,,,,,,,0,0
20260924T045957,L3-h090-C-r0,lk3a,alarm_m5,,,,,,,0,0
20260924T045957,L3-h090-C-r0,lk3a,alarm_m10,,,,,,,0,0
20260924T045957,L3-h090-C-r0,lk3a,alarm_m20,,,,,,,0,0
20260924T045957,L3-h090-C-r0,lk3a,alarm_xy5,126,48.462,10.749,-7.182,12.927,-11.798,0,0
20260924T045957,L3-h090-C-r0,lk3a,best,125,48.077,11.088,-7.549,13.414,-11.413,0,0
20260924T045957,L3-h090-C-r0,lk3b,alarm_m3,,,,,,,0,0
20260924T045957,L3-h090-C-r0,lk3b,alarm_m5,,,,,,,0,0
20260924T045957,L3-h090-C-r0,lk3b,alarm_m10,,,,,,,0,0
20260924T045957,L3-h090-C-r0,lk3b,alarm_m20,,,,,,,0,0
20260924T045957,L3-h090-C-r0,lk3b,alarm_xy5,,,,,,,0,0
20260924T045957,L3-h090-C-r0,lk3b,best,128,49.231,10.08,-6.441,11.962,-12.567,0,0
20260924T045957,L3-h090-C-r0,lk3c,alarm_m3,67,25.769,36.286,-20.293,41.575,10.895,1,0
20260924T045957,L3-h090-C-r0,lk3c,alarm_m5,67,25.769,36.286,-20.293,41.575,10.895,1,0
20260924T045957,L3-h090-C-r0,lk3c,alarm_m10,67,25.769,36.286,-20.293,41.575,10.895,1,0
20260924T045957,L3-h090-C-r0,lk3c,alarm_m20,68,26.154,35.804,-20.16,41.089,10.51,1,0
20260924T045957,L3-h090-C-r0,lk3c,alarm_xy5,25,9.615,56.176,-27.004,62.33,27.048,1,1
20260924T045957,L3-h090-C-r0,lk3c,best,24,9.231,56.635,-27.21,62.832,27.433,1,1
20260924T045957,L3-h090-C-r0,team,alarm_m3,67,25.769,36.286,-20.293,41.575,10.895,1,0
20260924T045957,L3-h090-C-r0,team,alarm_m5,67,25.769,36.286,-20.293,41.575,10.895,1,0
20260924T045957,L3-h090-C-r0,team,alarm_m10,67,25.769,36.286,-20.293,41.575,10.895,1,0
20260924T045957,L3-h090-C-r0,team,alarm_m20,68,26.154,35.804,-20.16,41.089,10.51,1,0
20260924T045957,L3-h090-C-r0,team,alarm_xy5,25,9.615,56.176,-27.004,62.33,27.048,1,1
20260924T045957,L3-h090-C-r0,team,best,24,9.231,56.635,-27.21,62.832,27.433,1,1
20260924T045957,L3-h090-C-r1,mulcher,alarm_m3,126,48.462,11.303,-7.763,13.712,-11.18,0,0
20260924T045957,L3-h090-C-r1,mulcher,alarm_m5,126,48.462,11.303,-7.763,13.712,-11.18,0,0
20260924T045957,L3-h090-C-r1,mulcher,alarm_m10,126,48.462,11.303,-7.763,13.712,-11.18,0,0
20260924T045957,L3-h090-C-r1,mulcher,alarm_m20,126,48.462,11.303,-7.763,13.712,-11.18,0,0
20260924T045957,L3-h090-C-r1,mulcher,alarm_xy5,99,38.077,21.71,-16.021,26.982,-0.796,0,0
20260924T045957,L3-h090-C-r1,mulcher,best,76,29.231,32.725,-19.3,37.992,8.051,1,0
20260924T045957,L3-h090-C-r1,lk3a,alarm_m3,,,,,,,0,0
20260924T045957,L3-h090-C-r1,lk3a,alarm_m5,,,,,,,0,0
20260924T045957,L3-h090-C-r1,lk3a,alarm_m10,,,,,,,0,0
20260924T045957,L3-h090-C-r1,lk3a,alarm_m20,,,,,,,0,0
20260924T045957,L3-h090-C-r1,lk3a,alarm_xy5,129,49.615,10.292,-6.658,12.257,-12.334,0,0
20260924T045957,L3-h090-C-r1,lk3a,best,126,48.462,11.303,-7.763,13.712,-11.18,0,0
20260924T045957,L3-h090-C-r1,lk3b,alarm_m3,,,,,,,0,0
20260924T045957,L3-h090-C-r1,lk3b,alarm_m5,,,,,,,0,0
20260924T045957,L3-h090-C-r1,lk3b,alarm_m10,,,,,,,0,0
20260924T045957,L3-h090-C-r1,lk3b,alarm_m20,,,,,,,0,0
20260924T045957,L3-h090-C-r1,lk3b,alarm_xy5,,,,,,,0,0
20260924T045957,L3-h090-C-r1,lk3b,best,,,,,,,0,0
20260924T045957,L3-h090-C-r1,lk3c,alarm_m3,68,26.154,36.582,-20.36,41.866,11.128,1,0
20260924T045957,L3-h090-C-r1,lk3c,alarm_m5,68,26.154,36.582,-20.36,41.866,11.128,1,0
20260924T045957,L3-h090-C-r1,lk3c,alarm_m10,69,26.538,36.099,-20.227,41.38,10.743,1,0
20260924T045957,L3-h090-C-r1,lk3c,alarm_m20,70,26.923,35.617,-20.094,40.895,10.358,1,0
20260924T045957,L3-h090-C-r1,lk3c,alarm_xy5,26,10.0,56.459,-27.113,62.632,27.281,1,1
20260924T045957,L3-h090-C-r1,lk3c,best,25,9.615,56.915,-27.327,63.135,27.666,1,1
20260924T045957,L3-h090-C-r1,team,alarm_m3,68,26.154,36.582,-20.36,41.866,11.128,1,0
20260924T045957,L3-h090-C-r1,team,alarm_m5,68,26.154,36.582,-20.36,41.866,11.128,1,0
20260924T045957,L3-h090-C-r1,team,alarm_m10,69,26.538,36.099,-20.227,41.38,10.743,1,0
20260924T045957,L3-h090-C-r1,team,alarm_m20,70,26.923,35.617,-20.094,40.895,10.358,1,0
20260924T045957,L3-h090-C-r1,team,alarm_xy5,26,10.0,56.459,-27.113,62.632,27.281,1,1
20260924T045957,L3-h090-C-r1,team,best,25,9.615,56.915,-27.327,63.135,27.666,1,1
20260924T045957,L3-h120-A-r0,mulcher,alarm_m3,,,,,,,0,0
20260924T045957,L3-h120-A-r0,mulcher,alarm_m5,,,,,,,0,0
20260924T045957,L3-h120-A-r0,mulcher,alarm_m10,,,,,,,0,0
20260924T045957,L3-h120-A-r0,mulcher,alarm_m20,,,,,,,0,0
20260924T045957,L3-h120-A-r0,mulcher,alarm_xy5,,,,,,,0,0
20260924T045957,L3-h120-A-r0,mulcher,best,,,,,,,0,0
20260924T045957,L3-h120-A-r0,lk3a,alarm_m3,71,27.308,-3.755,41.542,41.711,10.831,1,0
20260924T045957,L3-h120-A-r0,lk3a,alarm_m5,71,27.308,-3.755,41.542,41.711,10.831,1,0
20260924T045957,L3-h120-A-r0,lk3a,alarm_m10,71,27.308,-3.755,41.542,41.711,10.831,1,0
20260924T045957,L3-h120-A-r0,lk3a,alarm_m20,72,27.692,-3.827,41.047,41.225,10.446,1,0
20260924T045957,L3-h120-A-r0,lk3a,alarm_xy5,31,11.923,0.622,61.006,61.009,26.216,1,1
20260924T045957,L3-h120-A-r0,lk3a,best,28,10.769,1.001,62.459,62.467,27.37,1,1
20260924T045957,L3-h120-A-r0,lk3b,alarm_m3,,,,,,,0,0
20260924T045957,L3-h120-A-r0,lk3b,alarm_m5,,,,,,,0,0
20260924T045957,L3-h120-A-r0,lk3b,alarm_m10,,,,,,,0,0
20260924T045957,L3-h120-A-r0,lk3b,alarm_m20,,,,,,,0,0
20260924T045957,L3-h120-A-r0,lk3b,alarm_xy5,130,50.0,-0.27,12.956,12.959,-11.861,0,0
20260924T045957,L3-h120-A-r0,lk3b,best,129,49.615,-0.4,13.439,13.445,-11.477,0,0
20260924T045957,L3-h120-A-r0,lk3c,alarm_m3,,,,,,,0,0
20260924T045957,L3-h120-A-r0,lk3c,alarm_m5,,,,,,,0,0
20260924T045957,L3-h120-A-r0,lk3c,alarm_m10,,,,,,,0,0
20260924T045957,L3-h120-A-r0,lk3c,alarm_m20,,,,,,,0,0
20260924T045957,L3-h120-A-r0,lk3c,alarm_xy5,,,,,,,0,0
20260924T045957,L3-h120-A-r0,lk3c,best,,,,,,,0,0
20260924T045957,L3-h120-A-r0,team,alarm_m3,71,27.308,-3.755,41.542,41.711,10.831,1,0
20260924T045957,L3-h120-A-r0,team,alarm_m5,71,27.308,-3.755,41.542,41.711,10.831,1,0
20260924T045957,L3-h120-A-r0,team,alarm_m10,71,27.308,-3.755,41.542,41.711,10.831,1,0
20260924T045957,L3-h120-A-r0,team,alarm_m20,72,27.692,-3.827,41.047,41.225,10.446,1,0
20260924T045957,L3-h120-A-r0,team,alarm_xy5,31,11.923,0.622,61.006,61.009,26.216,1,1
20260924T045957,L3-h120-A-r0,team,best,28,10.769,1.001,62.459,62.467,27.37,1,1
20260924T045957,L3-h120-A-r1,mulcher,alarm_m3,,,,,,,0,0
20260924T045957,L3-h120-A-r1,mulcher,alarm_m5,,,,,,,0,0
20260924T045957,L3-h120-A-r1,mulcher,alarm_m10,,,,,,,0,0
20260924T045957,L3-h120-A-r1,mulcher,alarm_m20,,,,,,,0,0
20260924T045957,L3-h120-A-r1,mulcher,alarm_xy5,,,,,,,0,0
20260924T045957,L3-h120-A-r1,mulcher,best,,,,,,,0,0
20260924T045957,L3-h120-A-r1,lk3a,alarm_m3,52,20.0,-4.397,41.559,41.791,10.773,1,0
20260924T045957,L3-h120-A-r1,lk3a,alarm_m5,52,20.0,-4.397,41.559,41.791,10.773,1,0
20260924T045957,L3-h120-A-r1,lk3a,alarm_m10,52,20.0,-4.397,41.559,41.791,10.773,1,0
20260924T045957,L3-h120-A-r1,lk3a,alarm_m20,52,20.0,-4.397,41.559,41.791,10.773,1,0
20260924T045957,L3-h120-A-r1,lk3a,alarm_xy5,7,2.692,0.613,63.514,63.516,28.081,1,1
20260924T045957,L3-h120-A-r1,lk3a,best,6,2.308,0.737,63.998,64.002,28.466,1,1
20260924T045957,L3-h120-A-r1,lk3b,alarm_m3,,,,,,,0,0
20260924T045957,L3-h120-A-r1,lk3b,alarm_m5,,,,,,,0,0
20260924T045957,L3-h120-A-r1,lk3b,alarm_m10,,,,,,,0,0
20260924T045957,L3-h120-A-r1,lk3b,alarm_m20,,,,,,,0,0
20260924T045957,L3-h120-A-r1,lk3b,alarm_xy5,112,43.077,-0.752,12.25,12.273,-12.304,0,0
20260924T045957,L3-h120-A-r1,lk3b,best,111,42.692,-0.866,12.718,12.748,-11.919,0,0
20260924T045957,L3-h120-A-r1,lk3c,alarm_m3,,,,,,,0,0
20260924T045957,L3-h120-A-r1,lk3c,alarm_m5,,,,,,,0,0
20260924T045957,L3-h120-A-r1,lk3c,alarm_m10,,,,,,,0,0
20260924T045957,L3-h120-A-r1,lk3c,alarm_m20,,,,,,,0,0
20260924T045957,L3-h120-A-r1,lk3c,alarm_xy5,,,,,,,0,0
20260924T045957,L3-h120-A-r1,lk3c,best,,,,,,,0,0
20260924T045957,L3-h120-A-r1,team,alarm_m3,52,20.0,-4.397,41.559,41.791,10.773,1,0
20260924T045957,L3-h120-A-r1,team,alarm_m5,52,20.0,-4.397,41.559,41.791,10.773,1,0
20260924T045957,L3-h120-A-r1,team,alarm_m10,52,20.0,-4.397,41.559,41.791,10.773,1,0
20260924T045957,L3-h120-A-r1,team,alarm_m20,52,20.0,-4.397,41.559,41.791,10.773,1,0
20260924T045957,L3-h120-A-r1,team,alarm_xy5,7,2.692,0.613,63.514,63.516,28.081,1,1
20260924T045957,L3-h120-A-r1,team,best,6,2.308,0.737,63.998,64.002,28.466,1,1
20260924T045957,L3-h120-B-r0,mulcher,alarm_m3,127,48.846,-11.759,-7.252,13.816,-11.075,0,0
20260924T045957,L3-h120-B-r0,mulcher,alarm_m5,127,48.846,-11.759,-7.252,13.816,-11.075,0,0
20260924T045957,L3-h120-B-r0,mulcher,alarm_m10,127,48.846,-11.759,-7.252,13.816,-11.075,0,0
20260924T045957,L3-h120-B-r0,mulcher,alarm_m20,127,48.846,-11.759,-7.252,13.816,-11.075,0,0
20260924T045957,L3-h120-B-r0,mulcher,alarm_xy5,79,30.385,-34.298,-15.269,37.544,7.387,1,0
20260924T045957,L3-h120-B-r0,mulcher,best,78,30.0,-34.763,-15.45,38.042,7.771,1,0
20260924T045957,L3-h120-B-r0,lk3a,alarm_m3,,,,,,,0,0
20260924T045957,L3-h120-B-r0,lk3a,alarm_m5,,,,,,,0,0
20260924T045957,L3-h120-B-r0,lk3a,alarm_m10,,,,,,,0,0
20260924T045957,L3-h120-B-r0,lk3a,alarm_m20,,,,,,,0,0
20260924T045957,L3-h120-B-r0,lk3a,alarm_xy5,130,50.0,-10.5,-6.433,12.314,-12.229,0,0
20260924T045957,L3-h120-B-r0,lk3a,best,127,48.846,-11.759,-7.252,13.816,-11.075,0,0
20260924T045957,L3-h120-B-r0,lk3b,alarm_m3,71,27.308,-37.998,-16.785,41.54,10.464,1,0
20260924T045957,L3-h120-B-r0,lk3b,alarm_m5,71,27.308,-37.998,-16.785,41.54,10.464,1,0
20260924T045957,L3-h120-B-r0,lk3b,alarm_m10,71,27.308,-37.998,-16.785,41.54,10.464,1,0
20260924T045957,L3-h120-B-r0,lk3b,alarm_m20,72,27.692,-37.539,-16.586,41.04,10.079,1,0
20260924T045957,L3-h120-B-r0,lk3b,alarm_xy5,27,10.385,-56.634,-28.314,63.318,27.387,1,1
20260924T045957,L3-h120-B-r0,lk3b,best,24,9.231,-57.786,-29.275,64.778,28.541,1,1
20260924T045957,L3-h120-B-r0,lk3c,alarm_m3,,,,,,,0,0
20260924T045957,L3-h120-B-r0,lk3c,alarm_m5,,,,,,,0,0
20260924T045957,L3-h120-B-r0,lk3c,alarm_m10,,,,,,,0,0
20260924T045957,L3-h120-B-r0,lk3c,alarm_m20,,,,,,,0,0
20260924T045957,L3-h120-B-r0,lk3c,alarm_xy5,131,50.385,-10.102,-6.131,11.817,-12.613,0,0
20260924T045957,L3-h120-B-r0,lk3c,best,130,50.0,-10.5,-6.433,12.314,-12.229,0,0
20260924T045957,L3-h120-B-r0,team,alarm_m3,71,27.308,-37.998,-16.785,41.54,10.464,1,0
20260924T045957,L3-h120-B-r0,team,alarm_m5,71,27.308,-37.998,-16.785,41.54,10.464,1,0
20260924T045957,L3-h120-B-r0,team,alarm_m10,71,27.308,-37.998,-16.785,41.54,10.464,1,0
20260924T045957,L3-h120-B-r0,team,alarm_m20,72,27.692,-37.539,-16.586,41.04,10.079,1,0
20260924T045957,L3-h120-B-r0,team,alarm_xy5,27,10.385,-56.634,-28.314,63.318,27.387,1,1
20260924T045957,L3-h120-B-r0,team,best,24,9.231,-57.786,-29.275,64.778,28.541,1,1
20260924T045957,L3-h120-B-r1,mulcher,alarm_m3,129,49.615,-11.468,-7.153,13.516,-11.305,0,0
20260924T045957,L3-h120-B-r1,mulcher,alarm_m5,129,49.615,-11.468,-7.153,13.516,-11.305,0,0
20260924T045957,L3-h120-B-r1,mulcher,alarm_m10,129,49.615,-11.468,-7.153,13.516,-11.305,0,0
20260924T045957,L3-h120-B-r1,mulcher,alarm_m20,129,49.615,-11.468,-7.153,13.516,-11.305,0,0
20260924T045957,L3-h120-B-r1,mulcher,alarm_xy5,103,39.615,-23.547,-11.82,26.347,-1.305,0,0
20260924T045957,L3-h120-B-r1,mulcher,best,76,29.231,-36.316,-16.15,39.745,9.08,1,0
20260924T045957,L3-h120-B-r1,lk3a,alarm_m3,,,,,,,0,0
20260924T045957,L3-h120-B-r1,lk3a,alarm_m5,,,,,,,0,0
20260924T045957,L3-h120-B-r1,lk3a,alarm_m10,,,,,,,0,0
20260924T045957,L3-h120-B-r1,lk3a,alarm_m20,,,,,,,0,0
20260924T045957,L3-h120-B-r1,lk3a,alarm_xy5,132,50.769,-10.218,-6.31,12.009,-12.459,0,0
20260924T045957,L3-h120-B-r1,lk3a,best,131,50.385,-10.624,-6.616,12.516,-12.074,0,0
20260924T045957,L3-h120-B-r1,lk3b,alarm_m3,72,27.692,-38.153,-16.932,41.741,10.618,1,0
20260924T045957,L3-h120-B-r1,lk3b,alarm_m5,72,27.692,-38.153,-16.932,41.741,10.618,1,0
20260924T045957,L3-h120-B-r1,lk3b,alarm_m10,72,27.692,-38.153,-16.932,41.741,10.618,1,0
20260924T045957,L3-h120-B-r1,lk3b,alarm_m20,73,28.077,-37.694,-16.732,41.241,10.234,1,0
20260924T045957,L3-h120-B-r1,lk3b,alarm_xy5,31,11.923,-55.583,-27.551,62.036,26.387,1,1
20260924T045957,L3-h120-B-r1,lk3b,best,26,10.0,-57.51,-29.139,64.471,28.31,1,1
20260924T045957,L3-h120-B-r1,lk3c,alarm_m3,,,,,,,0,0
20260924T045957,L3-h120-B-r1,lk3c,alarm_m5,,,,,,,0,0
20260924T045957,L3-h120-B-r1,lk3c,alarm_m10,,,,,,,0,0
20260924T045957,L3-h120-B-r1,lk3c,alarm_m20,,,,,,,0,0
20260924T045957,L3-h120-B-r1,lk3c,alarm_xy5,,,,,,,0,0
20260924T045957,L3-h120-B-r1,lk3c,best,129,49.615,-11.468,-7.153,13.516,-11.305,0,0
20260924T045957,L3-h120-B-r1,team,alarm_m3,72,27.692,-38.153,-16.932,41.741,10.618,1,0
20260924T045957,L3-h120-B-r1,team,alarm_m5,72,27.692,-38.153,-16.932,41.741,10.618,1,0
20260924T045957,L3-h120-B-r1,team,alarm_m10,72,27.692,-38.153,-16.932,41.741,10.618,1,0
20260924T045957,L3-h120-B-r1,team,alarm_m20,73,28.077,-37.694,-16.732,41.241,10.234,1,0
20260924T045957,L3-h120-B-r1,team,alarm_xy5,31,11.923,-55.583,-27.551,62.036,26.387,1,1
20260924T045957,L3-h120-B-r1,team,best,26,10.0,-57.51,-29.139,64.471,28.31,1,1
20260924T045957,L3-h120-C-r0,mulcher,alarm_m3,110,42.308,11.304,-8.122,13.919,-10.977,0,0
20260924T045957,L3-h120-C-r0,mulcher,alarm_m5,110,42.308,11.304,-8.122,13.919,-10.977,0,0
20260924T045957,L3-h120-C-r0,mulcher,alarm_m10,110,42.308,11.304,-8.122,13.919,-10.977,0,0
20260924T045957,L3-h120-C-r0,mulcher,alarm_m20,112,43.077,10.626,-7.386,12.941,-11.746,0,0
20260924T045957,L3-h120-C-r0,mulcher,alarm_xy5,61,23.462,32.433,-19.472,37.829,7.87,1,0
20260924T045957,L3-h120-C-r0,mulcher,best,60,23.077,32.915,-19.604,38.311,8.254,1,0
20260924T045957,L3-h120-C-r0,lk3a,alarm_m3,,,,,,,0,0
20260924T045957,L3-h120-C-r0,lk3a,alarm_m5,,,,,,,0,0
20260924T045957,L3-h120-C-r0,lk3a,alarm_m10,,,,,,,0,0
20260924T045957,L3-h120-C-r0,lk3a,alarm_m20,,,,,,,0,0
20260924T045957,L3-h120-C-r0,lk3a,alarm_xy5,116,44.615,9.288,-5.898,11.002,-13.284,0,0
20260924T045957,L3-h120-C-r0,lk3a,best,113,43.462,10.287,-7.017,12.452,-12.13,0,0
20260924T045957,L3-h120-C-r0,lk3b,alarm_m3,,,,,,,0,0
20260924T045957,L3-h120-C-r0,lk3b,alarm_m5,,,,,,,0,0
20260924T045957,L3-h120-C-r0,lk3b,alarm_m10,,,,,,,0,0
20260924T045957,L3-h120-C-r0,lk3b,alarm_m20,,,,,,,0,0
20260924T045957,L3-h120-C-r0,lk3b,alarm_xy5,115,44.231,9.621,-6.271,11.484,-12.9,0,0
20260924T045957,L3-h120-C-r0,lk3b,best,114,43.846,9.954,-6.644,11.967,-12.515,0,0
20260924T045957,L3-h120-C-r0,lk3c,alarm_m3,53,20.385,36.29,-20.532,41.696,10.946,1,0
20260924T045957,L3-h120-C-r0,lk3c,alarm_m5,53,20.385,36.29,-20.532,41.696,10.946,1,0
20260924T045957,L3-h120-C-r0,lk3c,alarm_m10,53,20.385,36.29,-20.532,41.696,10.946,1,0
20260924T045957,L3-h120-C-r0,lk3c,alarm_m20,54,20.769,35.808,-20.399,41.211,10.562,1,0
20260924T045957,L3-h120-C-r0,lk3c,alarm_xy5,12,4.615,55.688,-27.042,61.906,26.716,1,1
20260924T045957,L3-h120-C-r0,lk3c,best,11,4.231,56.146,-27.241,62.406,27.1,1,1
20260924T045957,L3-h120-C-r0,team,alarm_m3,53,20.385,36.29,-20.532,41.696,10.946,1,0
20260924T045957,L3-h120-C-r0,team,alarm_m5,53,20.385,36.29,-20.532,41.696,10.946,1,0
20260924T045957,L3-h120-C-r0,team,alarm_m10,53,20.385,36.29,-20.532,41.696,10.946,1,0
20260924T045957,L3-h120-C-r0,team,alarm_m20,54,20.769,35.808,-20.399,41.211,10.562,1,0
20260924T045957,L3-h120-C-r0,team,alarm_xy5,12,4.615,55.688,-27.042,61.906,26.716,1,1
20260924T045957,L3-h120-C-r0,team,best,11,4.231,56.146,-27.241,62.406,27.1,1,1
20260924T045957,L3-h120-C-r1,mulcher,alarm_m3,125,48.077,11.267,-7.551,13.563,-11.319,0,0
20260924T045957,L3-h120-C-r1,mulcher,alarm_m5,125,48.077,11.267,-7.551,13.563,-11.319,0,0
20260924T045957,L3-h120-C-r1,mulcher,alarm_m10,125,48.077,11.267,-7.551,13.563,-11.319,0,0
20260924T045957,L3-h120-C-r1,mulcher,alarm_m20,,,,,,,0,0
20260924T045957,L3-h120-C-r1,mulcher,alarm_xy5,74,28.462,33.063,-19.272,38.27,8.296,1,0
20260924T045957,L3-h120-C-r1,mulcher,best,73,28.077,33.545,-19.404,38.753,8.681,1,0
20260924T045957,L3-h120-C-r1,lk3a,alarm_m3,,,,,,,0,0
20260924T045957,L3-h120-C-r1,lk3a,alarm_m5,,,,,,,0,0
20260924T045957,L3-h120-C-r1,lk3a,alarm_m10,,,,,,,0,0
20260924T045957,L3-h120-C-r1,lk3a,alarm_m20,,,,,,,0,0
20260924T045957,L3-h120-C-r1,lk3a,alarm_xy5,127,48.846,10.589,-6.815,12.593,-12.088,0,0
20260924T045957,L3-h120-C-r1,lk3a,best,126,48.462,10.928,-7.183,13.077,-11.704,0,0
20260924T045957,L3-h120-C-r1,lk3b,alarm_m3,,,,,,,0,0
20260924T045957,L3-h120-C-r1,lk3b,alarm_m5,,,,,,,0,0
20260924T045957,L3-h120-C-r1,lk3b,alarm_m10,,,,,,,0,0
20260924T045957,L3-h120-C-r1,lk3b,alarm_m20,,,,,,,0,0
20260924T045957,L3-h120-C-r1,lk3b,alarm_xy5,,,,,,,0,0
20260924T045957,L3-h120-C-r1,lk3b,best,132,50.769,8.927,-4.953,10.209,-14.011,0,0
20260924T045957,L3-h120-C-r1,lk3c,alarm_m3,67,25.769,36.438,-20.199,41.663,10.989,1,0
20260924T045957,L3-h120-C-r1,lk3c,alarm_m5,67,25.769,36.438,-20.199,41.663,10.989,1,0
20260924T045957,L3-h120-C-r1,lk3c,alarm_m10,67,25.769,36.438,-20.199,41.663,10.989,1,0
20260924T045957,L3-h120-C-r1,lk3c,alarm_m20,70,26.923,34.992,-19.801,40.206,9.835,1,0
20260924T045957,L3-h120-C-r1,lk3c,alarm_xy5,23,8.846,57.253,-27.358,63.454,27.912,1,1
20260924T045957,L3-h120-C-r1,lk3c,best,22,8.462,57.705,-27.572,63.954,28.296,1,1
20260924T045957,L3-h120-C-r1,team,alarm_m3,67,25.769,36.438,-20.199,41.663,10.989,1,0
20260924T045957,L3-h120-C-r1,team,alarm_m5,67,25.769,36.438,-20.199,41.663,10.989,1,0
20260924T045957,L3-h120-C-r1,team,alarm_m10,67,25.769,36.438,-20.199,41.663,10.989,1,0
20260924T045957,L3-h120-C-r1,team,alarm_m20,70,26.923,34.992,-19.801,40.206,9.835,1,0
20260924T045957,L3-h120-C-r1,team,alarm_xy5,23,8.846,57.253,-27.358,63.454,27.912,1,1
20260924T045957,L3-h120-C-r1,team,best,22,8.462,57.705,-27.572,63.954,28.296,1,1
20260924T045957,L3-h150-A-r0,mulcher,alarm_m3,111,42.692,-0.972,13.586,13.621,-11.253,0,0
20260924T045957,L3-h150-A-r0,mulcher,alarm_m5,111,42.692,-0.972,13.586,13.621,-11.253,0,0
20260924T045957,L3-h150-A-r0,mulcher,alarm_m10,111,42.692,-0.972,13.586,13.621,-11.253,0,0
20260924T045957,L3-h150-A-r0,mulcher,alarm_m20,111,42.692,-0.972,13.586,13.621,-11.253,0,0
20260924T045957,L3-h150-A-r0,mulcher,alarm_xy5,83,31.923,-5.095,26.921,27.399,-0.484,0,0
20260924T045957,L3-h150-A-r0,mulcher,best,60,23.077,-4.68,38.429,38.713,8.363,1,0
20260924T045957,L3-h150-A-r0,lk3a,alarm_m3,54,20.769,-4.295,41.409,41.631,10.67,1,0
20260924T045957,L3-h150-A-r0,lk3a,alarm_m5,54,20.769,-4.295,41.409,41.631,10.67,1,0
20260924T045957,L3-h150-A-r0,lk3a,alarm_m10,54,20.769,-4.295,41.409,41.631,10.67,1,0
20260924T045957,L3-h150-A-r0,lk3a,alarm_m20,56,21.538,-4.438,40.419,40.662,9.901,1,0
20260924T045957,L3-h150-A-r0,lk3a,alarm_xy5,9,3.462,0.699,63.353,63.357,27.978,1,1
20260924T045957,L3-h150-A-r0,lk3a,best,8,3.077,0.823,63.838,63.843,28.363,1,1
20260924T045957,L3-h150-A-r0,lk3b,alarm_m3,,,,,,,0,0
20260924T045957,L3-h150-A-r0,lk3b,alarm_m5,,,,,,,0,0
20260924T045957,L3-h150-A-r0,lk3b,alarm_m10,,,,,,,0,0
20260924T045957,L3-h150-A-r0,lk3b,alarm_m20,,,,,,,0,0
20260924T045957,L3-h150-A-r0,lk3b,alarm_xy5,113,43.462,-0.713,12.621,12.641,-12.022,0,0
20260924T045957,L3-h150-A-r0,lk3b,best,112,43.077,-0.843,13.103,13.13,-11.637,0,0
20260924T045957,L3-h150-A-r0,lk3c,alarm_m3,,,,,,,0,0
20260924T045957,L3-h150-A-r0,lk3c,alarm_m5,,,,,,,0,0
20260924T045957,L3-h150-A-r0,lk3c,alarm_m10,,,,,,,0,0
20260924T045957,L3-h150-A-r0,lk3c,alarm_m20,,,,,,,0,0
20260924T045957,L3-h150-A-r0,lk3c,alarm_xy5,,,,,,,0,0
20260924T045957,L3-h150-A-r0,lk3c,best,118,45.385,-0.208,10.183,10.185,-13.945,0,0
20260924T045957,L3-h150-A-r0,team,alarm_m3,54,20.769,-4.295,41.409,41.631,10.67,1,0
20260924T045957,L3-h150-A-r0,team,alarm_m5,54,20.769,-4.295,41.409,41.631,10.67,1,0
20260924T045957,L3-h150-A-r0,team,alarm_m10,54,20.769,-4.295,41.409,41.631,10.67,1,0
20260924T045957,L3-h150-A-r0,team,alarm_m20,56,21.538,-4.438,40.419,40.662,9.901,1,0
20260924T045957,L3-h150-A-r0,team,alarm_xy5,9,3.462,0.699,63.353,63.357,27.978,1,1
20260924T045957,L3-h150-A-r0,team,best,8,3.077,0.823,63.838,63.843,28.363,1,1
20260924T045957,L3-h150-A-r1,mulcher,alarm_m3,129,49.615,-0.502,13.474,13.483,-11.43,0,0
20260924T045957,L3-h150-A-r1,mulcher,alarm_m5,129,49.615,-0.502,13.474,13.483,-11.43,0,0
20260924T045957,L3-h150-A-r1,mulcher,alarm_m10,129,49.615,-0.502,13.474,13.483,-11.43,0,0
20260924T045957,L3-h150-A-r1,mulcher,alarm_m20,129,49.615,-0.502,13.474,13.483,-11.43,0,0
20260924T045957,L3-h150-A-r1,mulcher,alarm_xy5,104,40.0,-4.583,25.214,25.627,-1.815,0,0
20260924T045957,L3-h150-A-r1,mulcher,best,77,29.615,-4.227,38.648,38.878,8.57,1,0
20260924T045957,L3-h150-A-r1,lk3a,alarm_m3,71,27.308,-3.835,41.614,41.791,10.878,1,0
20260924T045957,L3-h150-A-r1,lk3a,alarm_m5,71,27.308,-3.835,41.614,41.791,10.878,1,0
20260924T045957,L3-h150-A-r1,lk3a,alarm_m10,71,27.308,-3.835,41.614,41.791,10.878,1,0
20260924T045957,L3-h150-A-r1,lk3a,alarm_m20,73,28.077,-3.979,40.625,40.819,10.108,1,0
20260924T045957,L3-h150-A-r1,lk3a,alarm_xy5,30,11.538,0.677,61.571,61.575,26.647,1,1
20260924T045957,L3-h150-A-r1,lk3a,best,27,10.385,1.054,63.024,63.033,27.801,1,1
20260924T045957,L3-h150-A-r1,lk3b,alarm_m3,,,,,,,0,0
20260924T045957,L3-h150-A-r1,lk3b,alarm_m5,,,,,,,0,0
20260924T045957,L3-h150-A-r1,lk3b,alarm_m10,,,,,,,0,0
20260924T045957,L3-h150-A-r1,lk3b,alarm_m20,,,,,,,0,0
20260924T045957,L3-h150-A-r1,lk3b,alarm_xy5,135,51.923,0.155,10.532,10.533,-13.738,0,0
20260924T045957,L3-h150-A-r1,lk3b,best,131,50.385,-0.242,12.492,12.494,-12.199,0,0
20260924T045957,L3-h150-A-r1,lk3c,alarm_m3,,,,,,,0,0
20260924T045957,L3-h150-A-r1,lk3c,alarm_m5,,,,,,,0,0
20260924T045957,L3-h150-A-r1,lk3c,alarm_m10,,,,,,,0,0
20260924T045957,L3-h150-A-r1,lk3c,alarm_m20,,,,,,,0,0
20260924T045957,L3-h150-A-r1,lk3c,alarm_xy5,,,,,,,0,0
20260924T045957,L3-h150-A-r1,lk3c,best,135,51.923,0.155,10.532,10.533,-13.738,0,0
20260924T045957,L3-h150-A-r1,team,alarm_m3,71,27.308,-3.835,41.614,41.791,10.878,1,0
20260924T045957,L3-h150-A-r1,team,alarm_m5,71,27.308,-3.835,41.614,41.791,10.878,1,0
20260924T045957,L3-h150-A-r1,team,alarm_m10,71,27.308,-3.835,41.614,41.791,10.878,1,0
20260924T045957,L3-h150-A-r1,team,alarm_m20,73,28.077,-3.979,40.625,40.819,10.108,1,0
20260924T045957,L3-h150-A-r1,team,alarm_xy5,30,11.538,0.677,61.571,61.575,26.647,1,1
20260924T045957,L3-h150-A-r1,team,best,27,10.385,1.054,63.024,63.033,27.801,1,1
20260924T045957,L3-h150-B-r0,mulcher,alarm_m3,111,42.692,-11.704,-7.482,13.891,-11.015,0,0
20260924T045957,L3-h150-B-r0,mulcher,alarm_m5,111,42.692,-11.704,-7.482,13.891,-11.015,0,0
20260924T045957,L3-h150-B-r0,mulcher,alarm_m10,111,42.692,-11.704,-7.482,13.891,-11.015,0,0
20260924T045957,L3-h150-B-r0,mulcher,alarm_m20,112,43.077,-11.282,-7.214,13.391,-11.4,0,0
20260924T045957,L3-h150-B-r0,mulcher,alarm_xy5,66,25.385,-32.886,-14.986,36.14,6.292,1,0
20260924T045957,L3-h150-B-r0,mulcher,best,60,23.077,-35.68,-16.058,39.127,8.6,1,0
20260924T045957,L3-h150-B-r0,lk3a,alarm_m3,,,,,,,0,0
20260924T045957,L3-h150-B-r0,lk3a,alarm_m5,,,,,,,0,0
20260924T045957,L3-h150-B-r0,lk3a,alarm_m10,,,,,,,0,0
20260924T045957,L3-h150-B-r0,lk3a,alarm_m20,,,,,,,0,0
20260924T045957,L3-h150-B-r0,lk3a,alarm_xy5,114,43.846,-10.427,-6.658,12.371,-12.169,0,0
20260924T045957,L3-h150-B-r0,lk3a,best,113,43.462,-10.861,-6.945,12.891,-11.785,0,0
20260924T045957,L3-h150-B-r0,lk3b,alarm_m3,55,21.154,-37.979,-17.021,41.619,10.523,1,0
20260924T045957,L3-h150-B-r0,lk3b,alarm_m5,55,21.154,-37.979,-17.021,41.619,10.523,1,0
20260924T045957,L3-h150-B-r0,lk3b,alarm_m10,55,21.154,-37.979,-17.021,41.619,10.523,1,0
20260924T045957,L3-h150-B-r0,lk3b,alarm_m20,57,21.923,-37.062,-16.623,40.619,9.754,1,0
20260924T045957,L3-h150-B-r0,lk3b,alarm_xy5,14,5.385,-55.392,-27.592,61.884,26.292,1,1
20260924T045957,L3-h150-B-r0,lk3b,best,9,3.462,-57.318,-29.176,64.316,28.215,1,1
20260924T045957,L3-h150-B-r0,lk3c,alarm_m3,,,,,,,0,0
20260924T045957,L3-h150-B-r0,lk3c,alarm_m5,,,,,,,0,0
20260924T045957,L3-h150-B-r0,lk3c,alarm_m10,,,,,,,0,0
20260924T045957,L3-h150-B-r0,lk3c,alarm_m20,,,,,,,0,0
20260924T045957,L3-h150-B-r0,lk3c,alarm_xy5,,,,,,,0,0
20260924T045957,L3-h150-B-r0,lk3c,best,114,43.846,-10.427,-6.658,12.371,-12.169,0,0
20260924T045957,L3-h150-B-r0,team,alarm_m3,55,21.154,-37.979,-17.021,41.619,10.523,1,0
20260924T045957,L3-h150-B-r0,team,alarm_m5,55,21.154,-37.979,-17.021,41.619,10.523,1,0
20260924T045957,L3-h150-B-r0,team,alarm_m10,55,21.154,-37.979,-17.021,41.619,10.523,1,0
20260924T045957,L3-h150-B-r0,team,alarm_m20,57,21.923,-37.062,-16.623,40.619,9.754,1,0
20260924T045957,L3-h150-B-r0,team,alarm_xy5,14,5.385,-55.392,-27.592,61.884,26.292,1,1
20260924T045957,L3-h150-B-r0,team,best,9,3.462,-57.318,-29.176,64.316,28.215,1,1
20260924T045957,L3-h150-B-r1,mulcher,alarm_m3,111,42.692,-11.461,-7.549,13.724,-11.146,0,0
20260924T045957,L3-h150-B-r1,mulcher,alarm_m5,111,42.692,-11.461,-7.549,13.724,-11.146,0,0
20260924T045957,L3-h150-B-r1,mulcher,alarm_m10,111,42.692,-11.461,-7.549,13.724,-11.146,0,0
20260924T045957,L3-h150-B-r1,mulcher,alarm_m20,111,42.692,-11.461,-7.549,13.724,-11.146,0,0
20260924T045957,L3-h150-B-r1,mulcher,alarm_xy5,62,23.846,-34.525,-15.797,37.968,7.7,1,0
20260924T045957,L3-h150-B-r1,mulcher,best,61,23.462,-34.99,-15.983,38.467,8.085,1,0
20260924T045957,L3-h150-B-r1,lk3a,alarm_m3,,,,,,,0,0
20260924T045957,L3-h150-B-r1,lk3a,alarm_m5,,,,,,,0,0
20260924T045957,L3-h150-B-r1,lk3a,alarm_m10,,,,,,,0,0
20260924T045957,L3-h150-B-r1,lk3a,alarm_m20,,,,,,,0,0
20260924T045957,L3-h150-B-r1,lk3a,alarm_xy5,116,44.615,-9.382,-6.1,11.191,-13.069,0,0
20260924T045957,L3-h150-B-r1,lk3a,best,113,43.462,-10.617,-7.012,12.724,-11.915,0,0
20260924T045957,L3-h150-B-r1,lk3b,alarm_m3,55,21.154,-37.75,-17.124,41.452,10.393,1,0
20260924T045957,L3-h150-B-r1,lk3b,alarm_m5,55,21.154,-37.75,-17.124,41.452,10.393,1,0
20260924T045957,L3-h150-B-r1,lk3b,alarm_m10,55,21.154,-37.75,-17.124,41.452,10.393,1,0
20260924T045957,L3-h150-B-r1,lk3b,alarm_m20,58,22.308,-36.382,-16.54,39.965,9.239,1,0
20260924T045957,L3-h150-B-r1,lk3b,alarm_xy5,11,4.231,-56.301,-28.57,63.135,27.316,1,1
20260924T045957,L3-h150-B-r1,lk3b,best,8,3.077,-57.453,-29.531,64.598,28.47,1,1
20260924T045957,L3-h150-B-r1,lk3c,alarm_m3,,,,,,,0,0
20260924T045957,L3-h150-B-r1,lk3c,alarm_m5,,,,,,,0,0
20260924T045957,L3-h150-B-r1,lk3c,alarm_m10,,,,,,,0,0
20260924T045957,L3-h150-B-r1,lk3c,alarm_m20,,,,,,,0,0
20260924T045957,L3-h150-B-r1,lk3c,alarm_xy5,,,,,,,0,0
20260924T045957,L3-h150-B-r1,lk3c,best,112,43.077,-11.039,-7.28,13.224,-11.53,0,0
20260924T045957,L3-h150-B-r1,team,alarm_m3,55,21.154,-37.75,-17.124,41.452,10.393,1,0
20260924T045957,L3-h150-B-r1,team,alarm_m5,55,21.154,-37.75,-17.124,41.452,10.393,1,0
20260924T045957,L3-h150-B-r1,team,alarm_m10,55,21.154,-37.75,-17.124,41.452,10.393,1,0
20260924T045957,L3-h150-B-r1,team,alarm_m20,58,22.308,-36.382,-16.54,39.965,9.239,1,0
20260924T045957,L3-h150-B-r1,team,alarm_xy5,11,4.231,-56.301,-28.57,63.135,27.316,1,1
20260924T045957,L3-h150-B-r1,team,best,8,3.077,-57.453,-29.531,64.598,28.47,1,1
20260924T045957,L3-h150-C-r0,mulcher,alarm_m3,125,48.077,11.46,-7.624,13.764,-11.177,0,0
20260924T045957,L3-h150-C-r0,mulcher,alarm_m5,125,48.077,11.46,-7.624,13.764,-11.177,0,0
20260924T045957,L3-h150-C-r0,mulcher,alarm_m10,125,48.077,11.46,-7.624,13.764,-11.177,0,0
20260924T045957,L3-h150-C-r0,mulcher,alarm_m20,125,48.077,11.46,-7.624,13.764,-11.177,0,0
20260924T045957,L3-h150-C-r0,mulcher,alarm_xy5,77,29.615,31.821,-18.833,36.977,7.285,1,0
20260924T045957,L3-h150-C-r0,mulcher,best,73,28.077,33.748,-19.364,38.909,8.823,1,0
20260924T045957,L3-h150-C-r0,lk3a,alarm_m3,,,,,,,0,0
20260924T045957,L3-h150-C-r0,lk3a,alarm_m5,,,,,,,0,0
20260924T045957,L3-h150-C-r0,lk3a,alarm_m10,,,,,,,0,0
20260924T045957,L3-h150-C-r0,lk3a,alarm_m20,,,,,,,0,0
20260924T045957,L3-h150-C-r0,lk3a,alarm_xy5,127,48.846,10.782,-6.889,12.795,-11.946,0,0
20260924T045957,L3-h150-C-r0,lk3a,best,126,48.462,11.121,-7.257,13.279,-11.561,0,0
20260924T045957,L3-h150-C-r0,lk3b,alarm_m3,,,,,,,0,0
20260924T045957,L3-h150-C-r0,lk3b,alarm_m5,,,,,,,0,0
20260924T045957,L3-h150-C-r0,lk3b,alarm_m10,,,,,,,0,0
20260924T045957,L3-h150-C-r0,lk3b,alarm_m20,,,,,,,0,0
20260924T045957,L3-h150-C-r0,lk3b,alarm_xy5,,,,,,,0,0
20260924T045957,L3-h150-C-r0,lk3b,best,129,49.615,10.117,-6.149,11.839,-12.715,0,0
20260924T045957,L3-h150-C-r0,lk3c,alarm_m3,67,25.769,36.641,-20.16,41.821,11.131,1,0
20260924T045957,L3-h150-C-r0,lk3c,alarm_m5,67,25.769,36.641,-20.16,41.821,11.131,1,0
20260924T045957,L3-h150-C-r0,lk3c,alarm_m10,67,25.769,36.641,-20.16,41.821,11.131,1,0
20260924T045957,L3-h150-C-r0,lk3c,alarm_m20,68,26.154,36.159,-20.027,41.335,10.746,1,0
20260924T045957,L3-h150-C-r0,lk3c,alarm_xy5,22,8.462,57.912,-27.568,64.139,28.439,1,1
20260924T045957,L3-h150-C-r0,lk3c,best,21,8.077,58.364,-27.782,64.639,28.823,1,1
20260924T045957,L3-h150-C-r0,team,alarm_m3,67,25.769,36.641,-20.16,41.821,11.131,1,0
20260924T045957,L3-h150-C-r0,team,alarm_m5,67,25.769,36.641,-20.16,41.821,11.131,1,0
20260924T045957,L3-h150-C-r0,team,alarm_m10,67,25.769,36.641,-20.16,41.821,11.131,1,0
20260924T045957,L3-h150-C-r0,team,alarm_m20,68,26.154,36.159,-20.027,41.335,10.746,1,0
20260924T045957,L3-h150-C-r0,team,alarm_xy5,22,8.462,57.912,-27.568,64.139,28.439,1,1
20260924T045957,L3-h150-C-r0,team,best,21,8.077,58.364,-27.782,64.639,28.823,1,1
20260924T045957,L3-h150-C-r1,mulcher,alarm_m3,120,46.154,11.345,-7.897,13.823,-11.082,0,0
20260924T045957,L3-h150-C-r1,mulcher,alarm_m5,120,46.154,11.345,-7.897,13.823,-11.082,0,0
20260924T045957,L3-h150-C-r1,mulcher,alarm_m10,120,46.154,11.345,-7.897,13.823,-11.082,0,0
20260924T045957,L3-h150-C-r1,mulcher,alarm_m20,120,46.154,11.345,-7.897,13.823,-11.082,0,0
20260924T045957,L3-h150-C-r1,mulcher,alarm_xy5,70,26.923,32.831,-19.392,38.13,8.148,1,0
20260924T045957,L3-h150-C-r1,mulcher,best,66,25.385,34.76,-19.921,40.064,9.687,1,0
20260924T045957,L3-h150-C-r1,lk3a,alarm_m3,,,,,,,0,0
20260924T045957,L3-h150-C-r1,lk3a,alarm_m5,,,,,,,0,0
20260924T045957,L3-h150-C-r1,lk3a,alarm_m10,,,,,,,0,0
20260924T045957,L3-h150-C-r1,lk3a,alarm_m20,,,,,,,0,0
20260924T045957,L3-h150-C-r1,lk3a,alarm_xy5,123,47.308,10.331,-6.793,12.364,-12.236,0,0
20260924T045957,L3-h150-C-r1,lk3a,best,120,46.154,11.345,-7.897,13.823,-11.082,0,0
20260924T045957,L3-h150-C-r1,lk3b,alarm_m3,,,,,,,0,0
20260924T045957,L3-h150-C-r1,lk3b,alarm_m5,,,,,,,0,0
20260924T045957,L3-h150-C-r1,lk3b,alarm_m10,,,,,,,0,0
20260924T045957,L3-h150-C-r1,lk3b,alarm_m20,,,,,,,0,0
20260924T045957,L3-h150-C-r1,lk3b,alarm_xy5,,,,,,,0,0
20260924T045957,L3-h150-C-r1,lk3b,best,124,47.692,9.998,-6.42,11.882,-12.621,0,0
20260924T045957,L3-h150-C-r1,lk3c,alarm_m3,63,24.231,36.206,-20.32,41.518,10.841,1,0
20260924T045957,L3-h150-C-r1,lk3c,alarm_m5,63,24.231,36.206,-20.32,41.518,10.841,1,0
20260924T045957,L3-h150-C-r1,lk3c,alarm_m10,63,24.231,36.206,-20.32,41.518,10.841,1,0
20260924T045957,L3-h150-C-r1,lk3c,alarm_m20,66,25.385,34.76,-19.921,40.064,9.687,1,0
20260924T045957,L3-h150-C-r1,lk3c,alarm_xy5,22,8.462,55.635,-26.82,61.762,26.61,1,1
20260924T045957,L3-h150-C-r1,lk3c,best,21,8.077,56.093,-27.019,62.261,26.995,1,1
20260924T045957,L3-h150-C-r1,team,alarm_m3,63,24.231,36.206,-20.32,41.518,10.841,1,0
20260924T045957,L3-h150-C-r1,team,alarm_m5,63,24.231,36.206,-20.32,41.518,10.841,1,0
20260924T045957,L3-h150-C-r1,team,alarm_m10,63,24.231,36.206,-20.32,41.518,10.841,1,0
20260924T045957,L3-h150-C-r1,team,alarm_m20,66,25.385,34.76,-19.921,40.064,9.687,1,0
20260924T045957,L3-h150-C-r1,team,alarm_xy5,22,8.462,55.635,-26.82,61.762,26.61,1,1
20260924T045957,L3-h150-C-r1,team,best,21,8.077,56.093,-27.019,62.261,26.995,1,1
20260924T045957,L3-h180-A-r0,mulcher,alarm_m3,113,43.462,-0.596,13.724,13.737,-11.226,0,0
20260924T045957,L3-h180-A-r0,mulcher,alarm_m5,113,43.462,-0.596,13.724,13.737,-11.226,0,0
20260924T045957,L3-h180-A-r0,mulcher,alarm_m10,113,43.462,-0.596,13.724,13.737,-11.226,0,0
20260924T045957,L3-h180-A-r0,mulcher,alarm_m20,113,43.462,-0.596,13.724,13.737,-11.226,0,0
20260924T045957,L3-h180-A-r0,mulcher,alarm_xy5,62,23.846,-4.279,38.419,38.656,8.39,1,0
20260924T045957,L3-h180-A-r0,mulcher,best,61,23.462,-4.222,38.915,39.144,8.774,1,0
20260924T045957,L3-h180-A-r0,lk3a,alarm_m3,56,21.538,-3.894,41.387,41.57,10.698,1,0
20260924T045957,L3-h180-A-r0,lk3a,alarm_m5,56,21.538,-3.894,41.387,41.57,10.698,1,0
20260924T045957,L3-h180-A-r0,lk3a,alarm_m10,56,21.538,-3.894,41.387,41.57,10.698,1,0
20260924T045957,L3-h180-A-r0,lk3a,alarm_m20,59,22.692,-4.107,39.909,40.12,9.544,1,0
20260924T045957,L3-h180-A-r0,lk3a,alarm_xy5,16,6.154,0.466,60.867,60.869,26.082,1,1
20260924T045957,L3-h180-A-r0,lk3a,best,13,5.0,0.845,62.319,62.325,27.236,1,1
20260924T045957,L3-h180-A-r0,lk3b,alarm_m3,,,,,,,0,0
20260924T045957,L3-h180-A-r0,lk3b,alarm_m5,,,,,,,0,0
20260924T045957,L3-h180-A-r0,lk3b,alarm_m10,,,,,,,0,0
20260924T045957,L3-h180-A-r0,lk3b,alarm_m20,,,,,,,0,0
20260924T045957,L3-h180-A-r0,lk3b,alarm_xy5,115,44.231,-0.336,12.758,12.763,-11.995,0,0
20260924T045957,L3-h180-A-r0,lk3b,best,114,43.846,-0.466,13.241,13.249,-11.61,0,0
20260924T045957,L3-h180-A-r0,lk3c,alarm_m3,,,,,,,0,0
20260924T045957,L3-h180-A-r0,lk3c,alarm_m5,,,,,,,0,0
20260924T045957,L3-h180-A-r0,lk3c,alarm_m10,,,,,,,0,0
20260924T045957,L3-h180-A-r0,lk3c,alarm_m20,,,,,,,0,0
20260924T045957,L3-h180-A-r0,lk3c,alarm_xy5,,,,,,,0,0
20260924T045957,L3-h180-A-r0,lk3c,best,119,45.769,0.077,10.787,10.787,-13.533,0,0
20260924T045957,L3-h180-A-r0,team,alarm_m3,56,21.538,-3.894,41.387,41.57,10.698,1,0
20260924T045957,L3-h180-A-r0,team,alarm_m5,56,21.538,-3.894,41.387,41.57,10.698,1,0
20260924T045957,L3-h180-A-r0,team,alarm_m10,56,21.538,-3.894,41.387,41.57,10.698,1,0
20260924T045957,L3-h180-A-r0,team,alarm_m20,59,22.692,-4.107,39.909,40.12,9.544,1,0
20260924T045957,L3-h180-A-r0,team,alarm_xy5,16,6.154,0.466,60.867,60.869,26.082,1,1
20260924T045957,L3-h180-A-r0,team,best,13,5.0,0.845,62.319,62.325,27.236,1,1
20260924T045957,L3-h180-A-r1,mulcher,alarm_m3,112,43.077,-0.656,13.607,13.623,-11.3,0,0
20260924T045957,L3-h180-A-r1,mulcher,alarm_m5,112,43.077,-0.656,13.607,13.623,-11.3,0,0
20260924T045957,L3-h180-A-r1,mulcher,alarm_m10,112,43.077,-0.656,13.607,13.623,-11.3,0,0
20260924T045957,L3-h180-A-r1,mulcher,alarm_m20,113,43.462,-0.526,13.125,13.135,-11.685,0,0
20260924T045957,L3-h180-A-r1,mulcher,alarm_xy5,61,23.462,-4.378,38.332,38.581,8.315,1,0
20260924T045957,L3-h180-A-r1,mulcher,best,60,23.077,-4.321,38.829,39.069,8.7,1,0
20260924T045957,L3-h180-A-r1,lk3a,alarm_m3,54,20.769,-3.924,41.798,41.982,11.007,1,0
20260924T045957,L3-h180-A-r1,lk3a,alarm_m5,54,20.769,-3.924,41.798,41.982,11.007,1,0
20260924T045957,L3-h180-A-r1,lk3a,alarm_m10,55,21.154,-3.996,41.303,41.496,10.623,1,0
20260924T045957,L3-h180-A-r1,lk3a,alarm_m20,58,22.308,-4.206,39.822,40.044,9.469,1,0
20260924T045957,L3-h180-A-r1,lk3a,alarm_xy5,12,4.615,0.735,62.247,62.251,27.161,1,1
20260924T045957,L3-h180-A-r1,lk3a,best,11,4.231,0.861,62.732,62.738,27.546,1,1
20260924T045957,L3-h180-A-r1,lk3b,alarm_m3,,,,,,,0,0
20260924T045957,L3-h180-A-r1,lk3b,alarm_m5,,,,,,,0,0
20260924T045957,L3-h180-A-r1,lk3b,alarm_m10,,,,,,,0,0
20260924T045957,L3-h180-A-r1,lk3b,alarm_m20,,,,,,,0,0
20260924T045957,L3-h180-A-r1,lk3b,alarm_xy5,114,43.846,-0.396,12.642,12.648,-12.069,0,0
20260924T045957,L3-h180-A-r1,lk3b,best,113,43.462,-0.526,13.125,13.135,-11.685,0,0
20260924T045957,L3-h180-A-r1,lk3c,alarm_m3,,,,,,,0,0
20260924T045957,L3-h180-A-r1,lk3c,alarm_m5,,,,,,,0,0
20260924T045957,L3-h180-A-r1,lk3c,alarm_m10,,,,,,,0,0
20260924T045957,L3-h180-A-r1,lk3c,alarm_m20,,,,,,,0,0
20260924T045957,L3-h180-A-r1,lk3c,alarm_xy5,,,,,,,0,0
20260924T045957,L3-h180-A-r1,lk3c,best,,,,,,,0,0
20260924T045957,L3-h180-A-r1,team,alarm_m3,54,20.769,-3.924,41.798,41.982,11.007,1,0
20260924T045957,L3-h180-A-r1,team,alarm_m5,54,20.769,-3.924,41.798,41.982,11.007,1,0
20260924T045957,L3-h180-A-r1,team,alarm_m10,55,21.154,-3.996,41.303,41.496,10.623,1,0
20260924T045957,L3-h180-A-r1,team,alarm_m20,58,22.308,-4.206,39.822,40.044,9.469,1,0
20260924T045957,L3-h180-A-r1,team,alarm_xy5,12,4.615,0.735,62.247,62.251,27.161,1,1
20260924T045957,L3-h180-A-r1,team,best,11,4.231,0.861,62.732,62.738,27.546,1,1
20260924T045957,L3-h180-B-r0,mulcher,alarm_m3,,,,,,,0,0
20260924T045957,L3-h180-B-r0,mulcher,alarm_m5,,,,,,,0,0
20260924T045957,L3-h180-B-r0,mulcher,alarm_m10,,,,,,,0,0
20260924T045957,L3-h180-B-r0,mulcher,alarm_m20,,,,,,,0,0
20260924T045957,L3-h180-B-r0,mulcher,alarm_xy5,,,,,,,0,0
20260924T045957,L3-h180-B-r0,mulcher,best,,,,,,,0,0
20260924T045957,L3-h180-B-r0,lk3a,alarm_m3,,,,,,,0,0
20260924T045957,L3-h180-B-r0,lk3a,alarm_m5,,,,,,,0,0
20260924T045957,L3-h180-B-r0,lk3a,alarm_m10,,,,,,,0,0
20260924T045957,L3-h180-B-r0,lk3a,alarm_m20,,,,,,,0,0
20260924T045957,L3-h180-B-r0,lk3a,alarm_xy5,114,43.846,-10.52,-6.51,12.372,-12.181,0,0
20260924T045957,L3-h180-B-r0,lk3a,best,113,43.462,-10.942,-6.79,12.877,-11.796,0,0
20260924T045957,L3-h180-B-r0,lk3b,alarm_m3,55,21.154,-38.035,-16.855,41.602,10.512,1,0
20260924T045957,L3-h180-B-r0,lk3b,alarm_m5,55,21.154,-38.035,-16.855,41.602,10.512,1,0
20260924T045957,L3-h180-B-r0,lk3b,alarm_m10,55,21.154,-38.035,-16.855,41.602,10.512,1,0
20260924T045957,L3-h180-B-r0,lk3b,alarm_m20,56,21.538,-37.577,-16.656,41.102,10.127,1,0
20260924T045957,L3-h180-B-r0,lk3b,alarm_xy5,10,3.846,-57.035,-28.712,63.854,27.819,1,1
20260924T045957,L3-h180-B-r0,lk3b,best,9,3.462,-57.418,-29.032,64.341,28.204,1,1
20260924T045957,L3-h180-B-r0,lk3c,alarm_m3,,,,,,,0,0
20260924T045957,L3-h180-B-r0,lk3c,alarm_m5,,,,,,,0,0
20260924T045957,L3-h180-B-r0,lk3c,alarm_m10,,,,,,,0,0
20260924T045957,L3-h180-B-r0,lk3c,alarm_m20,,,,,,,0,0
20260924T045957,L3-h180-B-r0,lk3c,alarm_xy5,115,44.231,-10.122,-6.208,11.874,-12.565,0,0
20260924T045957,L3-h180-B-r0,lk3c,best,111,42.692,-11.785,-7.327,13.877,-11.027,0,0
20260924T045957,L3-h180-B-r0,team,alarm_m3,55,21.154,-38.035,-16.855,41.602,10.512,1,0
20260924T045957,L3-h180-B-r0,team,alarm_m5,55,21.154,-38.035,-16.855,41.602,10.512,1,0
20260924T045957,L3-h180-B-r0,team,alarm_m10,55,21.154,-38.035,-16.855,41.602,10.512,1,0
20260924T045957,L3-h180-B-r0,team,alarm_m20,56,21.538,-37.577,-16.656,41.102,10.127,1,0
20260924T045957,L3-h180-B-r0,team,alarm_xy5,10,3.846,-57.035,-28.712,63.854,27.819,1,1
20260924T045957,L3-h180-B-r0,team,best,9,3.462,-57.418,-29.032,64.341,28.204,1,1
20260924T045957,L3-h180-B-r1,mulcher,alarm_m3,,,,,,,0,0
20260924T045957,L3-h180-B-r1,mulcher,alarm_m5,,,,,,,0,0
20260924T045957,L3-h180-B-r1,mulcher,alarm_m10,,,,,,,0,0
20260924T045957,L3-h180-B-r1,mulcher,alarm_m20,,,,,,,0,0
20260924T045957,L3-h180-B-r1,mulcher,alarm_xy5,,,,,,,0,0
20260924T045957,L3-h180-B-r1,mulcher,best,,,,,,,0,0
20260924T045957,L3-h180-B-r1,lk3a,alarm_m3,,,,,,,0,0
20260924T045957,L3-h180-B-r1,lk3a,alarm_m5,,,,,,,0,0
20260924T045957,L3-h180-B-r1,lk3a,alarm_m10,,,,,,,0,0
20260924T045957,L3-h180-B-r1,lk3a,alarm_m20,,,,,,,0,0
20260924T045957,L3-h180-B-r1,lk3a,alarm_xy5,116,44.615,-10.4,-6.608,12.322,-12.209,0,0
20260924T045957,L3-h180-B-r1,lk3a,best,115,44.231,-10.83,-6.898,12.84,-11.824,0,0
20260924T045957,L3-h180-B-r1,lk3b,alarm_m3,57,21.923,-37.942,-16.979,41.567,10.484,1,0
20260924T045957,L3-h180-B-r1,lk3b,alarm_m5,57,21.923,-37.942,-16.979,41.567,10.484,1,0
20260924T045957,L3-h180-B-r1,lk3b,alarm_m10,57,21.923,-37.942,-16.979,41.567,10.484,1,0
20260924T045957,L3-h180-B-r1,lk3b,alarm_m20,57,21.923,-37.942,-16.979,41.567,10.484,1,0
20260924T045957,L3-h180-B-r1,lk3b,alarm_xy5,14,5.385,-56.142,-28.164,62.81,27.022,1,1
20260924T045957,L3-h180-B-r1,lk3b,best,11,4.231,-57.294,-29.125,64.272,28.176,1,1
20260924T045957,L3-h180-B-r1,lk3c,alarm_m3,,,,,,,0,0
20260924T045957,L3-h180-B-r1,lk3c,alarm_m5,,,,,,,0,0
20260924T045957,L3-h180-B-r1,lk3c,alarm_m10,,,,,,,0,0
20260924T045957,L3-h180-B-r1,lk3c,alarm_m20,,,,,,,0,0
20260924T045957,L3-h180-B-r1,lk3c,alarm_xy5,,,,,,,0,0
20260924T045957,L3-h180-B-r1,lk3c,best,114,43.846,-11.252,-7.167,13.34,-11.439,0,0
20260924T045957,L3-h180-B-r1,team,alarm_m3,57,21.923,-37.942,-16.979,41.567,10.484,1,0
20260924T045957,L3-h180-B-r1,team,alarm_m5,57,21.923,-37.942,-16.979,41.567,10.484,1,0
20260924T045957,L3-h180-B-r1,team,alarm_m10,57,21.923,-37.942,-16.979,41.567,10.484,1,0
20260924T045957,L3-h180-B-r1,team,alarm_m20,57,21.923,-37.942,-16.979,41.567,10.484,1,0
20260924T045957,L3-h180-B-r1,team,alarm_xy5,14,5.385,-56.142,-28.164,62.81,27.022,1,1
20260924T045957,L3-h180-B-r1,team,best,11,4.231,-57.294,-29.125,64.272,28.176,1,1
20260924T045957,L3-h180-C-r0,mulcher,alarm_m3,128,49.231,11.162,-8.224,13.864,-10.993,0,0
20260924T045957,L3-h180-C-r0,mulcher,alarm_m5,128,49.231,11.162,-8.224,13.864,-10.993,0,0
20260924T045957,L3-h180-C-r0,mulcher,alarm_m10,128,49.231,11.162,-8.224,13.864,-10.993,0,0
20260924T045957,L3-h180-C-r0,mulcher,alarm_m20,132,50.769,9.81,-6.744,11.904,-12.531,0,0
20260924T045957,L3-h180-C-r0,mulcher,alarm_xy5,79,30.385,32.367,-19.634,37.856,7.853,1,0
20260924T045957,L3-h180-C-r0,mulcher,best,76,29.231,33.813,-20.031,39.301,9.007,1,0
20260924T045957,L3-h180-C-r0,lk3a,alarm_m3,,,,,,,0,0
20260924T045957,L3-h180-C-r0,lk3a,alarm_m5,,,,,,,0,0
20260924T045957,L3-h180-C-r0,lk3a,alarm_m10,,,,,,,0,0
20260924T045957,L3-h180-C-r0,lk3a,alarm_m20,,,,,,,0,0
20260924T045957,L3-h180-C-r0,lk3a,alarm_xy5,135,51.923,8.811,-5.625,10.453,-13.685,0,0
20260924T045957,L3-h180-C-r0,lk3a,best,130,50.0,10.484,-7.489,12.884,-11.762,0,0
20260924T045957,L3-h180-C-r0,lk3b,alarm_m3,,,,,,,0,0
20260924T045957,L3-h180-C-r0,lk3b,alarm_m5,,,,,,,0,0
20260924T045957,L3-h180-C-r0,lk3b,alarm_m10,,,,,,,0,0
20260924T045957,L3-h180-C-r0,lk3b,alarm_m20,,,,,,,0,0
20260924T045957,L3-h180-C-r0,lk3b,alarm_xy5,,,,,,,0,0
20260924T045957,L3-h180-C-r0,lk3b,best,133,51.154,9.477,-6.371,11.419,-12.916,0,0
20260924T045957,L3-h180-C-r0,lk3c,alarm_m3,71,27.308,36.223,-20.694,41.718,10.93,1,0
20260924T045957,L3-h180-C-r0,lk3c,alarm_m5,71,27.308,36.223,-20.694,41.718,10.93,1,0
20260924T045957,L3-h180-C-r0,lk3c,alarm_m10,71,27.308,36.223,-20.694,41.718,10.93,1,0
20260924T045957,L3-h180-C-r0,lk3c,alarm_m20,74,28.462,34.777,-20.296,40.266,9.776,1,0
20260924T045957,L3-h180-C-r0,lk3c,alarm_xy5,32,12.308,54.682,-26.793,60.894,25.93,1,1
20260924T045957,L3-h180-C-r0,lk3c,best,29,11.154,56.058,-27.392,62.392,27.084,1,1
20260924T045957,L3-h180-C-r0,team,alarm_m3,71,27.308,36.223,-20.694,41.718,10.93,1,0
20260924T045957,L3-h180-C-r0,team,alarm_m5,71,27.308,36.223,-20.694,41.718,10.93,1,0
20260924T045957,L3-h180-C-r0,team,alarm_m10,71,27.308,36.223,-20.694,41.718,10.93,1,0
20260924T045957,L3-h180-C-r0,team,alarm_m20,74,28.462,34.777,-20.296,40.266,9.776,1,0
20260924T045957,L3-h180-C-r0,team,alarm_xy5,32,12.308,54.682,-26.793,60.894,25.93,1,1
20260924T045957,L3-h180-C-r0,team,best,29,11.154,56.058,-27.392,62.392,27.084,1,1
20260924T045957,L3-h180-C-r1,mulcher,alarm_m3,115,44.231,10.988,-8.156,13.684,-11.122,0,0
20260924T045957,L3-h180-C-r1,mulcher,alarm_m5,115,44.231,10.988,-8.156,13.684,-11.122,0,0
20260924T045957,L3-h180-C-r1,mulcher,alarm_m10,115,44.231,10.988,-8.156,13.684,-11.122,0,0
20260924T045957,L3-h180-C-r1,mulcher,alarm_m20,116,44.615,10.649,-7.788,13.193,-11.507,0,0
20260924T045957,L3-h180-C-r1,mulcher,alarm_xy5,65,25.0,32.666,-19.8,38.198,8.109,1,0
20260924T045957,L3-h180-C-r1,mulcher,best,64,24.615,33.148,-19.933,38.679,8.493,1,0
20260924T045957,L3-h180-C-r1,lk3a,alarm_m3,,,,,,,0,0
20260924T045957,L3-h180-C-r1,lk3a,alarm_m5,,,,,,,0,0
20260924T045957,L3-h180-C-r1,lk3a,alarm_m10,,,,,,,0,0
20260924T045957,L3-h180-C-r1,lk3a,alarm_m20,,,,,,,0,0
20260924T045957,L3-h180-C-r1,lk3a,alarm_xy5,120,46.154,9.304,-6.3,11.236,-13.045,0,0
20260924T045957,L3-h180-C-r1,lk3a,best,117,45.0,10.31,-7.421,12.703,-11.891,0,0
20260924T045957,L3-h180-C-r1,lk3b,alarm_m3,,,,,,,0,0
20260924T045957,L3-h180-C-r1,lk3b,alarm_m5,,,,,,,0,0
20260924T045957,L3-h180-C-r1,lk3b,alarm_m10,,,,,,,0,0
20260924T045957,L3-h180-C-r1,lk3b,alarm_m20,,,,,,,0,0
20260924T045957,L3-h180-C-r1,lk3b,alarm_xy5,120,46.154,9.304,-6.3,11.236,-13.045,0,0
20260924T045957,L3-h180-C-r1,lk3b,best,119,45.769,9.637,-6.673,11.722,-12.66,0,0
20260924T045957,L3-h180-C-r1,lk3c,alarm_m3,58,22.308,36.04,-20.728,41.576,10.801,1,0
20260924T045957,L3-h180-C-r1,lk3c,alarm_m5,58,22.308,36.04,-20.728,41.576,10.801,1,0
20260924T045957,L3-h180-C-r1,lk3c,alarm_m10,58,22.308,36.04,-20.728,41.576,10.801,1,0
20260924T045957,L3-h180-C-r1,lk3c,alarm_m20,60,23.077,35.076,-20.462,40.608,10.032,1,0
20260924T045957,L3-h180-C-r1,lk3c,alarm_xy5,17,6.538,55.413,-27.2,61.729,26.57,1,1
20260924T045957,L3-h180-C-r1,lk3c,best,16,6.154,55.871,-27.4,62.228,26.955,1,1
20260924T045957,L3-h180-C-r1,team,alarm_m3,58,22.308,36.04,-20.728,41.576,10.801,1,0
20260924T045957,L3-h180-C-r1,team,alarm_m5,58,22.308,36.04,-20.728,41.576,10.801,1,0
20260924T045957,L3-h180-C-r1,team,alarm_m10,58,22.308,36.04,-20.728,41.576,10.801,1,0
20260924T045957,L3-h180-C-r1,team,alarm_m20,60,23.077,35.076,-20.462,40.608,10.032,1,0
20260924T045957,L3-h180-C-r1,team,alarm_xy5,17,6.538,55.413,-27.2,61.729,26.57,1,1
20260924T045957,L3-h180-C-r1,team,best,16,6.154,55.871,-27.4,62.228,26.955,1,1
20260924T045957,L3-h210-A-r0,mulcher,alarm_m3,113,43.462,-0.974,13.83,13.864,-11.071,0,0
20260924T045957,L3-h210-A-r0,mulcher,alarm_m5,113,43.462,-0.974,13.83,13.864,-11.071,0,0
20260924T045957,L3-h210-A-r0,mulcher,alarm_m10,113,43.462,-0.974,13.83,13.864,-11.071,0,0
20260924T045957,L3-h210-A-r0,mulcher,alarm_m20,113,43.462,-0.974,13.83,13.864,-11.071,0,0
20260924T045957,L3-h210-A-r0,mulcher,alarm_xy5,87,33.462,-4.995,26.161,26.634,-1.071,0,0
20260924T045957,L3-h210-A-r0,mulcher,best,84,32.308,-5.066,27.663,28.123,0.082,1,0
20260924T045957,L3-h210-A-r0,lk3a,alarm_m3,56,21.538,-4.2,41.633,41.845,10.852,1,0
20260924T045957,L3-h210-A-r0,lk3a,alarm_m5,56,21.538,-4.2,41.633,41.845,10.852,1,0
20260924T045957,L3-h210-A-r0,lk3a,alarm_m10,56,21.538,-4.2,41.633,41.845,10.852,1,0
20260924T045957,L3-h210-A-r0,lk3a,alarm_m20,58,22.308,-4.343,40.644,40.875,10.082,1,0
20260924T045957,L3-h210-A-r0,lk3a,alarm_xy5,12,4.615,0.693,63.082,63.086,27.775,1,1
20260924T045957,L3-h210-A-r0,lk3a,best,11,4.231,0.817,63.566,63.571,28.159,1,1
20260924T045957,L3-h210-A-r0,lk3b,alarm_m3,,,,,,,0,0
20260924T045957,L3-h210-A-r0,lk3b,alarm_m5,,,,,,,0,0
20260924T045957,L3-h210-A-r0,lk3b,alarm_m10,,,,,,,0,0
20260924T045957,L3-h210-A-r0,lk3b,alarm_m20,,,,,,,0,0
20260924T045957,L3-h210-A-r0,lk3b,alarm_xy5,116,44.615,-0.592,12.386,12.4,-12.225,0,0
20260924T045957,L3-h210-A-r0,lk3b,best,115,44.231,-0.714,12.864,12.884,-11.841,0,0
20260924T045957,L3-h210-A-r0,lk3c,alarm_m3,,,,,,,0,0
20260924T045957,L3-h210-A-r0,lk3c,alarm_m5,,,,,,,0,0
20260924T045957,L3-h210-A-r0,lk3c,alarm_m10,,,,,,,0,0
20260924T045957,L3-h210-A-r0,lk3c,alarm_m20,,,,,,,0,0
20260924T045957,L3-h210-A-r0,lk3c,alarm_xy5,,,,,,,0,0
20260924T045957,L3-h210-A-r0,lk3c,best,,,,,,,0,0
20260924T045957,L3-h210-A-r0,team,alarm_m3,56,21.538,-4.2,41.633,41.845,10.852,1,0
20260924T045957,L3-h210-A-r0,team,alarm_m5,56,21.538,-4.2,41.633,41.845,10.852,1,0
20260924T045957,L3-h210-A-r0,team,alarm_m10,56,21.538,-4.2,41.633,41.845,10.852,1,0
20260924T045957,L3-h210-A-r0,team,alarm_m20,58,22.308,-4.343,40.644,40.875,10.082,1,0
20260924T045957,L3-h210-A-r0,team,alarm_xy5,12,4.615,0.693,63.082,63.086,27.775,1,1
20260924T045957,L3-h210-A-r0,team,best,11,4.231,0.817,63.566,63.571,28.159,1,1
20260924T045957,L3-h210-A-r1,mulcher,alarm_m3,126,48.462,-0.718,13.833,13.852,-11.12,0,0
20260924T045957,L3-h210-A-r1,mulcher,alarm_m5,126,48.462,-0.718,13.833,13.852,-11.12,0,0
20260924T045957,L3-h210-A-r1,mulcher,alarm_m10,126,48.462,-0.718,13.833,13.852,-11.12,0,0
20260924T045957,L3-h210-A-r1,mulcher,alarm_m20,126,48.462,-0.718,13.833,13.852,-11.12,0,0
20260924T045957,L3-h210-A-r1,mulcher,alarm_xy5,99,38.077,-4.77,26.61,27.034,-0.736,0,0
20260924T045957,L3-h210-A-r1,mulcher,best,98,37.692,-4.795,27.109,27.53,-0.351,0,0
20260924T045957,L3-h210-A-r1,lk3a,alarm_m3,69,26.538,-3.964,41.535,41.724,10.803,1,0
20260924T045957,L3-h210-A-r1,lk3a,alarm_m5,69,26.538,-3.964,41.535,41.724,10.803,1,0
20260924T045957,L3-h210-A-r1,lk3a,alarm_m10,69,26.538,-3.964,41.535,41.724,10.803,1,0
20260924T045957,L3-h210-A-r1,lk3a,alarm_m20,69,26.538,-3.964,41.535,41.724,10.803,1,0
20260924T045957,L3-h210-A-r1,lk3a,alarm_xy5,28,10.769,0.54,61.506,61.509,26.572,1,1
20260924T045957,L3-h210-A-r1,lk3a,best,25,9.615,0.917,62.959,62.966,27.726,1,1
20260924T045957,L3-h210-A-r1,lk3b,alarm_m3,,,,,,,0,0
20260924T045957,L3-h210-A-r1,lk3b,alarm_m5,,,,,,,0,0
20260924T045957,L3-h210-A-r1,lk3b,alarm_m10,,,,,,,0,0
20260924T045957,L3-h210-A-r1,lk3b,alarm_m20,,,,,,,0,0
20260924T045957,L3-h210-A-r1,lk3b,alarm_xy5,133,51.154,0.061,10.413,10.414,-13.812,0,0
20260924T045957,L3-h210-A-r1,lk3b,best,129,49.615,-0.337,12.373,12.378,-12.274,0,0
20260924T045957,L3-h210-A-r1,lk3c,alarm_m3,,,,,,,0,0
20260924T045957,L3-h210-A-r1,lk3c,alarm_m5,,,,,,,0,0
20260924T045957,L3-h210-A-r1,lk3c,alarm_m10,,,,,,,0,0
20260924T045957,L3-h210-A-r1,lk3c,alarm_m20,,,,,,,0,0
20260924T045957,L3-h210-A-r1,lk3c,alarm_xy5,,,,,,,0,0
20260924T045957,L3-h210-A-r1,lk3c,best,132,50.769,-0.038,10.903,10.903,-13.428,0,0
20260924T045957,L3-h210-A-r1,team,alarm_m3,69,26.538,-3.964,41.535,41.724,10.803,1,0
20260924T045957,L3-h210-A-r1,team,alarm_m5,69,26.538,-3.964,41.535,41.724,10.803,1,0
20260924T045957,L3-h210-A-r1,team,alarm_m10,69,26.538,-3.964,41.535,41.724,10.803,1,0
20260924T045957,L3-h210-A-r1,team,alarm_m20,69,26.538,-3.964,41.535,41.724,10.803,1,0
20260924T045957,L3-h210-A-r1,team,alarm_xy5,28,10.769,0.54,61.506,61.509,26.572,1,1
20260924T045957,L3-h210-A-r1,team,best,25,9.615,0.917,62.959,62.966,27.726,1,1
20260924T045957,L3-h210-B-r0,mulcher,alarm_m3,,,,,,,0,0
20260924T045957,L3-h210-B-r0,mulcher,alarm_m5,,,,,,,0,0
20260924T045957,L3-h210-B-r0,mulcher,alarm_m10,,,,,,,0,0
20260924T045957,L3-h210-B-r0,mulcher,alarm_m20,,,,,,,0,0
20260924T045957,L3-h210-B-r0,mulcher,alarm_xy5,,,,,,,0,0
20260924T045957,L3-h210-B-r0,mulcher,best,,,,,,,0,0
20260924T045957,L3-h210-B-r0,lk3a,alarm_m3,,,,,,,0,0
20260924T045957,L3-h210-B-r0,lk3a,alarm_m5,,,,,,,0,0
20260924T045957,L3-h210-B-r0,lk3a,alarm_m10,,,,,,,0,0
20260924T045957,L3-h210-B-r0,lk3a,alarm_m20,,,,,,,0,0
20260924T045957,L3-h210-B-r0,lk3a,alarm_xy5,113,43.462,-11.111,-6.224,12.735,-11.921,0,0
20260924T045957,L3-h210-B-r0,lk3a,best,110,42.308,-12.376,-7.029,14.233,-10.767,0,0
20260924T045957,L3-h210-B-r0,lk3b,alarm_m3,54,20.769,-38.572,-16.468,41.94,10.772,1,0
20260924T045957,L3-h210-B-r0,lk3b,alarm_m5,54,20.769,-38.572,-16.468,41.94,10.772,1,0
20260924T045957,L3-h210-B-r0,lk3b,alarm_m10,54,20.769,-38.572,-16.468,41.94,10.772,1,0
20260924T045957,L3-h210-B-r0,lk3b,alarm_m20,55,21.154,-38.113,-16.269,41.44,10.387,1,0
20260924T045957,L3-h210-B-r0,lk3b,alarm_xy5,11,4.231,-56.891,-27.851,63.342,27.31,1,1
20260924T045957,L3-h210-B-r0,lk3b,best,10,3.846,-57.275,-28.172,63.828,27.695,1,1
20260924T045957,L3-h210-B-r0,lk3c,alarm_m3,,,,,,,0,0
20260924T045957,L3-h210-B-r0,lk3c,alarm_m5,,,,,,,0,0
20260924T045957,L3-h210-B-r0,lk3c,alarm_m10,,,,,,,0,0
20260924T045957,L3-h210-B-r0,lk3c,alarm_m20,,,,,,,0,0
20260924T045957,L3-h210-B-r0,lk3c,alarm_xy5,114,43.846,-10.735,-5.959,12.278,-12.305,0,0
20260924T045957,L3-h210-B-r0,lk3c,best,113,43.462,-11.111,-6.224,12.735,-11.921,0,0
20260924T045957,L3-h210-B-r0,team,alarm_m3,54,20.769,-38.572,-16.468,41.94,10.772,1,0
20260924T045957,L3-h210-B-r0,team,alarm_m5,54,20.769,-38.572,-16.468,41.94,10.772,1,0
20260924T045957,L3-h210-B-r0,team,alarm_m10,54,20.769,-38.572,-16.468,41.94,10.772,1,0
20260924T045957,L3-h210-B-r0,team,alarm_m20,55,21.154,-38.113,-16.269,41.44,10.387,1,0
20260924T045957,L3-h210-B-r0,team,alarm_xy5,11,4.231,-56.891,-27.851,63.342,27.31,1,1
20260924T045957,L3-h210-B-r0,team,best,10,3.846,-57.275,-28.172,63.828,27.695,1,1
20260924T045957,L3-h210-B-r1,mulcher,alarm_m3,,,,,,,0,0
20260924T045957,L3-h210-B-r1,mulcher,alarm_m5,,,,,,,0,0
20260924T045957,L3-h210-B-r1,mulcher,alarm_m10,,,,,,,0,0
20260924T045957,L3-h210-B-r1,mulcher,alarm_m20,,,,,,,0,0
20260924T045957,L3-h210-B-r1,mulcher,alarm_xy5,,,,,,,0,0
20260924T045957,L3-h210-B-r1,mulcher,best,,,,,,,0,0
20260924T045957,L3-h210-B-r1,lk3a,alarm_m3,,,,,,,0,0
20260924T045957,L3-h210-B-r1,lk3a,alarm_m5,,,,,,,0,0
20260924T045957,L3-h210-B-r1,lk3a,alarm_m10,,,,,,,0,0
20260924T045957,L3-h210-B-r1,lk3a,alarm_m20,,,,,,,0,0
20260924T045957,L3-h210-B-r1,lk3a,alarm_xy5,116,44.615,-10.396,-6.619,12.325,-12.206,0,0
20260924T045957,L3-h210-B-r1,lk3a,best,113,43.462,-11.67,-7.447,13.844,-11.052,0,0
20260924T045957,L3-h210-B-r1,lk3b,alarm_m3,57,21.923,-37.941,-16.991,41.571,10.486,1,0
20260924T045957,L3-h210-B-r1,lk3b,alarm_m5,57,21.923,-37.941,-16.991,41.571,10.486,1,0
20260924T045957,L3-h210-B-r1,lk3b,alarm_m10,57,21.923,-37.941,-16.991,41.571,10.486,1,0
20260924T045957,L3-h210-B-r1,lk3b,alarm_m20,58,22.308,-37.482,-16.792,41.071,10.102,1,0
20260924T045957,L3-h210-B-r1,lk3b,alarm_xy5,14,5.385,-56.137,-28.175,62.811,27.025,1,1
20260924T045957,L3-h210-B-r1,lk3b,best,11,4.231,-57.289,-29.136,64.273,28.179,1,1
20260924T045957,L3-h210-B-r1,lk3c,alarm_m3,,,,,,,0,0
20260924T045957,L3-h210-B-r1,lk3c,alarm_m5,,,,,,,0,0
20260924T045957,L3-h210-B-r1,lk3c,alarm_m10,,,,,,,0,0
20260924T045957,L3-h210-B-r1,lk3c,alarm_m20,,,,,,,0,0
20260924T045957,L3-h210-B-r1,lk3c,alarm_xy5,,,,,,,0,0
20260924T045957,L3-h210-B-r1,lk3c,best,114,43.846,-11.249,-7.178,13.344,-11.437,0,0
20260924T045957,L3-h210-B-r1,team,alarm_m3,57,21.923,-37.941,-16.991,41.571,10.486,1,0
20260924T045957,L3-h210-B-r1,team,alarm_m5,57,21.923,-37.941,-16.991,41.571,10.486,1,0
20260924T045957,L3-h210-B-r1,team,alarm_m10,57,21.923,-37.941,-16.991,41.571,10.486,1,0
20260924T045957,L3-h210-B-r1,team,alarm_m20,58,22.308,-37.482,-16.792,41.071,10.102,1,0
20260924T045957,L3-h210-B-r1,team,alarm_xy5,14,5.385,-56.137,-28.175,62.811,27.025,1,1
20260924T045957,L3-h210-B-r1,team,best,11,4.231,-57.289,-29.136,64.273,28.179,1,1
20260924T045957,L3-h210-C-r0,mulcher,alarm_m3,125,48.077,11.184,-7.548,13.492,-11.364,0,0
20260924T045957,L3-h210-C-r0,mulcher,alarm_m5,125,48.077,11.184,-7.548,13.492,-11.364,0,0
20260924T045957,L3-h210-C-r0,mulcher,alarm_m10,125,48.077,11.184,-7.548,13.492,-11.364,0,0
20260924T045957,L3-h210-C-r0,mulcher,alarm_m20,125,48.077,11.184,-7.548,13.492,-11.364,0,0
20260924T045957,L3-h210-C-r0,mulcher,alarm_xy5,73,28.077,33.474,-19.446,38.712,8.636,1,0
20260924T045957,L3-h210-C-r0,mulcher,best,72,27.692,33.956,-19.578,39.196,9.021,1,0
20260924T045957,L3-h210-C-r0,lk3a,alarm_m3,,,,,,,0,0
20260924T045957,L3-h210-C-r0,lk3a,alarm_m5,,,,,,,0,0
20260924T045957,L3-h210-C-r0,lk3a,alarm_m10,,,,,,,0,0
20260924T045957,L3-h210-C-r0,lk3a,alarm_m20,,,,,,,0,0
20260924T045957,L3-h210-C-r0,lk3a,alarm_xy5,128,49.231,10.175,-6.441,12.043,-12.518,0,0
20260924T045957,L3-h210-C-r0,lk3a,best,125,48.077,11.184,-7.548,13.492,-11.364,0,0
20260924T045957,L3-h210-C-r0,lk3b,alarm_m3,,,,,,,0,0
20260924T045957,L3-h210-C-r0,lk3b,alarm_m5,,,,,,,0,0
20260924T045957,L3-h210-C-r0,lk3b,alarm_m10,,,,,,,0,0
20260924T045957,L3-h210-C-r0,lk3b,alarm_m20,,,,,,,0,0
20260924T045957,L3-h210-C-r0,lk3b,alarm_xy5,,,,,,,0,0
20260924T045957,L3-h210-C-r0,lk3b,best,128,49.231,10.175,-6.441,12.043,-12.518,0,0
20260924T045957,L3-h210-C-r0,lk3c,alarm_m3,67,25.769,36.366,-20.241,41.62,10.944,1,0
20260924T045957,L3-h210-C-r0,lk3c,alarm_m5,67,25.769,36.366,-20.241,41.62,10.944,1,0
20260924T045957,L3-h210-C-r0,lk3c,alarm_m10,67,25.769,36.366,-20.241,41.62,10.944,1,0
20260924T045957,L3-h210-C-r0,lk3c,alarm_m20,69,26.538,35.402,-19.976,40.649,10.175,1,0
20260924T045957,L3-h210-C-r0,lk3c,alarm_xy5,25,9.615,56.263,-26.964,62.391,27.098,1,1
20260924T045957,L3-h210-C-r0,lk3c,best,24,9.231,56.724,-27.173,62.896,27.482,1,1
20260924T045957,L3-h210-C-r0,team,alarm_m3,67,25.769,36.366,-20.241,41.62,10.944,1,0
20260924T045957,L3-h210-C-r0,team,alarm_m5,67,25.769,36.366,-20.241,41.62,10.944,1,0
20260924T045957,L3-h210-C-r0,team,alarm_m10,67,25.769,36.366,-20.241,41.62,10.944,1,0
20260924T045957,L3-h210-C-r0,team,alarm_m20,69,26.538,35.402,-19.976,40.649,10.175,1,0
20260924T045957,L3-h210-C-r0,team,alarm_xy5,25,9.615,56.263,-26.964,62.391,27.098,1,1
20260924T045957,L3-h210-C-r0,team,best,24,9.231,56.724,-27.173,62.896,27.482,1,1
20260924T045957,L3-h210-C-r1,mulcher,alarm_m3,115,44.231,11.532,-7.549,13.783,-11.182,0,0
20260924T045957,L3-h210-C-r1,mulcher,alarm_m5,115,44.231,11.532,-7.549,13.783,-11.182,0,0
20260924T045957,L3-h210-C-r1,mulcher,alarm_m10,115,44.231,11.532,-7.549,13.783,-11.182,0,0
20260924T045957,L3-h210-C-r1,mulcher,alarm_m20,115,44.231,11.532,-7.549,13.783,-11.182,0,0
20260924T045957,L3-h210-C-r1,mulcher,alarm_xy5,65,25.0,32.805,-18.997,37.908,8.049,1,0
20260924T045957,L3-h210-C-r1,mulcher,best,64,24.615,33.287,-19.129,38.392,8.433,1,0
20260924T045957,L3-h210-C-r1,lk3a,alarm_m3,,,,,,,0,0
20260924T045957,L3-h210-C-r1,lk3a,alarm_m5,,,,,,,0,0
20260924T045957,L3-h210-C-r1,lk3a,alarm_m10,,,,,,,0,0
20260924T045957,L3-h210-C-r1,lk3a,alarm_m20,,,,,,,0,0
20260924T045957,L3-h210-C-r1,lk3a,alarm_xy5,119,45.769,10.191,-6.074,11.864,-12.721,0,0
20260924T045957,L3-h210-C-r1,lk3a,best,116,44.615,11.193,-7.181,13.298,-11.567,0,0
20260924T045957,L3-h210-C-r1,lk3b,alarm_m3,,,,,,,0,0
20260924T045957,L3-h210-C-r1,lk3b,alarm_m5,,,,,,,0,0
20260924T045957,L3-h210-C-r1,lk3b,alarm_m10,,,,,,,0,0
20260924T045957,L3-h210-C-r1,lk3b,alarm_m20,,,,,,,0,0
20260924T045957,L3-h210-C-r1,lk3b,alarm_xy5,,,,,,,0,0
20260924T045957,L3-h210-C-r1,lk3b,best,122,46.923,9.192,-4.955,10.442,-13.874,0,0
20260924T045957,L3-h210-C-r1,lk3c,alarm_m3,57,21.923,36.662,-20.057,41.79,11.126,1,0
20260924T045957,L3-h210-C-r1,lk3c,alarm_m5,57,21.923,36.662,-20.057,41.79,11.126,1,0
20260924T045957,L3-h210-C-r1,lk3c,alarm_m10,57,21.923,36.662,-20.057,41.79,11.126,1,0
20260924T045957,L3-h210-C-r1,lk3c,alarm_m20,58,22.308,36.18,-19.925,41.304,10.741,1,0
20260924T045957,L3-h210-C-r1,lk3c,alarm_xy5,13,5.0,57.498,-27.257,63.632,28.049,1,1
20260924T045957,L3-h210-C-r1,lk3c,best,12,4.615,57.95,-27.471,64.132,28.433,1,1
20260924T045957,L3-h210-C-r1,team,alarm_m3,57,21.923,36.662,-20.057,41.79,11.126,1,0
20260924T045957,L3-h210-C-r1,team,alarm_m5,57,21.923,36.662,-20.057,41.79,11.126,1,0
20260924T045957,L3-h210-C-r1,team,alarm_m10,57,21.923,36.662,-20.057,41.79,11.126,1,0
20260924T045957,L3-h210-C-r1,team,alarm_m20,58,22.308,36.18,-19.925,41.304,10.741,1,0
20260924T045957,L3-h210-C-r1,team,alarm_xy5,13,5.0,57.498,-27.257,63.632,28.049,1,1
20260924T045957,L3-h210-C-r1,team,best,12,4.615,57.95,-27.471,64.132,28.433,1,1
20260924T045957,L3-h240-A-r0,mulcher,alarm_m3,111,42.692,-0.738,13.68,13.7,-11.23,0,0
20260924T045957,L3-h240-A-r0,mulcher,alarm_m5,111,42.692,-0.738,13.68,13.7,-11.23,0,0
20260924T045957,L3-h240-A-r0,mulcher,alarm_m10,111,42.692,-0.738,13.68,13.7,-11.23,0,0
20260924T045957,L3-h240-A-r0,mulcher,alarm_m20,,,,,,,0,0
20260924T045957,L3-h240-A-r0,mulcher,alarm_xy5,85,32.692,-4.796,25.965,26.404,-1.23,0,0
20260924T045957,L3-h240-A-r0,mulcher,best,64,24.615,-4.625,36.443,36.735,6.847,1,0
20260924T045957,L3-h240-A-r0,lk3a,alarm_m3,54,20.769,-4.043,41.403,41.599,10.693,1,0
20260924T045957,L3-h240-A-r0,lk3a,alarm_m5,54,20.769,-4.043,41.403,41.599,10.693,1,0
20260924T045957,L3-h240-A-r0,lk3a,alarm_m10,54,20.769,-4.043,41.403,41.599,10.693,1,0
20260924T045957,L3-h240-A-r0,lk3a,alarm_m20,57,21.923,-4.256,39.92,40.146,9.539,1,0
20260924T045957,L3-h240-A-r0,lk3a,alarm_xy5,12,4.615,0.573,61.867,61.87,26.847,1,1
20260924T045957,L3-h240-A-r0,lk3a,best,11,4.231,0.7,62.351,62.355,27.232,1,1
20260924T045957,L3-h240-A-r0,lk3b,alarm_m3,,,,,,,0,0
20260924T045957,L3-h240-A-r0,lk3b,alarm_m5,,,,,,,0,0
20260924T045957,L3-h240-A-r0,lk3b,alarm_m10,,,,,,,0,0
20260924T045957,L3-h240-A-r0,lk3b,alarm_m20,,,,,,,0,0
20260924T045957,L3-h240-A-r0,lk3b,alarm_xy5,114,43.846,-0.366,12.222,12.227,-12.384,0,0
20260924T045957,L3-h240-A-r0,lk3b,best,113,43.462,-0.479,12.714,12.723,-11.999,0,0
20260924T045957,L3-h240-A-r0,lk3c,alarm_m3,,,,,,,0,0
20260924T045957,L3-h240-A-r0,lk3c,alarm_m5,,,,,,,0,0
20260924T045957,L3-h240-A-r0,lk3c,alarm_m10,,,,,,,0,0
20260924T045957,L3-h240-A-r0,lk3c,alarm_m20,,,,,,,0,0
20260924T045957,L3-h240-A-r0,lk3c,alarm_xy5,,,,,,,0,0
20260924T045957,L3-h240-A-r0,lk3c,best,,,,,,,0,0
20260924T045957,L3-h240-A-r0,team,alarm_m3,54,20.769,-4.043,41.403,41.599,10.693,1,0
20260924T045957,L3-h240-A-r0,team,alarm_m5,54,20.769,-4.043,41.403,41.599,10.693,1,0
20260924T045957,L3-h240-A-r0,team,alarm_m10,54,20.769,-4.043,41.403,41.599,10.693,1,0
20260924T045957,L3-h240-A-r0,team,alarm_m20,57,21.923,-4.256,39.92,40.146,9.539,1,0
20260924T045957,L3-h240-A-r0,team,alarm_xy5,12,4.615,0.573,61.867,61.87,26.847,1,1
20260924T045957,L3-h240-A-r0,team,best,11,4.231,0.7,62.351,62.355,27.232,1,1
20260924T045957,L3-h240-A-r1,mulcher,alarm_m3,114,43.846,-0.728,13.713,13.732,-11.208,0,0
20260924T045957,L3-h240-A-r1,mulcher,alarm_m5,114,43.846,-0.728,13.713,13.732,-11.208,0,0
20260924T045957,L3-h240-A-r1,mulcher,alarm_m10,114,43.846,-0.728,13.713,13.732,-11.208,0,0
20260924T045957,L3-h240-A-r1,mulcher,alarm_m20,,,,,,,0,0
20260924T045957,L3-h240-A-r1,mulcher,alarm_xy5,90,34.615,-4.732,25.029,25.472,-1.977,0,0
20260924T045957,L3-h240-A-r1,mulcher,best,62,23.846,-4.349,38.953,39.196,8.792,1,0
20260924T045957,L3-h240-A-r1,lk3a,alarm_m3,57,21.923,-4.02,41.429,41.623,10.715,1,0
20260924T045957,L3-h240-A-r1,lk3a,alarm_m5,57,21.923,-4.02,41.429,41.623,10.715,1,0
20260924T045957,L3-h240-A-r1,lk3a,alarm_m10,57,21.923,-4.02,41.429,41.623,10.715,1,0
20260924T045957,L3-h240-A-r1,lk3a,alarm_m20,59,22.692,-4.164,40.439,40.653,9.946,1,0
20260924T045957,L3-h240-A-r1,lk3a,alarm_xy5,15,5.769,0.598,61.891,61.893,26.869,1,1
20260924T045957,L3-h240-A-r1,lk3a,best,14,5.385,0.725,62.374,62.379,27.254,1,1
20260924T045957,L3-h240-A-r1,lk3b,alarm_m3,,,,,,,0,0
20260924T045957,L3-h240-A-r1,lk3b,alarm_m5,,,,,,,0,0
20260924T045957,L3-h240-A-r1,lk3b,alarm_m10,,,,,,,0,0
20260924T045957,L3-h240-A-r1,lk3b,alarm_m20,,,,,,,0,0
20260924T045957,L3-h240-A-r1,lk3b,alarm_xy5,117,45.0,-0.354,12.254,12.259,-12.361,0,0
20260924T045957,L3-h240-A-r1,lk3b,best,116,44.615,-0.469,12.747,12.756,-11.977,0,0
20260924T045957,L3-h240-A-r1,lk3c,alarm_m3,,,,,,,0,0
20260924T045957,L3-h240-A-r1,lk3c,alarm_m5,,,,,,,0,0
20260924T045957,L3-h240-A-r1,lk3c,alarm_m10,,,,,,,0,0
20260924T045957,L3-h240-A-r1,lk3c,alarm_m20,,,,,,,0,0
20260924T045957,L3-h240-A-r1,lk3c,alarm_xy5,,,,,,,0,0
20260924T045957,L3-h240-A-r1,lk3c,best,,,,,,,0,0
20260924T045957,L3-h240-A-r1,team,alarm_m3,57,21.923,-4.02,41.429,41.623,10.715,1,0
20260924T045957,L3-h240-A-r1,team,alarm_m5,57,21.923,-4.02,41.429,41.623,10.715,1,0
20260924T045957,L3-h240-A-r1,team,alarm_m10,57,21.923,-4.02,41.429,41.623,10.715,1,0
20260924T045957,L3-h240-A-r1,team,alarm_m20,59,22.692,-4.164,40.439,40.653,9.946,1,0
20260924T045957,L3-h240-A-r1,team,alarm_xy5,15,5.769,0.598,61.891,61.893,26.869,1,1
20260924T045957,L3-h240-A-r1,team,best,14,5.385,0.725,62.374,62.379,27.254,1,1
20260924T045957,L3-h240-B-r0,mulcher,alarm_m3,,,,,,,0,0
20260924T045957,L3-h240-B-r0,mulcher,alarm_m5,,,,,,,0,0
20260924T045957,L3-h240-B-r0,mulcher,alarm_m10,,,,,,,0,0
20260924T045957,L3-h240-B-r0,mulcher,alarm_m20,,,,,,,0,0
20260924T045957,L3-h240-B-r0,mulcher,alarm_xy5,,,,,,,0,0
20260924T045957,L3-h240-B-r0,mulcher,best,,,,,,,0,0
20260924T045957,L3-h240-B-r0,lk3a,alarm_m3,,,,,,,0,0
20260924T045957,L3-h240-B-r0,lk3a,alarm_m5,,,,,,,0,0
20260924T045957,L3-h240-B-r0,lk3a,alarm_m10,,,,,,,0,0
20260924T045957,L3-h240-B-r0,lk3a,alarm_m20,,,,,,,0,0
20260924T045957,L3-h240-B-r0,lk3a,alarm_xy5,120,46.154,-10.183,-6.213,11.929,-12.525,0,0
20260924T045957,L3-h240-B-r0,lk3a,best,117,45.0,-11.425,-7.059,13.43,-11.372,0,0
20260924T045957,L3-h240-B-r0,lk3b,alarm_m3,60,23.077,-38.096,-16.846,41.654,10.552,1,0
20260924T045957,L3-h240-B-r0,lk3b,alarm_m5,60,23.077,-38.096,-16.846,41.654,10.552,1,0
20260924T045957,L3-h240-B-r0,lk3b,alarm_m10,60,23.077,-38.096,-16.846,41.654,10.552,1,0
20260924T045957,L3-h240-B-r0,lk3b,alarm_m20,62,23.846,-37.178,-16.448,40.654,9.782,1,0
20260924T045957,L3-h240-B-r0,lk3b,alarm_xy5,18,6.923,-55.942,-27.764,62.452,26.705,1,1
20260924T045957,L3-h240-B-r0,lk3b,best,15,5.769,-57.095,-28.72,63.912,27.859,1,1
20260924T045957,L3-h240-B-r0,lk3c,alarm_m3,,,,,,,0,0
20260924T045957,L3-h240-B-r0,lk3c,alarm_m5,,,,,,,0,0
20260924T045957,L3-h240-B-r0,lk3c,alarm_m10,,,,,,,0,0
20260924T045957,L3-h240-B-r0,lk3c,alarm_m20,,,,,,,0,0
20260924T045957,L3-h240-B-r0,lk3c,alarm_xy5,120,46.154,-10.183,-6.213,11.929,-12.525,0,0
20260924T045957,L3-h240-B-r0,lk3c,best,116,44.615,-11.847,-7.328,13.93,-10.987,0,0
20260924T045957,L3-h240-B-r0,team,alarm_m3,60,23.077,-38.096,-16.846,41.654,10.552,1,0
20260924T045957,L3-h240-B-r0,team,alarm_m5,60,23.077,-38.096,-16.846,41.654,10.552,1,0
20260924T045957,L3-h240-B-r0,team,alarm_m10,60,23.077,-38.096,-16.846,41.654,10.552,1,0
20260924T045957,L3-h240-B-r0,team,alarm_m20,62,23.846,-37.178,-16.448,40.654,9.782,1,0
20260924T045957,L3-h240-B-r0,team,alarm_xy5,18,6.923,-55.942,-27.764,62.452,26.705,1,1
20260924T045957,L3-h240-B-r0,team,best,15,5.769,-57.095,-28.72,63.912,27.859,1,1
20260924T045957,L3-h240-B-r1,mulcher,alarm_m3,,,,,,,0,0
20260924T045957,L3-h240-B-r1,mulcher,alarm_m5,,,,,,,0,0
20260924T045957,L3-h240-B-r1,mulcher,alarm_m10,,,,,,,0,0
20260924T045957,L3-h240-B-r1,mulcher,alarm_m20,,,,,,,0,0
20260924T045957,L3-h240-B-r1,mulcher,alarm_xy5,,,,,,,0,0
20260924T045957,L3-h240-B-r1,mulcher,best,,,,,,,0,0
20260924T045957,L3-h240-B-r1,lk3a,alarm_m3,,,,,,,0,0
20260924T045957,L3-h240-B-r1,lk3a,alarm_m5,,,,,,,0,0
20260924T045957,L3-h240-B-r1,lk3a,alarm_m10,,,,,,,0,0
20260924T045957,L3-h240-B-r1,lk3a,alarm_m20,,,,,,,0,0
20260924T045957,L3-h240-B-r1,lk3a,alarm_xy5,131,50.385,-10.5,-6.415,12.304,-12.237,0,0
20260924T045957,L3-h240-B-r1,lk3a,best,128,49.231,-11.757,-7.235,13.804,-11.084,0,0
20260924T045957,L3-h240-B-r1,lk3b,alarm_m3,72,27.692,-37.993,-16.768,41.528,10.455,1,0
20260924T045957,L3-h240-B-r1,lk3b,alarm_m5,72,27.692,-37.993,-16.768,41.528,10.455,1,0
20260924T045957,L3-h240-B-r1,lk3b,alarm_m10,72,27.692,-37.993,-16.768,41.528,10.455,1,0
20260924T045957,L3-h240-B-r1,lk3b,alarm_m20,73,28.077,-37.534,-16.569,41.028,10.07,1,0
20260924T045957,L3-h240-B-r1,lk3b,alarm_xy5,28,10.769,-56.634,-28.296,63.31,27.378,1,1
20260924T045957,L3-h240-B-r1,lk3b,best,27,10.385,-57.018,-28.616,63.796,27.763,1,1
20260924T045957,L3-h240-B-r1,lk3c,alarm_m3,,,,,,,0,0
20260924T045957,L3-h240-B-r1,lk3c,alarm_m5,,,,,,,0,0
20260924T045957,L3-h240-B-r1,lk3c,alarm_m10,,,,,,,0,0
20260924T045957,L3-h240-B-r1,lk3c,alarm_m20,,,,,,,0,0
20260924T045957,L3-h240-B-r1,lk3c,alarm_xy5,132,50.769,-10.101,-6.113,11.807,-12.622,0,0
20260924T045957,L3-h240-B-r1,lk3c,best,131,50.385,-10.5,-6.415,12.304,-12.237,0,0
20260924T045957,L3-h240-B-r1,team,alarm_m3,72,27.692,-37.993,-16.768,41.528,10.455,1,0
20260924T045957,L3-h240-B-r1,team,alarm_m5,72,27.692,-37.993,-16.768,41.528,10.455,1,0
20260924T045957,L3-h240-B-r1,team,alarm_m10,72,27.692,-37.993,-16.768,41.528,10.455,1,0
20260924T045957,L3-h240-B-r1,team,alarm_m20,73,28.077,-37.534,-16.569,41.028,10.07,1,0
20260924T045957,L3-h240-B-r1,team,alarm_xy5,28,10.769,-56.634,-28.296,63.31,27.378,1,1
20260924T045957,L3-h240-B-r1,team,best,27,10.385,-57.018,-28.616,63.796,27.763,1,1
20260924T045957,L3-h240-C-r0,mulcher,alarm_m3,120,46.154,11.14,-8.294,13.888,-10.965,0,0
20260924T045957,L3-h240-C-r0,mulcher,alarm_m5,120,46.154,11.14,-8.294,13.888,-10.965,0,0
20260924T045957,L3-h240-C-r0,mulcher,alarm_m10,120,46.154,11.14,-8.294,13.888,-10.965,0,0
20260924T045957,L3-h240-C-r0,mulcher,alarm_m20,120,46.154,11.14,-8.294,13.888,-10.965,0,0
20260924T045957,L3-h240-C-r0,mulcher,alarm_xy5,73,28.077,31.42,-19.437,36.946,7.112,1,0
20260924T045957,L3-h240-C-r0,mulcher,best,72,27.692,31.902,-19.571,37.426,7.497,1,0
20260924T045957,L3-h240-C-r0,lk3a,alarm_m3,,,,,,,0,0
20260924T045957,L3-h240-C-r0,lk3a,alarm_m5,,,,,,,0,0
20260924T045957,L3-h240-C-r0,lk3a,alarm_m10,,,,,,,0,0
20260924T045957,L3-h240-C-r0,lk3a,alarm_m20,,,,,,,0,0
20260924T045957,L3-h240-C-r0,lk3a,alarm_xy5,124,47.692,9.787,-6.813,11.925,-12.503,0,0
20260924T045957,L3-h240-C-r0,lk3a,best,121,46.538,10.801,-7.926,13.397,-11.349,0,0
20260924T045957,L3-h240-C-r0,lk3b,alarm_m3,,,,,,,0,0
20260924T045957,L3-h240-C-r0,lk3b,alarm_m5,,,,,,,0,0
20260924T045957,L3-h240-C-r0,lk3b,alarm_m10,,,,,,,0,0
20260924T045957,L3-h240-C-r0,lk3b,alarm_m20,,,,,,,0,0
20260924T045957,L3-h240-C-r0,lk3b,alarm_xy5,,,,,,,0,0
20260924T045957,L3-h240-C-r0,lk3b,best,125,48.077,9.454,-6.44,11.439,-12.888,0,0
20260924T045957,L3-h240-C-r0,lk3c,alarm_m3,63,24.231,36.242,-20.764,41.769,10.958,1,0
20260924T045957,L3-h240-C-r0,lk3c,alarm_m5,63,24.231,36.242,-20.764,41.769,10.958,1,0
20260924T045957,L3-h240-C-r0,lk3c,alarm_m10,63,24.231,36.242,-20.764,41.769,10.958,1,0
20260924T045957,L3-h240-C-r0,lk3c,alarm_m20,65,25.0,35.278,-20.499,40.801,10.189,1,0
20260924T045957,L3-h240-C-r0,lk3c,alarm_xy5,25,9.615,54.232,-26.666,60.433,25.574,1,1
20260924T045957,L3-h240-C-r0,lk3c,best,21,8.077,56.066,-27.465,62.431,27.112,1,1
20260924T045957,L3-h240-C-r0,team,alarm_m3,63,24.231,36.242,-20.764,41.769,10.958,1,0
20260924T045957,L3-h240-C-r0,team,alarm_m5,63,24.231,36.242,-20.764,41.769,10.958,1,0
20260924T045957,L3-h240-C-r0,team,alarm_m10,63,24.231,36.242,-20.764,41.769,10.958,1,0
20260924T045957,L3-h240-C-r0,team,alarm_m20,65,25.0,35.278,-20.499,40.801,10.189,1,0
20260924T045957,L3-h240-C-r0,team,alarm_xy5,25,9.615,54.232,-26.666,60.433,25.574,1,1
20260924T045957,L3-h240-C-r0,team,best,21,8.077,56.066,-27.465,62.431,27.112,1,1
20260924T045957,L3-h240-C-r1,mulcher,alarm_m3,113,43.462,11.381,-7.504,13.632,-11.286,0,0
20260924T045957,L3-h240-C-r1,mulcher,alarm_m5,113,43.462,11.381,-7.504,13.632,-11.286,0,0
20260924T045957,L3-h240-C-r1,mulcher,alarm_m10,113,43.462,11.381,-7.504,13.632,-11.286,0,0
20260924T045957,L3-h240-C-r1,mulcher,alarm_m20,113,43.462,11.381,-7.504,13.632,-11.286,0,0
20260924T045957,L3-h240-C-r1,mulcher,alarm_xy5,66,25.385,31.209,-18.638,36.351,6.791,1,0
20260924T045957,L3-h240-C-r1,mulcher,best,62,23.846,33.136,-19.171,38.282,8.329,1,0
20260924T045957,L3-h240-C-r1,lk3a,alarm_m3,,,,,,,0,0
20260924T045957,L3-h240-C-r1,lk3a,alarm_m5,,,,,,,0,0
20260924T045957,L3-h240-C-r1,lk3a,alarm_m10,,,,,,,0,0
20260924T045957,L3-h240-C-r1,lk3a,alarm_m20,,,,,,,0,0
20260924T045957,L3-h240-C-r1,lk3a,alarm_xy5,115,44.231,10.703,-6.769,12.664,-12.055,0,0
20260924T045957,L3-h240-C-r1,lk3a,best,114,43.846,11.042,-7.136,13.147,-11.671,0,0
20260924T045957,L3-h240-C-r1,lk3b,alarm_m3,,,,,,,0,0
20260924T045957,L3-h240-C-r1,lk3b,alarm_m5,,,,,,,0,0
20260924T045957,L3-h240-C-r1,lk3b,alarm_m10,,,,,,,0,0
20260924T045957,L3-h240-C-r1,lk3b,alarm_m20,,,,,,,0,0
20260924T045957,L3-h240-C-r1,lk3b,alarm_xy5,,,,,,,0,0
20260924T045957,L3-h240-C-r1,lk3b,best,116,44.615,10.373,-6.4,12.189,-12.44,0,0
20260924T045957,L3-h240-C-r1,lk3c,alarm_m3,55,21.154,36.511,-20.099,41.677,11.022,1,0
20260924T045957,L3-h240-C-r1,lk3c,alarm_m5,55,21.154,36.511,-20.099,41.677,11.022,1,0
20260924T045957,L3-h240-C-r1,lk3c,alarm_m10,55,21.154,36.511,-20.099,41.677,11.022,1,0
20260924T045957,L3-h240-C-r1,lk3c,alarm_m20,56,21.538,36.029,-19.967,41.191,10.637,1,0
20260924T045957,L3-h240-C-r1,lk3c,alarm_xy5,12,4.615,56.89,-27.058,62.997,27.56,1,1
20260924T045957,L3-h240-C-r1,lk3c,best,9,3.462,58.246,-27.7,64.497,28.714,1,1
20260924T045957,L3-h240-C-r1,team,alarm_m3,55,21.154,36.511,-20.099,41.677,11.022,1,0
20260924T045957,L3-h240-C-r1,team,alarm_m5,55,21.154,36.511,-20.099,41.677,11.022,1,0
20260924T045957,L3-h240-C-r1,team,alarm_m10,55,21.154,36.511,-20.099,41.677,11.022,1,0
20260924T045957,L3-h240-C-r1,team,alarm_m20,56,21.538,36.029,-19.967,41.191,10.637,1,0
20260924T045957,L3-h240-C-r1,team,alarm_xy5,12,4.615,56.89,-27.058,62.997,27.56,1,1
20260924T045957,L3-h240-C-r1,team,best,9,3.462,58.246,-27.7,64.497,28.714,1,1
20260924T045957,L3-h270-A-r0,mulcher,alarm_m3,128,49.231,-0.429,13.435,13.442,-11.474,0,0
20260924T045957,L3-h270-A-r0,mulcher,alarm_m5,128,49.231,-0.429,13.435,13.442,-11.474,0,0
20260924T045957,L3-h270-A-r0,mulcher,alarm_m10,128,49.231,-0.429,13.435,13.442,-11.474,0,0
20260924T045957,L3-h270-A-r0,mulcher,alarm_m20,128,49.231,-0.429,13.435,13.442,-11.474,0,0
20260924T045957,L3-h270-A-r0,mulcher,alarm_xy5,76,29.231,-4.174,38.585,38.81,8.526,1,0
20260924T045957,L3-h270-A-r0,mulcher,best,75,28.846,-4.116,39.082,39.298,8.911,1,0
20260924T045957,L3-h270-A-r0,lk3a,alarm_m3,70,26.923,-3.784,41.55,41.722,10.834,1,0
20260924T045957,L3-h270-A-r0,lk3a,alarm_m5,70,26.923,-3.784,41.55,41.722,10.834,1,0
20260924T045957,L3-h270-A-r0,lk3a,alarm_m10,70,26.923,-3.784,41.55,41.722,10.834,1,0
20260924T045957,L3-h270-A-r0,lk3a,alarm_m20,71,27.308,-3.856,41.055,41.236,10.449,1,0
20260924T045957,L3-h270-A-r0,lk3a,alarm_xy5,26,10.0,1.098,62.954,62.964,27.757,1,1
20260924T045957,L3-h270-A-r0,lk3a,best,25,9.615,1.222,63.439,63.451,28.142,1,1
20260924T045957,L3-h270-A-r0,lk3b,alarm_m3,,,,,,,0,0
20260924T045957,L3-h270-A-r0,lk3b,alarm_m5,,,,,,,0,0
20260924T045957,L3-h270-A-r0,lk3b,alarm_m10,,,,,,,0,0
20260924T045957,L3-h270-A-r0,lk3b,alarm_m20,,,,,,,0,0
20260924T045957,L3-h270-A-r0,lk3b,alarm_xy5,129,49.615,-0.299,12.952,12.955,-11.858,0,0
20260924T045957,L3-h270-A-r0,lk3b,best,128,49.231,-0.429,13.435,13.442,-11.474,0,0
20260924T045957,L3-h270-A-r0,lk3c,alarm_m3,,,,,,,0,0
20260924T045957,L3-h270-A-r0,lk3c,alarm_m5,,,,,,,0,0
20260924T045957,L3-h270-A-r0,lk3c,alarm_m10,,,,,,,0,0
20260924T045957,L3-h270-A-r0,lk3c,alarm_m20,,,,,,,0,0
20260924T045957,L3-h270-A-r0,lk3c,alarm_xy5,,,,,,,0,0
20260924T045957,L3-h270-A-r0,lk3c,best,,,,,,,0,0
20260924T045957,L3-h270-A-r0,team,alarm_m3,70,26.923,-3.784,41.55,41.722,10.834,1,0
20260924T045957,L3-h270-A-r0,team,alarm_m5,70,26.923,-3.784,41.55,41.722,10.834,1,0
20260924T045957,L3-h270-A-r0,team,alarm_m10,70,26.923,-3.784,41.55,41.722,10.834,1,0
20260924T045957,L3-h270-A-r0,team,alarm_m20,71,27.308,-3.856,41.055,41.236,10.449,1,0
20260924T045957,L3-h270-A-r0,team,alarm_xy5,26,10.0,1.098,62.954,62.964,27.757,1,1
20260924T045957,L3-h270-A-r0,team,best,25,9.615,1.222,63.439,63.451,28.142,1,1
20260924T045957,L3-h270-A-r1,mulcher,alarm_m3,114,43.846,-1.142,13.668,13.716,-11.158,0,0
20260924T045957,L3-h270-A-r1,mulcher,alarm_m5,114,43.846,-1.142,13.668,13.716,-11.158,0,0
20260924T045957,L3-h270-A-r1,mulcher,alarm_m10,114,43.846,-1.142,13.668,13.716,-11.158,0,0
20260924T045957,L3-h270-A-r1,mulcher,alarm_m20,114,43.846,-1.142,13.668,13.716,-11.158,0,0
20260924T045957,L3-h270-A-r1,mulcher,alarm_xy5,84,32.308,-5.277,28.047,28.539,0.381,1,0
20260924T045957,L3-h270-A-r1,mulcher,best,66,25.385,-4.967,37.067,37.399,7.304,1,0
20260924T045957,L3-h270-A-r1,lk3a,alarm_m3,57,21.923,-4.418,41.552,41.786,10.765,1,0
20260924T045957,L3-h270-A-r1,lk3a,alarm_m5,57,21.923,-4.418,41.552,41.786,10.765,1,0
20260924T045957,L3-h270-A-r1,lk3a,alarm_m10,57,21.923,-4.418,41.552,41.786,10.765,1,0
20260924T045957,L3-h270-A-r1,lk3a,alarm_m20,60,23.077,-4.634,40.067,40.334,9.612,1,0
20260924T045957,L3-h270-A-r1,lk3a,alarm_xy5,11,4.231,0.715,63.993,63.997,28.458,1,1
20260924T045957,L3-h270-A-r1,lk3a,best,10,3.846,0.84,64.477,64.482,28.842,1,1
20260924T045957,L3-h270-A-r1,lk3b,alarm_m3,,,,,,,0,0
20260924T045957,L3-h270-A-r1,lk3b,alarm_m5,,,,,,,0,0
20260924T045957,L3-h270-A-r1,lk3b,alarm_m10,,,,,,,0,0
20260924T045957,L3-h270-A-r1,lk3b,alarm_m20,,,,,,,0,0
20260924T045957,L3-h270-A-r1,lk3b,alarm_xy5,117,45.0,-0.77,12.236,12.26,-12.312,0,0
20260924T045957,L3-h270-A-r1,lk3b,best,116,44.615,-0.883,12.703,12.733,-11.927,0,0
20260924T045957,L3-h270-A-r1,lk3c,alarm_m3,,,,,,,0,0
20260924T045957,L3-h270-A-r1,lk3c,alarm_m5,,,,,,,0,0
20260924T045957,L3-h270-A-r1,lk3c,alarm_m10,,,,,,,0,0
20260924T045957,L3-h270-A-r1,lk3c,alarm_m20,,,,,,,0,0
20260924T045957,L3-h270-A-r1,lk3c,alarm_xy5,,,,,,,0,0
20260924T045957,L3-h270-A-r1,lk3c,best,,,,,,,0,0
20260924T045957,L3-h270-A-r1,team,alarm_m3,57,21.923,-4.418,41.552,41.786,10.765,1,0
20260924T045957,L3-h270-A-r1,team,alarm_m5,57,21.923,-4.418,41.552,41.786,10.765,1,0
20260924T045957,L3-h270-A-r1,team,alarm_m10,57,21.923,-4.418,41.552,41.786,10.765,1,0
20260924T045957,L3-h270-A-r1,team,alarm_m20,60,23.077,-4.634,40.067,40.334,9.612,1,0
20260924T045957,L3-h270-A-r1,team,alarm_xy5,11,4.231,0.715,63.993,63.997,28.458,1,1
20260924T045957,L3-h270-A-r1,team,best,10,3.846,0.84,64.477,64.482,28.842,1,1
20260924T045957,L3-h270-B-r0,mulcher,alarm_m3,124,47.692,-11.836,-6.743,13.622,-11.235,0,0
20260924T045957,L3-h270-B-r0,mulcher,alarm_m5,124,47.692,-11.836,-6.743,13.622,-11.235,0,0
20260924T045957,L3-h270-B-r0,mulcher,alarm_m10,124,47.692,-11.836,-6.743,13.622,-11.235,0,0
20260924T045957,L3-h270-B-r0,mulcher,alarm_m20,124,47.692,-11.836,-6.743,13.622,-11.235,0,0
20260924T045957,L3-h270-B-r0,mulcher,alarm_xy5,96,36.923,-24.745,-11.601,27.33,-0.466,0,0
20260924T045957,L3-h270-B-r0,mulcher,best,87,33.462,-29.057,-12.933,31.805,2.996,1,0
20260924T045957,L3-h270-B-r0,lk3a,alarm_m3,,,,,,,0,0
20260924T045957,L3-h270-B-r0,lk3a,alarm_m5,,,,,,,0,0
20260924T045957,L3-h270-B-r0,lk3a,alarm_m10,,,,,,,0,0
20260924T045957,L3-h270-B-r0,lk3a,alarm_m20,,,,,,,0,0
20260924T045957,L3-h270-B-r0,lk3a,alarm_xy5,126,48.462,-10.992,-6.206,12.623,-12.004,0,0
20260924T045957,L3-h270-B-r0,lk3a,best,120,46.154,-13.516,-7.753,15.582,-9.697,0,0
20260924T045957,L3-h270-B-r0,lk3b,alarm_m3,67,25.769,-38.452,-16.47,41.831,10.688,1,0
20260924T045957,L3-h270-B-r0,lk3b,alarm_m5,67,25.769,-38.452,-16.47,41.831,10.688,1,0
20260924T045957,L3-h270-B-r0,lk3b,alarm_m10,67,25.769,-38.452,-16.47,41.831,10.688,1,0
20260924T045957,L3-h270-B-r0,lk3b,alarm_m20,68,26.154,-37.994,-16.27,41.331,10.303,1,0
20260924T045957,L3-h270-B-r0,lk3b,alarm_xy5,24,9.231,-56.775,-27.819,63.225,27.226,1,1
20260924T045957,L3-h270-B-r0,lk3b,best,23,8.846,-57.159,-28.139,63.71,27.611,1,1
20260924T045957,L3-h270-B-r0,lk3c,alarm_m3,,,,,,,0,0
20260924T045957,L3-h270-B-r0,lk3c,alarm_m5,,,,,,,0,0
20260924T045957,L3-h270-B-r0,lk3c,alarm_m10,,,,,,,0,0
20260924T045957,L3-h270-B-r0,lk3c,alarm_m20,,,,,,,0,0
20260924T045957,L3-h270-B-r0,lk3c,alarm_xy5,130,50.0,-9.423,-5.026,10.68,-13.543,0,0
20260924T045957,L3-h270-B-r0,lk3c,best,126,48.462,-10.992,-6.206,12.623,-12.004,0,0
20260924T045957,L3-h270-B-r0,team,alarm_m3,67,25.769,-38.452,-16.47,41.831,10.688,1,0
20260924T045957,L3-h270-B-r0,team,alarm_m5,67,25.769,-38.452,-16.47,41.831,10.688,1,0
20260924T045957,L3-h270-B-r0,team,alarm_m10,67,25.769,-38.452,-16.47,41.831,10.688,1,0
20260924T045957,L3-h270-B-r0,team,alarm_m20,68,26.154,-37.994,-16.27,41.331,10.303,1,0
20260924T045957,L3-h270-B-r0,team,alarm_xy5,24,9.231,-56.775,-27.819,63.225,27.226,1,1
20260924T045957,L3-h270-B-r0,team,best,23,8.846,-57.159,-28.139,63.71,27.611,1,1
20260924T045957,L3-h270-B-r1,mulcher,alarm_m3,113,43.462,-11.902,-6.774,13.694,-11.18,0,0
20260924T045957,L3-h270-B-r1,mulcher,alarm_m5,113,43.462,-11.902,-6.774,13.694,-11.18,0,0
20260924T045957,L3-h270-B-r1,mulcher,alarm_m10,113,43.462,-11.902,-6.774,13.694,-11.18,0,0
20260924T045957,L3-h270-B-r1,mulcher,alarm_m20,113,43.462,-11.902,-6.774,13.694,-11.18,0,0
20260924T045957,L3-h270-B-r1,mulcher,alarm_xy5,84,32.308,-25.301,-11.757,27.899,-0.026,0,0
20260924T045957,L3-h270-B-r1,mulcher,best,78,30.0,-28.176,-12.64,30.881,2.281,1,0
20260924T045957,L3-h270-B-r1,lk3a,alarm_m3,,,,,,,0,0
20260924T045957,L3-h270-B-r1,lk3a,alarm_m5,,,,,,,0,0
20260924T045957,L3-h270-B-r1,lk3a,alarm_m10,,,,,,,0,0
20260924T045957,L3-h270-B-r1,lk3a,alarm_m20,,,,,,,0,0
20260924T045957,L3-h270-B-r1,lk3a,alarm_xy5,116,44.615,-10.681,-5.967,12.235,-12.334,0,0
20260924T045957,L3-h270-B-r1,lk3a,best,113,43.462,-11.902,-6.774,13.694,-11.18,0,0
20260924T045957,L3-h270-B-r1,lk3b,alarm_m3,56,21.538,-38.522,-16.489,41.903,10.743,1,0
20260924T045957,L3-h270-B-r1,lk3b,alarm_m5,56,21.538,-38.522,-16.489,41.903,10.743,1,0
20260924T045957,L3-h270-B-r1,lk3b,alarm_m10,56,21.538,-38.522,-16.489,41.903,10.743,1,0
20260924T045957,L3-h270-B-r1,lk3b,alarm_m20,58,22.308,-37.605,-16.091,40.903,9.974,1,0
20260924T045957,L3-h270-B-r1,lk3b,alarm_xy5,13,5.0,-56.837,-27.858,63.297,27.281,1,1
20260924T045957,L3-h270-B-r1,lk3b,best,12,4.615,-57.221,-28.178,63.782,27.666,1,1
20260924T045957,L3-h270-B-r1,lk3c,alarm_m3,,,,,,,0,0
20260924T045957,L3-h270-B-r1,lk3c,alarm_m5,,,,,,,0,0
20260924T045957,L3-h270-B-r1,lk3c,alarm_m10,,,,,,,0,0
20260924T045957,L3-h270-B-r1,lk3c,alarm_m20,,,,,,,0,0
20260924T045957,L3-h270-B-r1,lk3c,alarm_xy5,116,44.615,-10.681,-5.967,12.235,-12.334,0,0
20260924T045957,L3-h270-B-r1,lk3c,best,115,44.231,-11.058,-6.237,12.695,-11.949,0,0
20260924T045957,L3-h270-B-r1,team,alarm_m3,56,21.538,-38.522,-16.489,41.903,10.743,1,0
20260924T045957,L3-h270-B-r1,team,alarm_m5,56,21.538,-38.522,-16.489,41.903,10.743,1,0
20260924T045957,L3-h270-B-r1,team,alarm_m10,56,21.538,-38.522,-16.489,41.903,10.743,1,0
20260924T045957,L3-h270-B-r1,team,alarm_m20,58,22.308,-37.605,-16.091,40.903,9.974,1,0
20260924T045957,L3-h270-B-r1,team,alarm_xy5,13,5.0,-56.837,-27.858,63.297,27.281,1,1
20260924T045957,L3-h270-B-r1,team,best,12,4.615,-57.221,-28.178,63.782,27.666,1,1
20260924T045957,L3-h270-C-r0,mulcher,alarm_m3,127,48.846,11.046,-7.804,13.525,-11.291,0,0
20260924T045957,L3-h270-C-r0,mulcher,alarm_m5,127,48.846,11.046,-7.804,13.525,-11.291,0,0
20260924T045957,L3-h270-C-r0,mulcher,alarm_m10,127,48.846,11.046,-7.804,13.525,-11.291,0,0
20260924T045957,L3-h270-C-r0,mulcher,alarm_m20,127,48.846,11.046,-7.804,13.525,-11.291,0,0
20260924T045957,L3-h270-C-r0,mulcher,alarm_xy5,77,29.615,32.528,-19.471,37.91,7.94,1,0
20260924T045957,L3-h270-C-r0,mulcher,best,74,28.462,33.975,-19.868,39.358,9.094,1,0
20260924T045957,L3-h270-C-r0,lk3a,alarm_m3,,,,,,,0,0
20260924T045957,L3-h270-C-r0,lk3a,alarm_m5,,,,,,,0,0
20260924T045957,L3-h270-C-r0,lk3a,alarm_m10,,,,,,,0,0
20260924T045957,L3-h270-C-r0,lk3a,alarm_m20,,,,,,,0,0
20260924T045957,L3-h270-C-r0,lk3a,alarm_xy5,130,50.0,10.034,-6.695,12.062,-12.445,0,0
20260924T045957,L3-h270-C-r0,lk3a,best,129,49.615,10.369,-7.069,12.549,-12.06,0,0
20260924T045957,L3-h270-C-r0,lk3b,alarm_m3,,,,,,,0,0
20260924T045957,L3-h270-C-r0,lk3b,alarm_m5,,,,,,,0,0
20260924T045957,L3-h270-C-r0,lk3b,alarm_m10,,,,,,,0,0
20260924T045957,L3-h270-C-r0,lk3b,alarm_m20,,,,,,,0,0
20260924T045957,L3-h270-C-r0,lk3b,alarm_xy5,,,,,,,0,0
20260924T045957,L3-h270-C-r0,lk3b,best,131,50.385,9.701,-6.322,11.579,-12.829,0,0
20260924T045957,L3-h270-C-r0,lk3c,alarm_m3,69,26.538,36.385,-20.531,41.778,11.017,1,0
20260924T045957,L3-h270-C-r0,lk3c,alarm_m5,69,26.538,36.385,-20.531,41.778,11.017,1,0
20260924T045957,L3-h270-C-r0,lk3c,alarm_m10,69,26.538,36.385,-20.531,41.778,11.017,1,0
20260924T045957,L3-h270-C-r0,lk3c,alarm_m20,73,28.077,34.457,-20.0,39.841,9.478,1,0
20260924T045957,L3-h270-C-r0,lk3c,alarm_xy5,28,10.769,55.782,-27.054,61.997,26.786,1,1
20260924T045957,L3-h270-C-r0,lk3c,best,27,10.385,56.241,-27.254,62.496,27.171,1,1
20260924T045957,L3-h270-C-r0,team,alarm_m3,69,26.538,36.385,-20.531,41.778,11.017,1,0
20260924T045957,L3-h270-C-r0,team,alarm_m5,69,26.538,36.385,-20.531,41.778,11.017,1,0
20260924T045957,L3-h270-C-r0,team,alarm_m10,69,26.538,36.385,-20.531,41.778,11.017,1,0
20260924T045957,L3-h270-C-r0,team,alarm_m20,73,28.077,34.457,-20.0,39.841,9.478,1,0
20260924T045957,L3-h270-C-r0,team,alarm_xy5,28,10.769,55.782,-27.054,61.997,26.786,1,1
20260924T045957,L3-h270-C-r0,team,best,27,10.385,56.241,-27.254,62.496,27.171,1,1
20260924T045957,L3-h270-C-r1,mulcher,alarm_m3,118,45.385,11.341,-7.386,13.534,-11.373,0,0
20260924T045957,L3-h270-C-r1,mulcher,alarm_m5,118,45.385,11.341,-7.386,13.534,-11.373,0,0
20260924T045957,L3-h270-C-r1,mulcher,alarm_m10,118,45.385,11.341,-7.386,13.534,-11.373,0,0
20260924T045957,L3-h270-C-r1,mulcher,alarm_m20,118,45.385,11.341,-7.386,13.534,-11.373,0,0
20260924T045957,L3-h270-C-r1,mulcher,alarm_xy5,69,26.538,32.077,-18.828,37.194,7.473,1,0
20260924T045957,L3-h270-C-r1,mulcher,best,68,26.154,32.557,-18.961,37.676,7.857,1,0
20260924T045957,L3-h270-C-r1,lk3a,alarm_m3,,,,,,,0,0
20260924T045957,L3-h270-C-r1,lk3a,alarm_m5,,,,,,,0,0
20260924T045957,L3-h270-C-r1,lk3a,alarm_m10,,,,,,,0,0
20260924T045957,L3-h270-C-r1,lk3a,alarm_m20,,,,,,,0,0
20260924T045957,L3-h270-C-r1,lk3a,alarm_xy5,122,46.923,10.002,-5.909,11.617,-12.912,0,0
20260924T045957,L3-h270-C-r1,lk3a,best,119,45.769,11.002,-7.019,13.05,-11.758,0,0
20260924T045957,L3-h270-C-r1,lk3b,alarm_m3,,,,,,,0,0
20260924T045957,L3-h270-C-r1,lk3b,alarm_m5,,,,,,,0,0
20260924T045957,L3-h270-C-r1,lk3b,alarm_m10,,,,,,,0,0
20260924T045957,L3-h270-C-r1,lk3b,alarm_m20,,,,,,,0,0
20260924T045957,L3-h270-C-r1,lk3b,alarm_xy5,,,,,,,0,0
20260924T045957,L3-h270-C-r1,lk3b,best,121,46.538,10.335,-6.282,12.095,-12.527,0,0
20260924T045957,L3-h270-C-r1,lk3c,alarm_m3,60,23.077,36.414,-20.021,41.555,10.934,1,0
20260924T045957,L3-h270-C-r1,lk3c,alarm_m5,60,23.077,36.414,-20.021,41.555,10.934,1,0
20260924T045957,L3-h270-C-r1,lk3c,alarm_m10,60,23.077,36.414,-20.021,41.555,10.934,1,0
20260924T045957,L3-h270-C-r1,lk3c,alarm_m20,62,23.846,35.45,-19.755,40.583,10.165,1,0
20260924T045957,L3-h270-C-r1,lk3c,alarm_xy5,16,6.154,57.261,-27.178,63.383,27.857,1,1
20260924T045957,L3-h270-C-r1,lk3c,best,13,5.0,58.616,-27.82,64.883,29.011,1,1
20260924T045957,L3-h270-C-r1,team,alarm_m3,60,23.077,36.414,-20.021,41.555,10.934,1,0
20260924T045957,L3-h270-C-r1,team,alarm_m5,60,23.077,36.414,-20.021,41.555,10.934,1,0
20260924T045957,L3-h270-C-r1,team,alarm_m10,60,23.077,36.414,-20.021,41.555,10.934,1,0
20260924T045957,L3-h270-C-r1,team,alarm_m20,62,23.846,35.45,-19.755,40.583,10.165,1,0
20260924T045957,L3-h270-C-r1,team,alarm_xy5,16,6.154,57.261,-27.178,63.383,27.857,1,1
20260924T045957,L3-h270-C-r1,team,best,13,5.0,58.616,-27.82,64.883,29.011,1,1
20260924T045957,L3-h300-A-r0,mulcher,alarm_m3,110,42.308,-0.368,13.765,13.77,-11.241,0,0
20260924T045957,L3-h300-A-r0,mulcher,alarm_m5,110,42.308,-0.368,13.765,13.77,-11.241,0,0
20260924T045957,L3-h300-A-r0,mulcher,alarm_m10,110,42.308,-0.368,13.765,13.77,-11.241,0,0
20260924T045957,L3-h300-A-r0,mulcher,alarm_m20,,,,,,,0,0
20260924T045957,L3-h300-A-r0,mulcher,alarm_xy5,82,31.538,-4.467,26.969,27.336,-0.472,0,0
20260924T045957,L3-h300-A-r0,mulcher,best,76,29.231,-4.536,29.952,30.294,1.836,1,0
20260924T045957,L3-h300-A-r0,lk3a,alarm_m3,52,20.0,-3.597,41.829,41.983,11.067,1,0
20260924T045957,L3-h300-A-r0,lk3a,alarm_m5,52,20.0,-3.597,41.829,41.983,11.067,1,0
20260924T045957,L3-h300-A-r0,lk3a,alarm_m10,53,20.385,-3.669,41.334,41.496,10.682,1,0
20260924T045957,L3-h300-A-r0,lk3a,alarm_m20,54,20.769,-3.741,40.839,41.01,10.298,1,0
20260924T045957,L3-h300-A-r0,lk3a,alarm_xy5,11,4.231,0.937,61.757,61.765,26.836,1,1
20260924T045957,L3-h300-A-r0,lk3a,best,8,3.077,1.313,63.212,63.225,27.99,1,1
20260924T045957,L3-h300-A-r0,lk3b,alarm_m3,,,,,,,0,0
20260924T045957,L3-h300-A-r0,lk3b,alarm_m5,,,,,,,0,0
20260924T045957,L3-h300-A-r0,lk3b,alarm_m10,,,,,,,0,0
20260924T045957,L3-h300-A-r0,lk3b,alarm_m20,,,,,,,0,0
20260924T045957,L3-h300-A-r0,lk3b,alarm_xy5,116,44.615,0.307,10.813,10.818,-13.548,0,0
20260924T045957,L3-h300-A-r0,lk3b,best,112,43.077,-0.108,12.799,12.8,-12.01,0,0
20260924T045957,L3-h300-A-r0,lk3c,alarm_m3,,,,,,,0,0
20260924T045957,L3-h300-A-r0,lk3c,alarm_m5,,,,,,,0,0
20260924T045957,L3-h300-A-r0,lk3c,alarm_m10,,,,,,,0,0
20260924T045957,L3-h300-A-r0,lk3c,alarm_m20,,,,,,,0,0
20260924T045957,L3-h300-A-r0,lk3c,alarm_xy5,,,,,,,0,0
20260924T045957,L3-h300-A-r0,lk3c,best,,,,,,,0,0
20260924T045957,L3-h300-A-r0,team,alarm_m3,52,20.0,-3.597,41.829,41.983,11.067,1,0
20260924T045957,L3-h300-A-r0,team,alarm_m5,52,20.0,-3.597,41.829,41.983,11.067,1,0
20260924T045957,L3-h300-A-r0,team,alarm_m10,53,20.385,-3.669,41.334,41.496,10.682,1,0
20260924T045957,L3-h300-A-r0,team,alarm_m20,54,20.769,-3.741,40.839,41.01,10.298,1,0
20260924T045957,L3-h300-A-r0,team,alarm_xy5,11,4.231,0.937,61.757,61.765,26.836,1,1
20260924T045957,L3-h300-A-r0,team,best,8,3.077,1.313,63.212,63.225,27.99,1,1
20260924T045957,L3-h300-A-r1,mulcher,alarm_m3,114,43.846,-0.616,13.695,13.709,-11.243,0,0
20260924T045957,L3-h300-A-r1,mulcher,alarm_m5,114,43.846,-0.616,13.695,13.709,-11.243,0,0
20260924T045957,L3-h300-A-r1,mulcher,alarm_m10,114,43.846,-0.616,13.695,13.709,-11.243,0,0
20260924T045957,L3-h300-A-r1,mulcher,alarm_m20,,,,,,,0,0
20260924T045957,L3-h300-A-r1,mulcher,alarm_xy5,87,33.462,-4.699,26.453,26.868,-0.858,0,0
20260924T045957,L3-h300-A-r1,mulcher,best,82,31.538,-4.777,28.945,29.337,1.065,1,0
20260924T045957,L3-h300-A-r1,lk3a,alarm_m3,56,21.538,-3.853,41.863,42.04,11.065,1,0
20260924T045957,L3-h300-A-r1,lk3a,alarm_m5,56,21.538,-3.853,41.863,42.04,11.065,1,0
20260924T045957,L3-h300-A-r1,lk3a,alarm_m10,57,21.923,-3.925,41.368,41.554,10.68,1,0
20260924T045957,L3-h300-A-r1,lk3a,alarm_m20,57,21.923,-3.925,41.368,41.554,10.68,1,0
20260924T045957,L3-h300-A-r1,lk3a,alarm_xy5,13,5.0,0.938,62.789,62.796,27.603,1,1
20260924T045957,L3-h300-A-r1,lk3a,best,12,4.615,1.062,63.273,63.282,27.988,1,1
20260924T045957,L3-h300-A-r1,lk3b,alarm_m3,,,,,,,0,0
20260924T045957,L3-h300-A-r1,lk3b,alarm_m5,,,,,,,0,0
20260924T045957,L3-h300-A-r1,lk3b,alarm_m10,,,,,,,0,0
20260924T045957,L3-h300-A-r1,lk3b,alarm_m20,,,,,,,0,0
20260924T045957,L3-h300-A-r1,lk3b,alarm_xy5,116,44.615,-0.357,12.729,12.734,-12.012,0,0
20260924T045957,L3-h300-A-r1,lk3b,best,115,44.231,-0.487,13.212,13.221,-11.628,0,0
20260924T045957,L3-h300-A-r1,lk3c,alarm_m3,,,,,,,0,0
20260924T045957,L3-h300-A-r1,lk3c,alarm_m5,,,,,,,0,0
20260924T045957,L3-h300-A-r1,lk3c,alarm_m10,,,,,,,0,0
20260924T045957,L3-h300-A-r1,lk3c,alarm_m20,,,,,,,0,0
20260924T045957,L3-h300-A-r1,lk3c,alarm_xy5,,,,,,,0,0
20260924T045957,L3-h300-A-r1,lk3c,best,,,,,,,0,0
20260924T045957,L3-h300-A-r1,team,alarm_m3,56,21.538,-3.853,41.863,42.04,11.065,1,0
20260924T045957,L3-h300-A-r1,team,alarm_m5,56,21.538,-3.853,41.863,42.04,11.065,1,0
20260924T045957,L3-h300-A-r1,team,alarm_m10,57,21.923,-3.925,41.368,41.554,10.68,1,0
20260924T045957,L3-h300-A-r1,team,alarm_m20,57,21.923,-3.925,41.368,41.554,10.68,1,0
20260924T045957,L3-h300-A-r1,team,alarm_xy5,13,5.0,0.938,62.789,62.796,27.603,1,1
20260924T045957,L3-h300-A-r1,team,best,12,4.615,1.062,63.273,63.282,27.988,1,1
20260924T045957,L3-h300-B-r0,mulcher,alarm_m3,114,43.846,-11.921,-6.936,13.792,-11.1,0,0
20260924T045957,L3-h300-B-r0,mulcher,alarm_m5,114,43.846,-11.921,-6.936,13.792,-11.1,0,0
20260924T045957,L3-h300-B-r0,mulcher,alarm_m10,114,43.846,-11.921,-6.936,13.792,-11.1,0,0
20260924T045957,L3-h300-B-r0,mulcher,alarm_m20,114,43.846,-11.921,-6.936,13.792,-11.1,0,0
20260924T045957,L3-h300-B-r0,mulcher,alarm_xy5,83,31.923,-26.321,-12.197,29.01,0.823,1,0
20260924T045957,L3-h300-B-r0,mulcher,best,67,25.769,-33.921,-14.753,36.99,6.977,1,0
20260924T045957,L3-h300-B-r0,lk3a,alarm_m3,,,,,,,0,0
20260924T045957,L3-h300-B-r0,lk3a,alarm_m5,,,,,,,0,0
20260924T045957,L3-h300-B-r0,lk3a,alarm_m10,,,,,,,0,0
20260924T045957,L3-h300-B-r0,lk3a,alarm_m20,,,,,,,0,0
20260924T045957,L3-h300-B-r0,lk3a,alarm_xy5,118,45.385,-10.289,-5.829,11.826,-12.639,0,0
20260924T045957,L3-h300-B-r0,lk3a,best,114,43.846,-11.921,-6.936,13.792,-11.1,0,0
20260924T045957,L3-h300-B-r0,lk3b,alarm_m3,57,21.923,-38.567,-16.647,42.006,10.823,1,0
20260924T045957,L3-h300-B-r0,lk3b,alarm_m5,57,21.923,-38.567,-16.647,42.006,10.823,1,0
20260924T045957,L3-h300-B-r0,lk3b,alarm_m10,58,22.308,-38.108,-16.447,41.506,10.438,1,0
20260924T045957,L3-h300-B-r0,lk3b,alarm_m20,61,23.462,-36.721,-15.853,39.997,9.284,1,0
20260924T045957,L3-h300-B-r0,lk3b,alarm_xy5,16,6.154,-56.056,-27.382,62.386,26.592,1,1
20260924T045957,L3-h300-B-r0,lk3b,best,13,5.0,-57.219,-28.341,63.854,27.746,1,1
20260924T045957,L3-h300-B-r0,lk3c,alarm_m3,,,,,,,0,0
20260924T045957,L3-h300-B-r0,lk3c,alarm_m5,,,,,,,0,0
20260924T045957,L3-h300-B-r0,lk3c,alarm_m10,,,,,,,0,0
20260924T045957,L3-h300-B-r0,lk3c,alarm_m20,,,,,,,0,0
20260924T045957,L3-h300-B-r0,lk3c,alarm_xy5,,,,,,,0,0
20260924T045957,L3-h300-B-r0,lk3c,best,119,45.769,-9.891,-5.527,11.33,-13.023,0,0
20260924T045957,L3-h300-B-r0,team,alarm_m3,57,21.923,-38.567,-16.647,42.006,10.823,1,0
20260924T045957,L3-h300-B-r0,team,alarm_m5,57,21.923,-38.567,-16.647,42.006,10.823,1,0
20260924T045957,L3-h300-B-r0,team,alarm_m10,58,22.308,-38.108,-16.447,41.506,10.438,1,0
20260924T045957,L3-h300-B-r0,team,alarm_m20,61,23.462,-36.721,-15.853,39.997,9.284,1,0
20260924T045957,L3-h300-B-r0,team,alarm_xy5,16,6.154,-56.056,-27.382,62.386,26.592,1,1
20260924T045957,L3-h300-B-r0,team,best,13,5.0,-57.219,-28.341,63.854,27.746,1,1
20260924T045957,L3-h300-B-r1,mulcher,alarm_m3,121,46.538,-11.548,-7.327,13.676,-11.181,0,0
20260924T045957,L3-h300-B-r1,mulcher,alarm_m5,121,46.538,-11.548,-7.327,13.676,-11.181,0,0
20260924T045957,L3-h300-B-r1,mulcher,alarm_m10,121,46.538,-11.548,-7.327,13.676,-11.181,0,0
20260924T045957,L3-h300-B-r1,mulcher,alarm_m20,121,46.538,-11.548,-7.327,13.676,-11.181,0,0
20260924T045957,L3-h300-B-r1,mulcher,alarm_xy5,72,27.692,-34.57,-15.563,37.911,7.665,1,0
20260924T045957,L3-h300-B-r1,mulcher,best,71,27.308,-35.034,-15.749,38.411,8.05,1,0
20260924T045957,L3-h300-B-r1,lk3a,alarm_m3,,,,,,,0,0
20260924T045957,L3-h300-B-r1,lk3a,alarm_m5,,,,,,,0,0
20260924T045957,L3-h300-B-r1,lk3a,alarm_m10,,,,,,,0,0
20260924T045957,L3-h300-B-r1,lk3a,alarm_m20,,,,,,,0,0
20260924T045957,L3-h300-B-r1,lk3a,alarm_xy5,123,47.308,-10.704,-6.79,12.676,-11.95,0,0
20260924T045957,L3-h300-B-r1,lk3a,best,122,46.923,-11.126,-7.058,13.176,-11.566,0,0
20260924T045957,L3-h300-B-r1,lk3b,alarm_m3,64,24.615,-38.259,-17.091,41.903,10.742,1,0
20260924T045957,L3-h300-B-r1,lk3b,alarm_m5,64,24.615,-38.259,-17.091,41.903,10.742,1,0
20260924T045957,L3-h300-B-r1,lk3b,alarm_m10,65,25.0,-37.801,-16.892,41.403,10.357,1,0
20260924T045957,L3-h300-B-r1,lk3b,alarm_m20,65,25.0,-37.801,-16.892,41.403,10.357,1,0
20260924T045957,L3-h300-B-r1,lk3b,alarm_xy5,23,8.846,-55.645,-27.732,62.172,26.511,1,1
20260924T045957,L3-h300-B-r1,lk3b,best,18,6.923,-57.567,-29.322,64.604,28.434,1,1
20260924T045957,L3-h300-B-r1,lk3c,alarm_m3,,,,,,,0,0
20260924T045957,L3-h300-B-r1,lk3c,alarm_m5,,,,,,,0,0
20260924T045957,L3-h300-B-r1,lk3c,alarm_m10,,,,,,,0,0
20260924T045957,L3-h300-B-r1,lk3c,alarm_m20,,,,,,,0,0
20260924T045957,L3-h300-B-r1,lk3c,alarm_xy5,125,48.077,-9.885,-6.188,11.662,-12.719,0,0
20260924T045957,L3-h300-B-r1,lk3c,best,124,47.692,-10.284,-6.49,12.16,-12.335,0,0
20260924T045957,L3-h300-B-r1,team,alarm_m3,64,24.615,-38.259,-17.091,41.903,10.742,1,0
20260924T045957,L3-h300-B-r1,team,alarm_m5,64,24.615,-38.259,-17.091,41.903,10.742,1,0
20260924T045957,L3-h300-B-r1,team,alarm_m10,65,25.0,-37.801,-16.892,41.403,10.357,1,0
20260924T045957,L3-h300-B-r1,team,alarm_m20,65,25.0,-37.801,-16.892,41.403,10.357,1,0
20260924T045957,L3-h300-B-r1,team,alarm_xy5,23,8.846,-55.645,-27.732,62.172,26.511,1,1
20260924T045957,L3-h300-B-r1,team,best,18,6.923,-57.567,-29.322,64.604,28.434,1,1
20260924T045957,L3-h300-C-r0,mulcher,alarm_m3,,,,,,,0,0
20260924T045957,L3-h300-C-r0,mulcher,alarm_m5,,,,,,,0,0
20260924T045957,L3-h300-C-r0,mulcher,alarm_m10,,,,,,,0,0
20260924T045957,L3-h300-C-r0,mulcher,alarm_m20,,,,,,,0,0
20260924T045957,L3-h300-C-r0,mulcher,alarm_xy5,,,,,,,0,0
20260924T045957,L3-h300-C-r0,mulcher,best,,,,,,,0,0
20260924T045957,L3-h300-C-r0,lk3a,alarm_m3,,,,,,,0,0
20260924T045957,L3-h300-C-r0,lk3a,alarm_m5,,,,,,,0,0
20260924T045957,L3-h300-C-r0,lk3a,alarm_m10,,,,,,,0,0
20260924T045957,L3-h300-C-r0,lk3a,alarm_m20,,,,,,,0,0
20260924T045957,L3-h300-C-r0,lk3a,alarm_xy5,116,44.615,9.902,-6.722,11.968,-12.497,0,0
20260924T045957,L3-h300-C-r0,lk3a,best,115,44.231,10.235,-7.095,12.454,-12.112,0,0
20260924T045957,L3-h300-C-r0,lk3b,alarm_m3,,,,,,,0,0
20260924T045957,L3-h300-C-r0,lk3b,alarm_m5,,,,,,,0,0
20260924T045957,L3-h300-C-r0,lk3b,alarm_m10,,,,,,,0,0
20260924T045957,L3-h300-C-r0,lk3b,alarm_m20,,,,,,,0,0
20260924T045957,L3-h300-C-r0,lk3b,alarm_xy5,,,,,,,0,0
20260924T045957,L3-h300-C-r0,lk3b,best,117,45.0,9.569,-6.349,11.484,-12.881,0,0
20260924T045957,L3-h300-C-r0,lk3c,alarm_m3,55,21.154,36.289,-20.626,41.741,10.965,1,0
20260924T045957,L3-h300-C-r0,lk3c,alarm_m5,55,21.154,36.289,-20.626,41.741,10.965,1,0
20260924T045957,L3-h300-C-r0,lk3c,alarm_m10,55,21.154,36.289,-20.626,41.741,10.965,1,0
20260924T045957,L3-h300-C-r0,lk3c,alarm_m20,55,21.154,36.289,-20.626,41.741,10.965,1,0
20260924T045957,L3-h300-C-r0,lk3c,alarm_xy5,16,6.154,54.757,-26.735,60.935,25.965,1,1
20260924T045957,L3-h300-C-r0,lk3c,best,13,5.0,56.132,-27.334,62.434,27.119,1,1
20260924T045957,L3-h300-C-r0,team,alarm_m3,55,21.154,36.289,-20.626,41.741,10.965,1,0
20260924T045957,L3-h300-C-r0,team,alarm_m5,55,21.154,36.289,-20.626,41.741,10.965,1,0
20260924T045957,L3-h300-C-r0,team,alarm_m10,55,21.154,36.289,-20.626,41.741,10.965,1,0
20260924T045957,L3-h300-C-r0,team,alarm_m20,55,21.154,36.289,-20.626,41.741,10.965,1,0
20260924T045957,L3-h300-C-r0,team,alarm_xy5,16,6.154,54.757,-26.735,60.935,25.965,1,1
20260924T045957,L3-h300-C-r0,team,best,13,5.0,56.132,-27.334,62.434,27.119,1,1
20260924T045957,L3-h300-C-r1,mulcher,alarm_m3,,,,,,,0,0
20260924T045957,L3-h300-C-r1,mulcher,alarm_m5,,,,,,,0,0
20260924T045957,L3-h300-C-r1,mulcher,alarm_m10,,,,,,,0,0
20260924T045957,L3-h300-C-r1,mulcher,alarm_m20,,,,,,,0,0
20260924T045957,L3-h300-C-r1,mulcher,alarm_xy5,,,,,,,0,0
20260924T045957,L3-h300-C-r1,mulcher,best,,,,,,,0,0
20260924T045957,L3-h300-C-r1,lk3a,alarm_m3,,,,,,,0,0
20260924T045957,L3-h300-C-r1,lk3a,alarm_m5,,,,,,,0,0
20260924T045957,L3-h300-C-r1,lk3a,alarm_m10,,,,,,,0,0
20260924T045957,L3-h300-C-r1,lk3a,alarm_m20,,,,,,,0,0
20260924T045957,L3-h300-C-r1,lk3a,alarm_xy5,115,44.231,9.892,-5.972,11.554,-12.932,0,0
20260924T045957,L3-h300-C-r1,lk3a,best,112,43.077,10.892,-7.083,12.993,-11.779,0,0
20260924T045957,L3-h300-C-r1,lk3b,alarm_m3,,,,,,,0,0
20260924T045957,L3-h300-C-r1,lk3b,alarm_m5,,,,,,,0,0
20260924T045957,L3-h300-C-r1,lk3b,alarm_m10,,,,,,,0,0
20260924T045957,L3-h300-C-r1,lk3b,alarm_m20,,,,,,,0,0
20260924T045957,L3-h300-C-r1,lk3b,alarm_xy5,,,,,,,0,0
20260924T045957,L3-h300-C-r1,lk3b,best,118,45.385,8.893,-4.853,10.131,-14.086,0,0
20260924T045957,L3-h300-C-r1,lk3c,alarm_m3,53,20.385,36.355,-20.134,41.558,10.914,1,0
20260924T045957,L3-h300-C-r1,lk3c,alarm_m5,53,20.385,36.355,-20.134,41.558,10.914,1,0
20260924T045957,L3-h300-C-r1,lk3c,alarm_m10,53,20.385,36.355,-20.134,41.558,10.914,1,0
20260924T045957,L3-h300-C-r1,lk3c,alarm_m20,53,20.385,36.355,-20.134,41.558,10.914,1,0
20260924T045957,L3-h300-C-r1,lk3c,alarm_xy5,9,3.462,57.183,-27.279,63.357,27.837,1,1
20260924T045957,L3-h300-C-r1,lk3c,best,8,3.077,57.635,-27.493,63.857,28.221,1,1
20260924T045957,L3-h300-C-r1,team,alarm_m3,53,20.385,36.355,-20.134,41.558,10.914,1,0
20260924T045957,L3-h300-C-r1,team,alarm_m5,53,20.385,36.355,-20.134,41.558,10.914,1,0
20260924T045957,L3-h300-C-r1,team,alarm_m10,53,20.385,36.355,-20.134,41.558,10.914,1,0
20260924T045957,L3-h300-C-r1,team,alarm_m20,53,20.385,36.355,-20.134,41.558,10.914,1,0
20260924T045957,L3-h300-C-r1,team,alarm_xy5,9,3.462,57.183,-27.279,63.357,27.837,1,1
20260924T045957,L3-h300-C-r1,team,best,8,3.077,57.635,-27.493,63.857,28.221,1,1
20260924T045957,L3-h330-A-r0,mulcher,alarm_m3,120,46.154,-0.528,13.936,13.946,-11.082,0,0
20260924T045957,L3-h330-A-r0,mulcher,alarm_m5,120,46.154,-0.528,13.936,13.946,-11.082,0,0
20260924T045957,L3-h330-A-r0,mulcher,alarm_m10,120,46.154,-0.528,13.936,13.946,-11.082,0,0
20260924T045957,L3-h330-A-r0,mulcher,alarm_m20,121,46.538,-0.398,13.453,13.459,-11.466,0,0
20260924T045957,L3-h330-A-r0,mulcher,alarm_xy5,71,27.308,-4.253,37.597,37.837,7.764,1,0
20260924T045957,L3-h330-A-r0,mulcher,best,70,26.923,-4.196,38.094,38.324,8.149,1,0
20260924T045957,L3-h330-A-r0,lk3a,alarm_m3,63,24.231,-3.748,41.554,41.723,10.841,1,0
20260924T045957,L3-h330-A-r0,lk3a,alarm_m5,63,24.231,-3.748,41.554,41.723,10.841,1,0
20260924T045957,L3-h330-A-r0,lk3a,alarm_m10,63,24.231,-3.748,41.554,41.723,10.841,1,0
20260924T045957,L3-h330-A-r0,lk3a,alarm_m20,64,24.615,-3.82,41.059,41.237,10.457,1,0
20260924T045957,L3-h330-A-r0,lk3a,alarm_xy5,23,8.846,0.63,61.018,61.021,26.226,1,1
20260924T045957,L3-h330-A-r0,lk3a,best,20,7.692,1.009,62.471,62.479,27.38,1,1
20260924T045957,L3-h330-A-r0,lk3b,alarm_m3,,,,,,,0,0
20260924T045957,L3-h330-A-r0,lk3b,alarm_m5,,,,,,,0,0
20260924T045957,L3-h330-A-r0,lk3b,alarm_m10,,,,,,,0,0
20260924T045957,L3-h330-A-r0,lk3b,alarm_m20,,,,,,,0,0
20260924T045957,L3-h330-A-r0,lk3b,alarm_xy5,122,46.923,-0.268,12.97,12.973,-11.851,0,0
20260924T045957,L3-h330-A-r0,lk3b,best,121,46.538,-0.398,13.453,13.459,-11.466,0,0
20260924T045957,L3-h330-A-r0,lk3c,alarm_m3,,,,,,,0,0
20260924T045957,L3-h330-A-r0,lk3c,alarm_m5,,,,,,,0,0
20260924T045957,L3-h330-A-r0,lk3c,alarm_m10,,,,,,,0,0
20260924T045957,L3-h330-A-r0,lk3c,alarm_m20,,,,,,,0,0
20260924T045957,L3-h330-A-r0,lk3c,alarm_xy5,,,,,,,0,0
20260924T045957,L3-h330-A-r0,lk3c,best,,,,,,,0,0
20260924T045957,L3-h330-A-r0,team,alarm_m3,63,24.231,-3.748,41.554,41.723,10.841,1,0
20260924T045957,L3-h330-A-r0,team,alarm_m5,63,24.231,-3.748,41.554,41.723,10.841,1,0
20260924T045957,L3-h330-A-r0,team,alarm_m10,63,24.231,-3.748,41.554,41.723,10.841,1,0
20260924T045957,L3-h330-A-r0,team,alarm_m20,64,24.615,-3.82,41.059,41.237,10.457,1,0
20260924T045957,L3-h330-A-r0,team,alarm_xy5,23,8.846,0.63,61.018,61.021,26.226,1,1
20260924T045957,L3-h330-A-r0,team,best,20,7.692,1.009,62.471,62.479,27.38,1,1
20260924T045957,L3-h330-A-r1,mulcher,alarm_m3,121,46.538,-1.093,13.835,13.878,-11.044,0,0
20260924T045957,L3-h330-A-r1,mulcher,alarm_m5,121,46.538,-1.093,13.835,13.878,-11.044,0,0
20260924T045957,L3-h330-A-r1,mulcher,alarm_m10,121,46.538,-1.093,13.835,13.878,-11.044,0,0
20260924T045957,L3-h330-A-r1,mulcher,alarm_m20,121,46.538,-1.093,13.835,13.878,-11.044,0,0
20260924T045957,L3-h330-A-r1,mulcher,alarm_xy5,71,27.308,-4.758,38.208,38.504,8.187,1,0
20260924T045957,L3-h330-A-r1,mulcher,best,71,27.308,-4.758,38.208,38.504,8.187,1,0
20260924T045957,L3-h330-A-r1,lk3a,alarm_m3,64,24.615,-4.307,41.685,41.907,10.879,1,0
20260924T045957,L3-h330-A-r1,lk3a,alarm_m5,64,24.615,-4.307,41.685,41.907,10.879,1,0
20260924T045957,L3-h330-A-r1,lk3a,alarm_m10,64,24.615,-4.307,41.685,41.907,10.879,1,0
20260924T045957,L3-h330-A-r1,lk3a,alarm_m20,65,25.0,-4.379,41.191,41.423,10.495,1,0
20260924T045957,L3-h330-A-r1,lk3a,alarm_xy5,20,7.692,0.591,63.145,63.148,27.802,1,1
20260924T045957,L3-h330-A-r1,lk3a,best,19,7.308,0.716,63.629,63.633,28.187,1,1
20260924T045957,L3-h330-A-r1,lk3b,alarm_m3,,,,,,,0,0
20260924T045957,L3-h330-A-r1,lk3b,alarm_m5,,,,,,,0,0
20260924T045957,L3-h330-A-r1,lk3b,alarm_m10,,,,,,,0,0
20260924T045957,L3-h330-A-r1,lk3b,alarm_m20,,,,,,,0,0
20260924T045957,L3-h330-A-r1,lk3b,alarm_xy5,124,47.692,-0.711,12.399,12.419,-12.198,0,0
20260924T045957,L3-h330-A-r1,lk3b,best,105,40.385,-3.655,21.385,21.695,-4.89,0,0
20260924T045957,L3-h330-A-r1,lk3c,alarm_m3,,,,,,,0,0
20260924T045957,L3-h330-A-r1,lk3c,alarm_m5,,,,,,,0,0
20260924T045957,L3-h330-A-r1,lk3c,alarm_m10,,,,,,,0,0
20260924T045957,L3-h330-A-r1,lk3c,alarm_m20,,,,,,,0,0
20260924T045957,L3-h330-A-r1,lk3c,alarm_xy5,,,,,,,0,0
20260924T045957,L3-h330-A-r1,lk3c,best,128,49.231,-0.313,10.439,10.443,-13.736,0,0
20260924T045957,L3-h330-A-r1,team,alarm_m3,64,24.615,-4.307,41.685,41.907,10.879,1,0
20260924T045957,L3-h330-A-r1,team,alarm_m5,64,24.615,-4.307,41.685,41.907,10.879,1,0
20260924T045957,L3-h330-A-r1,team,alarm_m10,64,24.615,-4.307,41.685,41.907,10.879,1,0
20260924T045957,L3-h330-A-r1,team,alarm_m20,65,25.0,-4.379,41.191,41.423,10.495,1,0
20260924T045957,L3-h330-A-r1,team,alarm_xy5,20,7.692,0.591,63.145,63.148,27.802,1,1
20260924T045957,L3-h330-A-r1,team,best,19,7.308,0.716,63.629,63.633,28.187,1,1
20260924T045957,L3-h330-B-r0,mulcher,alarm_m3,127,48.846,-11.676,-7.515,13.885,-11.02,0,0
20260924T045957,L3-h330-B-r0,mulcher,alarm_m5,127,48.846,-11.676,-7.515,13.885,-11.02,0,0
20260924T045957,L3-h330-B-r0,mulcher,alarm_m10,127,48.846,-11.676,-7.515,13.885,-11.02,0,0
20260924T045957,L3-h330-B-r0,mulcher,alarm_m20,127,48.846,-11.676,-7.515,13.885,-11.02,0,0
20260924T045957,L3-h330-B-r0,mulcher,alarm_xy5,78,30.0,-34.73,-15.724,38.124,7.826,1,0
20260924T045957,L3-h330-B-r0,mulcher,best,77,29.615,-35.195,-15.909,38.623,8.21,1,0
20260924T045957,L3-h330-B-r0,lk3a,alarm_m3,,,,,,,0,0
20260924T045957,L3-h330-B-r0,lk3a,alarm_m5,,,,,,,0,0
20260924T045957,L3-h330-B-r0,lk3a,alarm_m10,,,,,,,0,0
20260924T045957,L3-h330-B-r0,lk3a,alarm_m20,,,,,,,0,0
20260924T045957,L3-h330-B-r0,lk3a,alarm_xy5,130,50.0,-10.396,-6.687,12.361,-12.174,0,0
20260924T045957,L3-h330-B-r0,lk3a,best,129,49.615,-10.832,-6.978,12.885,-11.79,0,0
20260924T045957,L3-h330-B-r0,lk3b,alarm_m3,71,27.308,-37.957,-17.057,41.613,10.518,1,0
20260924T045957,L3-h330-B-r0,lk3b,alarm_m5,71,27.308,-37.957,-17.057,41.613,10.518,1,0
20260924T045957,L3-h330-B-r0,lk3b,alarm_m10,71,27.308,-37.957,-17.057,41.613,10.518,1,0
20260924T045957,L3-h330-B-r0,lk3b,alarm_m20,73,28.077,-37.039,-16.659,40.613,9.749,1,0
20260924T045957,L3-h330-B-r0,lk3b,alarm_xy5,27,10.385,-56.518,-28.564,63.326,27.441,1,1
20260924T045957,L3-h330-B-r0,lk3b,best,24,9.231,-57.67,-29.524,64.788,28.595,1,1
20260924T045957,L3-h330-B-r0,lk3c,alarm_m3,,,,,,,0,0
20260924T045957,L3-h330-B-r0,lk3c,alarm_m5,,,,,,,0,0
20260924T045957,L3-h330-B-r0,lk3c,alarm_m10,,,,,,,0,0
20260924T045957,L3-h330-B-r0,lk3c,alarm_m20,,,,,,,0,0
20260924T045957,L3-h330-B-r0,lk3c,alarm_xy5,133,51.154,-9.201,-5.781,10.867,-13.328,0,0
20260924T045957,L3-h330-B-r0,lk3c,best,130,50.0,-10.396,-6.687,12.361,-12.174,0,0
20260924T045957,L3-h330-B-r0,team,alarm_m3,71,27.308,-37.957,-17.057,41.613,10.518,1,0
20260924T045957,L3-h330-B-r0,team,alarm_m5,71,27.308,-37.957,-17.057,41.613,10.518,1,0
20260924T045957,L3-h330-B-r0,team,alarm_m10,71,27.308,-37.957,-17.057,41.613,10.518,1,0
20260924T045957,L3-h330-B-r0,team,alarm_m20,73,28.077,-37.039,-16.659,40.613,9.749,1,0
20260924T045957,L3-h330-B-r0,team,alarm_xy5,27,10.385,-56.518,-28.564,63.326,27.441,1,1
20260924T045957,L3-h330-B-r0,team,best,24,9.231,-57.67,-29.524,64.788,28.595,1,1
20260924T045957,L3-h330-B-r1,mulcher,alarm_m3,109,41.923,-11.704,-7.455,13.877,-11.026,0,0
20260924T045957,L3-h330-B-r1,mulcher,alarm_m5,109,41.923,-11.704,-7.455,13.877,-11.026,0,0
20260924T045957,L3-h330-B-r1,mulcher,alarm_m10,109,41.923,-11.704,-7.455,13.877,-11.026,0,0
20260924T045957,L3-h330-B-r1,mulcher,alarm_m20,109,41.923,-11.704,-7.455,13.877,-11.026,0,0
20260924T045957,L3-h330-B-r1,mulcher,alarm_xy5,60,23.077,-34.747,-15.66,38.113,7.82,1,0
20260924T045957,L3-h330-B-r1,mulcher,best,59,22.692,-35.212,-15.846,38.613,8.204,1,0
20260924T045957,L3-h330-B-r1,lk3a,alarm_m3,,,,,,,0,0
20260924T045957,L3-h330-B-r1,lk3a,alarm_m5,,,,,,,0,0
20260924T045957,L3-h330-B-r1,lk3a,alarm_m10,,,,,,,0,0
20260924T045957,L3-h330-B-r1,lk3a,alarm_m20,,,,,,,0,0
20260924T045957,L3-h330-B-r1,lk3a,alarm_xy5,112,43.077,-10.429,-6.631,12.359,-12.18,0,0
20260924T045957,L3-h330-B-r1,lk3a,best,108,41.538,-12.126,-7.724,14.377,-10.642,0,0
20260924T045957,L3-h330-B-r1,lk3b,alarm_m3,53,20.385,-37.975,-16.994,41.605,10.512,1,0
20260924T045957,L3-h330-B-r1,lk3b,alarm_m5,53,20.385,-37.975,-16.994,41.605,10.512,1,0
20260924T045957,L3-h330-B-r1,lk3b,alarm_m10,53,20.385,-37.975,-16.994,41.605,10.512,1,0
20260924T045957,L3-h330-B-r1,lk3b,alarm_m20,53,20.385,-37.975,-16.994,41.605,10.512,1,0
20260924T045957,L3-h330-B-r1,lk3b,alarm_xy5,10,3.846,-56.17,-28.188,62.846,27.051,1,1
20260924T045957,L3-h330-B-r1,lk3b,best,7,2.692,-57.322,-29.149,64.308,28.204,1,1
20260924T045957,L3-h330-B-r1,lk3c,alarm_m3,,,,,,,0,0
20260924T045957,L3-h330-B-r1,lk3c,alarm_m5,,,,,,,0,0
20260924T045957,L3-h330-B-r1,lk3c,alarm_m10,,,,,,,0,0
20260924T045957,L3-h330-B-r1,lk3c,alarm_m20,,,,,,,0,0
20260924T045957,L3-h330-B-r1,lk3c,alarm_xy5,,,,,,,0,0
20260924T045957,L3-h330-B-r1,lk3c,best,110,42.308,-11.283,-7.187,13.377,-11.411,0,0
20260924T045957,L3-h330-B-r1,team,alarm_m3,53,20.385,-37.975,-16.994,41.605,10.512,1,0
20260924T045957,L3-h330-B-r1,team,alarm_m5,53,20.385,-37.975,-16.994,41.605,10.512,1,0
20260924T045957,L3-h330-B-r1,team,alarm_m10,53,20.385,-37.975,-16.994,41.605,10.512,1,0
20260924T045957,L3-h330-B-r1,team,alarm_m20,53,20.385,-37.975,-16.994,41.605,10.512,1,0
20260924T045957,L3-h330-B-r1,team,alarm_xy5,10,3.846,-56.17,-28.188,62.846,27.051,1,1
20260924T045957,L3-h330-B-r1,team,best,7,2.692,-57.322,-29.149,64.308,28.204,1,1
20260924T045957,L3-h330-C-r0,mulcher,alarm_m3,,,,,,,0,0
20260924T045957,L3-h330-C-r0,mulcher,alarm_m5,,,,,,,0,0
20260924T045957,L3-h330-C-r0,mulcher,alarm_m10,,,,,,,0,0
20260924T045957,L3-h330-C-r0,mulcher,alarm_m20,,,,,,,0,0
20260924T045957,L3-h330-C-r0,mulcher,alarm_xy5,,,,,,,0,0
20260924T045957,L3-h330-C-r0,mulcher,best,,,,,,,0,0
20260924T045957,L3-h330-C-r0,lk3a,alarm_m3,,,,,,,0,0
20260924T045957,L3-h330-C-r0,lk3a,alarm_m5,,,,,,,0,0
20260924T045957,L3-h330-C-r0,lk3a,alarm_m10,,,,,,,0,0
20260924T045957,L3-h330-C-r0,lk3a,alarm_m20,,,,,,,0,0
20260924T045957,L3-h330-C-r0,lk3a,alarm_xy5,120,46.154,10.859,-6.8,12.813,-11.956,0,0
20260924T045957,L3-h330-C-r0,lk3a,best,119,45.769,11.198,-7.168,13.296,-11.571,0,0
20260924T045957,L3-h330-C-r0,lk3b,alarm_m3,,,,,,,0,0
20260924T045957,L3-h330-C-r0,lk3b,alarm_m5,,,,,,,0,0
20260924T045957,L3-h330-C-r0,lk3b,alarm_m10,,,,,,,0,0
20260924T045957,L3-h330-C-r0,lk3b,alarm_m20,,,,,,,0,0
20260924T045957,L3-h330-C-r0,lk3b,alarm_xy5,125,48.077,9.197,-4.942,10.441,-13.879,0,0
20260924T045957,L3-h330-C-r0,lk3b,best,122,46.923,10.196,-6.061,11.862,-12.725,0,0
20260924T045957,L3-h330-C-r0,lk3c,alarm_m3,60,23.077,36.66,-20.043,41.781,11.121,1,0
20260924T045957,L3-h330-C-r0,lk3c,alarm_m5,60,23.077,36.66,-20.043,41.781,11.121,1,0
20260924T045957,L3-h330-C-r0,lk3c,alarm_m10,60,23.077,36.66,-20.043,41.781,11.121,1,0
20260924T045957,L3-h330-C-r0,lk3c,alarm_m20,61,23.462,36.178,-19.911,41.295,10.736,1,0
20260924T045957,L3-h330-C-r0,lk3c,alarm_xy5,15,5.769,57.95,-27.457,64.126,28.429,1,1
20260924T045957,L3-h330-C-r0,lk3c,best,14,5.385,58.402,-27.671,64.626,28.813,1,1
20260924T045957,L3-h330-C-r0,team,alarm_m3,60,23.077,36.66,-20.043,41.781,11.121,1,0
20260924T045957,L3-h330-C-r0,team,alarm_m5,60,23.077,36.66,-20.043,41.781,11.121,1,0
20260924T045957,L3-h330-C-r0,team,alarm_m10,60,23.077,36.66,-20.043,41.781,11.121,1,0
20260924T045957,L3-h330-C-r0,team,alarm_m20,61,23.462,36.178,-19.911,41.295,10.736,1,0
20260924T045957,L3-h330-C-r0,team,alarm_xy5,15,5.769,57.95,-27.457,64.126,28.429,1,1
20260924T045957,L3-h330-C-r0,team,best,14,5.385,58.402,-27.671,64.626,28.813,1,1
20260924T045957,L3-h330-C-r1,mulcher,alarm_m3,,,,,,,0,0
20260924T045957,L3-h330-C-r1,mulcher,alarm_m5,,,,,,,0,0
20260924T045957,L3-h330-C-r1,mulcher,alarm_m10,,,,,,,0,0
20260924T045957,L3-h330-C-r1,mulcher,alarm_m20,,,,,,,0,0
20260924T045957,L3-h330-C-r1,mulcher,alarm_xy5,,,,,,,0,0
20260924T045957,L3-h330-C-r1,mulcher,best,,,,,,,0,0
20260924T045957,L3-h330-C-r1,lk3a,alarm_m3,,,,,,,0,0
20260924T045957,L3-h330-C-r1,lk3a,alarm_m5,,,,,,,0,0
20260924T045957,L3-h330-C-r1,lk3a,alarm_m10,,,,,,,0,0
20260924T045957,L3-h330-C-r1,lk3a,alarm_m20,,,,,,,0,0
20260924T045957,L3-h330-C-r1,lk3a,alarm_xy5,115,44.231,10.502,-6.867,12.548,-12.106,0,0
20260924T045957,L3-h330-C-r1,lk3a,best,112,43.077,11.517,-7.969,14.005,-10.952,0,0
20260924T045957,L3-h330-C-r1,lk3b,alarm_m3,,,,,,,0,0
20260924T045957,L3-h330-C-r1,lk3b,alarm_m5,,,,,,,0,0
20260924T045957,L3-h330-C-r1,lk3b,alarm_m10,,,,,,,0,0
20260924T045957,L3-h330-C-r1,lk3b,alarm_m20,,,,,,,0,0
20260924T045957,L3-h330-C-r1,lk3b,alarm_xy5,,,,,,,0,0
20260924T045957,L3-h330-C-r1,lk3b,best,120,46.154,8.838,-5.002,10.155,-14.029,0,0
20260924T045957,L3-h330-C-r1,lk3c,alarm_m3,55,21.154,36.39,-20.289,41.664,10.971,1,0
20260924T045957,L3-h330-C-r1,lk3c,alarm_m5,55,21.154,36.39,-20.289,41.664,10.971,1,0
20260924T045957,L3-h330-C-r1,lk3c,alarm_m10,55,21.154,36.39,-20.289,41.664,10.971,1,0
20260924T045957,L3-h330-C-r1,lk3c,alarm_m20,56,21.538,35.908,-20.156,41.178,10.587,1,0
20260924T045957,L3-h330-C-r1,lk3c,alarm_xy5,13,5.0,56.28,-27.015,62.428,27.125,1,1
20260924T045957,L3-h330-C-r1,lk3c,best,12,4.615,56.739,-27.224,62.932,27.51,1,1
20260924T045957,L3-h330-C-r1,team,alarm_m3,55,21.154,36.39,-20.289,41.664,10.971,1,0
20260924T045957,L3-h330-C-r1,team,alarm_m5,55,21.154,36.39,-20.289,41.664,10.971,1,0
20260924T045957,L3-h330-C-r1,team,alarm_m10,55,21.154,36.39,-20.289,41.664,10.971,1,0
20260924T045957,L3-h330-C-r1,team,alarm_m20,56,21.538,35.908,-20.156,41.178,10.587,1,0
20260924T045957,L3-h330-C-r1,team,alarm_xy5,13,5.0,56.28,-27.015,62.428,27.125,1,1
20260924T045957,L3-h330-C-r1,team,best,12,4.615,56.739,-27.224,62.932,27.51,1,1
20260924T075727,L3-h000-A-r0-chk-away,mulcher,alarm_m3,118,45.385,-0.792,13.792,13.815,-11.136,0,0
20260924T075727,L3-h000-A-r0-chk-away,mulcher,alarm_m5,118,45.385,-0.792,13.792,13.815,-11.136,0,0
20260924T075727,L3-h000-A-r0-chk-away,mulcher,alarm_m10,118,45.385,-0.792,13.792,13.815,-11.136,0,0
20260924T075727,L3-h000-A-r0-chk-away,mulcher,alarm_m20,118,45.385,-0.792,13.792,13.815,-11.136,0,0
20260924T075727,L3-h000-A-r0-chk-away,mulcher,alarm_xy5,72,27.692,-4.68,36.069,36.371,6.557,1,0
20260924T075727,L3-h000-A-r0-chk-away,mulcher,best,71,27.308,-4.638,36.567,36.86,6.941,1,0
20260924T075727,L3-h000-A-r0-chk-away,team,alarm_m3,118,45.385,-0.792,13.792,13.815,-11.136,0,0
20260924T075727,L3-h000-A-r0-chk-away,team,alarm_m5,118,45.385,-0.792,13.792,13.815,-11.136,0,0
20260924T075727,L3-h000-A-r0-chk-away,team,alarm_m10,118,45.385,-0.792,13.792,13.815,-11.136,0,0
20260924T075727,L3-h000-A-r0-chk-away,team,alarm_m20,118,45.385,-0.792,13.792,13.815,-11.136,0,0
20260924T075727,L3-h000-A-r0-chk-away,team,alarm_xy5,72,27.692,-4.68,36.069,36.371,6.557,1,0
20260924T075727,L3-h000-A-r0-chk-away,team,best,71,27.308,-4.638,36.567,36.86,6.941,1,0
20260924T075727,L3-h030-B-r0-chk-away,mulcher,alarm_m3,129,49.615,-11.788,-6.684,13.551,-11.291,0,0
20260924T075727,L3-h030-B-r0-chk-away,mulcher,alarm_m5,129,49.615,-11.788,-6.684,13.551,-11.291,0,0
20260924T075727,L3-h030-B-r0-chk-away,mulcher,alarm_m10,129,49.615,-11.788,-6.684,13.551,-11.291,0,0
20260924T075727,L3-h030-B-r0-chk-away,mulcher,alarm_m20,129,49.615,-11.788,-6.684,13.551,-11.291,0,0
20260924T075727,L3-h030-B-r0-chk-away,mulcher,alarm_xy5,94,36.154,-28.043,-12.582,30.737,2.171,1,0
20260924T075727,L3-h030-B-r0-chk-away,mulcher,best,81,31.154,-34.206,-14.708,37.234,7.171,1,0
20260924T075727,L3-h030-B-r0-chk-away,team,alarm_m3,129,49.615,-11.788,-6.684,13.551,-11.291,0,0
20260924T075727,L3-h030-B-r0-chk-away,team,alarm_m5,129,49.615,-11.788,-6.684,13.551,-11.291,0,0
20260924T075727,L3-h030-B-r0-chk-away,team,alarm_m10,129,49.615,-11.788,-6.684,13.551,-11.291,0,0
20260924T075727,L3-h030-B-r0-chk-away,team,alarm_m20,129,49.615,-11.788,-6.684,13.551,-11.291,0,0
20260924T075727,L3-h030-B-r0-chk-away,team,alarm_xy5,94,36.154,-28.043,-12.582,30.737,2.171,1,0
20260924T075727,L3-h030-B-r0-chk-away,team,best,81,31.154,-34.206,-14.708,37.234,7.171,1,0
20260924T075727,L3-h060-C-r0-chk-away,mulcher,alarm_m3,119,45.769,11.122,-7.973,13.685,-11.156,0,0
20260924T075727,L3-h060-C-r0-chk-away,mulcher,alarm_m5,119,45.769,11.122,-7.973,13.685,-11.156,0,0
20260924T075727,L3-h060-C-r0-chk-away,mulcher,alarm_m10,119,45.769,11.122,-7.973,13.685,-11.156,0,0
20260924T075727,L3-h060-C-r0-chk-away,mulcher,alarm_m20,119,45.769,11.122,-7.973,13.685,-11.156,0,0
20260924T075727,L3-h060-C-r0-chk-away,mulcher,alarm_xy5,98,37.692,18.91,-15.031,24.156,-3.079,0,0
20260924T075727,L3-h060-C-r0-chk-away,mulcher,best,86,33.077,24.51,-17.215,29.952,1.537,1,0
20260924T075727,L3-h060-C-r0-chk-away,team,alarm_m3,119,45.769,11.122,-7.973,13.685,-11.156,0,0
20260924T075727,L3-h060-C-r0-chk-away,team,alarm_m5,119,45.769,11.122,-7.973,13.685,-11.156,0,0
20260924T075727,L3-h060-C-r0-chk-away,team,alarm_m10,119,45.769,11.122,-7.973,13.685,-11.156,0,0
20260924T075727,L3-h060-C-r0-chk-away,team,alarm_m20,119,45.769,11.122,-7.973,13.685,-11.156,0,0
20260924T075727,L3-h060-C-r0-chk-away,team,alarm_xy5,98,37.692,18.91,-15.031,24.156,-3.079,0,0
20260924T075727,L3-h060-C-r0-chk-away,team,best,86,33.077,24.51,-17.215,29.952,1.537,1,0
20260924T075727,L3-h090-A-r0-chk-away,mulcher,alarm_m3,,,,,,,0,0
20260924T075727,L3-h090-A-r0-chk-away,mulcher,alarm_m5,,,,,,,0,0
20260924T075727,L3-h090-A-r0-chk-away,mulcher,alarm_m10,,,,,,,0,0
20260924T075727,L3-h090-A-r0-chk-away,mulcher,alarm_m20,,,,,,,0,0
20260924T075727,L3-h090-A-r0-chk-away,mulcher,alarm_xy5,,,,,,,0,0
20260924T075727,L3-h090-A-r0-chk-away,mulcher,best,,,,,,,0,0
20260924T075727,L3-h090-A-r0-chk-away,team,alarm_m3,,,,,,,0,0
20260924T075727,L3-h090-A-r0-chk-away,team,alarm_m5,,,,,,,0,0
20260924T075727,L3-h090-A-r0-chk-away,team,alarm_m10,,,,,,,0,0
20260924T075727,L3-h090-A-r0-chk-away,team,alarm_m20,,,,,,,0,0
20260924T075727,L3-h090-A-r0-chk-away,team,alarm_xy5,,,,,,,0,0
20260924T075727,L3-h090-A-r0-chk-away,team,best,,,,,,,0,0
20260924T075727,L3-h120-B-r0-chk-away,mulcher,alarm_m3,127,48.846,-11.759,-7.252,13.816,-11.075,0,0
20260924T075727,L3-h120-B-r0-chk-away,mulcher,alarm_m5,127,48.846,-11.759,-7.252,13.816,-11.075,0,0
20260924T075727,L3-h120-B-r0-chk-away,mulcher,alarm_m10,127,48.846,-11.759,-7.252,13.816,-11.075,0,0
20260924T075727,L3-h120-B-r0-chk-away,mulcher,alarm_m20,127,48.846,-11.759,-7.252,13.816,-11.075,0,0
20260924T075727,L3-h120-B-r0-chk-away,mulcher,alarm_xy5,79,30.385,-34.298,-15.269,37.544,7.387,1,0
20260924T075727,L3-h120-B-r0-chk-away,mulcher,best,78,30.0,-34.763,-15.45,38.042,7.771,1,0
20260924T075727,L3-h120-B-r0-chk-away,team,alarm_m3,127,48.846,-11.759,-7.252,13.816,-11.075,0,0
20260924T075727,L3-h120-B-r0-chk-away,team,alarm_m5,127,48.846,-11.759,-7.252,13.816,-11.075,0,0
20260924T075727,L3-h120-B-r0-chk-away,team,alarm_m10,127,48.846,-11.759,-7.252,13.816,-11.075,0,0
20260924T075727,L3-h120-B-r0-chk-away,team,alarm_m20,127,48.846,-11.759,-7.252,13.816,-11.075,0,0
20260924T075727,L3-h120-B-r0-chk-away,team,alarm_xy5,79,30.385,-34.298,-15.269,37.544,7.387,1,0
20260924T075727,L3-h120-B-r0-chk-away,team,best,78,30.0,-34.763,-15.45,38.042,7.771,1,0
20260924T075727,L3-h150-C-r0-chk-away,mulcher,alarm_m3,125,48.077,11.46,-7.624,13.764,-11.177,0,0
20260924T075727,L3-h150-C-r0-chk-away,mulcher,alarm_m5,125,48.077,11.46,-7.624,13.764,-11.177,0,0
20260924T075727,L3-h150-C-r0-chk-away,mulcher,alarm_m10,125,48.077,11.46,-7.624,13.764,-11.177,0,0
20260924T075727,L3-h150-C-r0-chk-away,mulcher,alarm_m20,125,48.077,11.46,-7.624,13.764,-11.177,0,0
20260924T075727,L3-h150-C-r0-chk-away,mulcher,alarm_xy5,77,29.615,31.821,-18.833,36.977,7.285,1,0
20260924T075727,L3-h150-C-r0-chk-away,mulcher,best,73,28.077,33.748,-19.364,38.909,8.823,1,0
20260924T075727,L3-h150-C-r0-chk-away,team,alarm_m3,125,48.077,11.46,-7.624,13.764,-11.177,0,0
20260924T075727,L3-h150-C-r0-chk-away,team,alarm_m5,125,48.077,11.46,-7.624,13.764,-11.177,0,0
20260924T075727,L3-h150-C-r0-chk-away,team,alarm_m10,125,48.077,11.46,-7.624,13.764,-11.177,0,0
20260924T075727,L3-h150-C-r0-chk-away,team,alarm_m20,125,48.077,11.46,-7.624,13.764,-11.177,0,0
20260924T075727,L3-h150-C-r0-chk-away,team,alarm_xy5,77,29.615,31.821,-18.833,36.977,7.285,1,0
20260924T075727,L3-h150-C-r0-chk-away,team,best,73,28.077,33.748,-19.364,38.909,8.823,1,0
20260924T075727,L3-h180-A-r0-chk-away,mulcher,alarm_m3,113,43.462,-0.596,13.724,13.737,-11.226,0,0
20260924T075727,L3-h180-A-r0-chk-away,mulcher,alarm_m5,113,43.462,-0.596,13.724,13.737,-11.226,0,0
20260924T075727,L3-h180-A-r0-chk-away,mulcher,alarm_m10,113,43.462,-0.596,13.724,13.737,-11.226,0,0
20260924T075727,L3-h180-A-r0-chk-away,mulcher,alarm_m20,113,43.462,-0.596,13.724,13.737,-11.226,0,0
20260924T075727,L3-h180-A-r0-chk-away,mulcher,alarm_xy5,62,23.846,-4.279,38.419,38.656,8.39,1,0
20260924T075727,L3-h180-A-r0-chk-away,mulcher,best,61,23.462,-4.222,38.915,39.144,8.774,1,0
20260924T075727,L3-h180-A-r0-chk-away,team,alarm_m3,113,43.462,-0.596,13.724,13.737,-11.226,0,0
20260924T075727,L3-h180-A-r0-chk-away,team,alarm_m5,113,43.462,-0.596,13.724,13.737,-11.226,0,0
20260924T075727,L3-h180-A-r0-chk-away,team,alarm_m10,113,43.462,-0.596,13.724,13.737,-11.226,0,0
20260924T075727,L3-h180-A-r0-chk-away,team,alarm_m20,113,43.462,-0.596,13.724,13.737,-11.226,0,0
20260924T075727,L3-h180-A-r0-chk-away,team,alarm_xy5,62,23.846,-4.279,38.419,38.656,8.39,1,0
20260924T075727,L3-h180-A-r0-chk-away,team,best,61,23.462,-4.222,38.915,39.144,8.774,1,0
20260924T075727,L3-h210-B-r0-chk-away,mulcher,alarm_m3,,,,,,,0,0
20260924T075727,L3-h210-B-r0-chk-away,mulcher,alarm_m5,,,,,,,0,0
20260924T075727,L3-h210-B-r0-chk-away,mulcher,alarm_m10,,,,,,,0,0
20260924T075727,L3-h210-B-r0-chk-away,mulcher,alarm_m20,,,,,,,0,0
20260924T075727,L3-h210-B-r0-chk-away,mulcher,alarm_xy5,,,,,,,0,0
20260924T075727,L3-h210-B-r0-chk-away,mulcher,best,,,,,,,0,0
20260924T075727,L3-h210-B-r0-chk-away,team,alarm_m3,,,,,,,0,0
20260924T075727,L3-h210-B-r0-chk-away,team,alarm_m5,,,,,,,0,0
20260924T075727,L3-h210-B-r0-chk-away,team,alarm_m10,,,,,,,0,0
20260924T075727,L3-h210-B-r0-chk-away,team,alarm_m20,,,,,,,0,0
20260924T075727,L3-h210-B-r0-chk-away,team,alarm_xy5,,,,,,,0,0
20260924T075727,L3-h210-B-r0-chk-away,team,best,,,,,,,0,0
20260924T075727,L3-h240-C-r0-chk-away,mulcher,alarm_m3,120,46.154,11.14,-8.294,13.888,-10.965,0,0
20260924T075727,L3-h240-C-r0-chk-away,mulcher,alarm_m5,120,46.154,11.14,-8.294,13.888,-10.965,0,0
20260924T075727,L3-h240-C-r0-chk-away,mulcher,alarm_m10,120,46.154,11.14,-8.294,13.888,-10.965,0,0
20260924T075727,L3-h240-C-r0-chk-away,mulcher,alarm_m20,120,46.154,11.14,-8.294,13.888,-10.965,0,0
20260924T075727,L3-h240-C-r0-chk-away,mulcher,alarm_xy5,73,28.077,31.42,-19.437,36.946,7.112,1,0
20260924T075727,L3-h240-C-r0-chk-away,mulcher,best,72,27.692,31.902,-19.571,37.426,7.497,1,0
20260924T075727,L3-h240-C-r0-chk-away,team,alarm_m3,120,46.154,11.14,-8.294,13.888,-10.965,0,0
20260924T075727,L3-h240-C-r0-chk-away,team,alarm_m5,120,46.154,11.14,-8.294,13.888,-10.965,0,0
20260924T075727,L3-h240-C-r0-chk-away,team,alarm_m10,120,46.154,11.14,-8.294,13.888,-10.965,0,0
20260924T075727,L3-h240-C-r0-chk-away,team,alarm_m20,120,46.154,11.14,-8.294,13.888,-10.965,0,0
20260924T075727,L3-h240-C-r0-chk-away,team,alarm_xy5,73,28.077,31.42,-19.437,36.946,7.112,1,0
20260924T075727,L3-h240-C-r0-chk-away,team,best,72,27.692,31.902,-19.571,37.426,7.497,1,0
20260924T075727,L3-h270-A-r0-chk-away,mulcher,alarm_m3,127,48.846,-0.559,13.918,13.929,-11.089,0,0
20260924T075727,L3-h270-A-r0-chk-away,mulcher,alarm_m5,127,48.846,-0.559,13.918,13.929,-11.089,0,0
20260924T075727,L3-h270-A-r0-chk-away,mulcher,alarm_m10,127,48.846,-0.559,13.918,13.929,-11.089,0,0
20260924T075727,L3-h270-A-r0-chk-away,mulcher,alarm_m20,128,49.231,-0.429,13.435,13.442,-11.474,0,0
20260924T075727,L3-h270-A-r0-chk-away,mulcher,alarm_xy5,76,29.231,-4.174,38.585,38.81,8.526,1,0
20260924T075727,L3-h270-A-r0-chk-away,mulcher,best,75,28.846,-4.116,39.082,39.298,8.911,1,0
20260924T075727,L3-h270-A-r0-chk-away,team,alarm_m3,127,48.846,-0.559,13.918,13.929,-11.089,0,0
20260924T075727,L3-h270-A-r0-chk-away,team,alarm_m5,127,48.846,-0.559,13.918,13.929,-11.089,0,0
20260924T075727,L3-h270-A-r0-chk-away,team,alarm_m10,127,48.846,-0.559,13.918,13.929,-11.089,0,0
20260924T075727,L3-h270-A-r0-chk-away,team,alarm_m20,128,49.231,-0.429,13.435,13.442,-11.474,0,0
20260924T075727,L3-h270-A-r0-chk-away,team,alarm_xy5,76,29.231,-4.174,38.585,38.81,8.526,1,0
20260924T075727,L3-h270-A-r0-chk-away,team,best,75,28.846,-4.116,39.082,39.298,8.911,1,0
20260924T075727,L3-h300-B-r0-chk-away,mulcher,alarm_m3,114,43.846,-11.921,-6.936,13.792,-11.1,0,0
20260924T075727,L3-h300-B-r0-chk-away,mulcher,alarm_m5,114,43.846,-11.921,-6.936,13.792,-11.1,0,0
20260924T075727,L3-h300-B-r0-chk-away,mulcher,alarm_m10,114,43.846,-11.921,-6.936,13.792,-11.1,0,0
20260924T075727,L3-h300-B-r0-chk-away,mulcher,alarm_m20,114,43.846,-11.921,-6.936,13.792,-11.1,0,0
20260924T075727,L3-h300-B-r0-chk-away,mulcher,alarm_xy5,83,31.923,-26.321,-12.197,29.01,0.823,1,0
20260924T075727,L3-h300-B-r0-chk-away,mulcher,best,67,25.769,-33.921,-14.753,36.99,6.977,1,0
20260924T075727,L3-h300-B-r0-chk-away,team,alarm_m3,114,43.846,-11.921,-6.936,13.792,-11.1,0,0
20260924T075727,L3-h300-B-r0-chk-away,team,alarm_m5,114,43.846,-11.921,-6.936,13.792,-11.1,0,0
20260924T075727,L3-h300-B-r0-chk-away,team,alarm_m10,114,43.846,-11.921,-6.936,13.792,-11.1,0,0
20260924T075727,L3-h300-B-r0-chk-away,team,alarm_m20,114,43.846,-11.921,-6.936,13.792,-11.1,0,0
20260924T075727,L3-h300-B-r0-chk-away,team,alarm_xy5,83,31.923,-26.321,-12.197,29.01,0.823,1,0
20260924T075727,L3-h300-B-r0-chk-away,team,best,67,25.769,-33.921,-14.753,36.99,6.977,1,0
20260924T075727,L3-h330-C-r0-chk-away,mulcher,alarm_m3,,,,,,,0,0
20260924T075727,L3-h330-C-r0-chk-away,mulcher,alarm_m5,,,,,,,0,0
20260924T075727,L3-h330-C-r0-chk-away,mulcher,alarm_m10,,,,,,,0,0
20260924T075727,L3-h330-C-r0-chk-away,mulcher,alarm_m20,,,,,,,0,0
20260924T075727,L3-h330-C-r0-chk-away,mulcher,alarm_xy5,,,,,,,0,0
20260924T075727,L3-h330-C-r0-chk-away,mulcher,best,,,,,,,0,0
20260924T075727,L3-h330-C-r0-chk-away,team,alarm_m3,,,,,,,0,0
20260924T075727,L3-h330-C-r0-chk-away,team,alarm_m5,,,,,,,0,0
20260924T075727,L3-h330-C-r0-chk-away,team,alarm_m10,,,,,,,0,0
20260924T075727,L3-h330-C-r0-chk-away,team,alarm_m20,,,,,,,0,0
20260924T075727,L3-h330-C-r0-chk-away,team,alarm_xy5,,,,,,,0,0
20260924T075727,L3-h330-C-r0-chk-away,team,best,,,,,,,0,0
20260924T082703,L3-h000-A-r0-chk-absent,mulcher,alarm_m3,118,45.385,-0.792,13.792,13.815,-11.136,0,0
20260924T082703,L3-h000-A-r0-chk-absent,mulcher,alarm_m5,118,45.385,-0.792,13.792,13.815,-11.136,0,0
20260924T082703,L3-h000-A-r0-chk-absent,mulcher,alarm_m10,118,45.385,-0.792,13.792,13.815,-11.136,0,0
20260924T082703,L3-h000-A-r0-chk-absent,mulcher,alarm_m20,118,45.385,-0.792,13.792,13.815,-11.136,0,0
20260924T082703,L3-h000-A-r0-chk-absent,mulcher,alarm_xy5,72,27.692,-4.68,36.069,36.371,6.557,1,0
20260924T082703,L3-h000-A-r0-chk-absent,mulcher,best,71,27.308,-4.638,36.567,36.86,6.941,1,0
20260924T082703,L3-h000-A-r0-chk-absent,team,alarm_m3,118,45.385,-0.792,13.792,13.815,-11.136,0,0
20260924T082703,L3-h000-A-r0-chk-absent,team,alarm_m5,118,45.385,-0.792,13.792,13.815,-11.136,0,0
20260924T082703,L3-h000-A-r0-chk-absent,team,alarm_m10,118,45.385,-0.792,13.792,13.815,-11.136,0,0
20260924T082703,L3-h000-A-r0-chk-absent,team,alarm_m20,118,45.385,-0.792,13.792,13.815,-11.136,0,0
20260924T082703,L3-h000-A-r0-chk-absent,team,alarm_xy5,72,27.692,-4.68,36.069,36.371,6.557,1,0
20260924T082703,L3-h000-A-r0-chk-absent,team,best,71,27.308,-4.638,36.567,36.86,6.941,1,0
20260924T082703,L3-h030-B-r0-chk-absent,mulcher,alarm_m3,129,49.615,-11.788,-6.684,13.551,-11.291,0,0
20260924T082703,L3-h030-B-r0-chk-absent,mulcher,alarm_m5,129,49.615,-11.788,-6.684,13.551,-11.291,0,0
20260924T082703,L3-h030-B-r0-chk-absent,mulcher,alarm_m10,129,49.615,-11.788,-6.684,13.551,-11.291,0,0
20260924T082703,L3-h030-B-r0-chk-absent,mulcher,alarm_m20,129,49.615,-11.788,-6.684,13.551,-11.291,0,0
20260924T082703,L3-h030-B-r0-chk-absent,mulcher,alarm_xy5,94,36.154,-28.043,-12.582,30.737,2.171,1,0
20260924T082703,L3-h030-B-r0-chk-absent,mulcher,best,81,31.154,-34.206,-14.708,37.234,7.171,1,0
20260924T082703,L3-h030-B-r0-chk-absent,team,alarm_m3,129,49.615,-11.788,-6.684,13.551,-11.291,0,0
20260924T082703,L3-h030-B-r0-chk-absent,team,alarm_m5,129,49.615,-11.788,-6.684,13.551,-11.291,0,0
20260924T082703,L3-h030-B-r0-chk-absent,team,alarm_m10,129,49.615,-11.788,-6.684,13.551,-11.291,0,0
20260924T082703,L3-h030-B-r0-chk-absent,team,alarm_m20,129,49.615,-11.788,-6.684,13.551,-11.291,0,0
20260924T082703,L3-h030-B-r0-chk-absent,team,alarm_xy5,94,36.154,-28.043,-12.582,30.737,2.171,1,0
20260924T082703,L3-h030-B-r0-chk-absent,team,best,81,31.154,-34.206,-14.708,37.234,7.171,1,0
20260924T082703,L3-h060-C-r0-chk-absent,mulcher,alarm_m3,119,45.769,11.122,-7.973,13.685,-11.156,0,0
20260924T082703,L3-h060-C-r0-chk-absent,mulcher,alarm_m5,119,45.769,11.122,-7.973,13.685,-11.156,0,0
20260924T082703,L3-h060-C-r0-chk-absent,mulcher,alarm_m10,119,45.769,11.122,-7.973,13.685,-11.156,0,0
20260924T082703,L3-h060-C-r0-chk-absent,mulcher,alarm_m20,119,45.769,11.122,-7.973,13.685,-11.156,0,0
20260924T082703,L3-h060-C-r0-chk-absent,mulcher,alarm_xy5,98,37.692,18.91,-15.031,24.156,-3.079,0,0
20260924T082703,L3-h060-C-r0-chk-absent,mulcher,best,86,33.077,24.51,-17.215,29.952,1.537,1,0
20260924T082703,L3-h060-C-r0-chk-absent,team,alarm_m3,119,45.769,11.122,-7.973,13.685,-11.156,0,0
20260924T082703,L3-h060-C-r0-chk-absent,team,alarm_m5,119,45.769,11.122,-7.973,13.685,-11.156,0,0
20260924T082703,L3-h060-C-r0-chk-absent,team,alarm_m10,119,45.769,11.122,-7.973,13.685,-11.156,0,0
20260924T082703,L3-h060-C-r0-chk-absent,team,alarm_m20,119,45.769,11.122,-7.973,13.685,-11.156,0,0
20260924T082703,L3-h060-C-r0-chk-absent,team,alarm_xy5,98,37.692,18.91,-15.031,24.156,-3.079,0,0
20260924T082703,L3-h060-C-r0-chk-absent,team,best,86,33.077,24.51,-17.215,29.952,1.537,1,0
20260924T082703,L3-h090-A-r0-chk-absent,mulcher,alarm_m3,,,,,,,0,0
20260924T082703,L3-h090-A-r0-chk-absent,mulcher,alarm_m5,,,,,,,0,0
20260924T082703,L3-h090-A-r0-chk-absent,mulcher,alarm_m10,,,,,,,0,0
20260924T082703,L3-h090-A-r0-chk-absent,mulcher,alarm_m20,,,,,,,0,0
20260924T082703,L3-h090-A-r0-chk-absent,mulcher,alarm_xy5,,,,,,,0,0
20260924T082703,L3-h090-A-r0-chk-absent,mulcher,best,,,,,,,0,0
20260924T082703,L3-h090-A-r0-chk-absent,team,alarm_m3,,,,,,,0,0
20260924T082703,L3-h090-A-r0-chk-absent,team,alarm_m5,,,,,,,0,0
20260924T082703,L3-h090-A-r0-chk-absent,team,alarm_m10,,,,,,,0,0
20260924T082703,L3-h090-A-r0-chk-absent,team,alarm_m20,,,,,,,0,0
20260924T082703,L3-h090-A-r0-chk-absent,team,alarm_xy5,,,,,,,0,0
20260924T082703,L3-h090-A-r0-chk-absent,team,best,,,,,,,0,0
20260924T082703,L3-h120-B-r0-chk-absent,mulcher,alarm_m3,127,48.846,-11.759,-7.252,13.816,-11.075,0,0
20260924T082703,L3-h120-B-r0-chk-absent,mulcher,alarm_m5,127,48.846,-11.759,-7.252,13.816,-11.075,0,0
20260924T082703,L3-h120-B-r0-chk-absent,mulcher,alarm_m10,127,48.846,-11.759,-7.252,13.816,-11.075,0,0
20260924T082703,L3-h120-B-r0-chk-absent,mulcher,alarm_m20,127,48.846,-11.759,-7.252,13.816,-11.075,0,0
20260924T082703,L3-h120-B-r0-chk-absent,mulcher,alarm_xy5,79,30.385,-34.298,-15.269,37.544,7.387,1,0
20260924T082703,L3-h120-B-r0-chk-absent,mulcher,best,78,30.0,-34.763,-15.45,38.042,7.771,1,0
20260924T082703,L3-h120-B-r0-chk-absent,team,alarm_m3,127,48.846,-11.759,-7.252,13.816,-11.075,0,0
20260924T082703,L3-h120-B-r0-chk-absent,team,alarm_m5,127,48.846,-11.759,-7.252,13.816,-11.075,0,0
20260924T082703,L3-h120-B-r0-chk-absent,team,alarm_m10,127,48.846,-11.759,-7.252,13.816,-11.075,0,0
20260924T082703,L3-h120-B-r0-chk-absent,team,alarm_m20,127,48.846,-11.759,-7.252,13.816,-11.075,0,0
20260924T082703,L3-h120-B-r0-chk-absent,team,alarm_xy5,79,30.385,-34.298,-15.269,37.544,7.387,1,0
20260924T082703,L3-h120-B-r0-chk-absent,team,best,78,30.0,-34.763,-15.45,38.042,7.771,1,0
20260924T082703,L3-h150-C-r0-chk-absent,mulcher,alarm_m3,125,48.077,11.46,-7.624,13.764,-11.177,0,0
20260924T082703,L3-h150-C-r0-chk-absent,mulcher,alarm_m5,125,48.077,11.46,-7.624,13.764,-11.177,0,0
20260924T082703,L3-h150-C-r0-chk-absent,mulcher,alarm_m10,125,48.077,11.46,-7.624,13.764,-11.177,0,0
20260924T082703,L3-h150-C-r0-chk-absent,mulcher,alarm_m20,125,48.077,11.46,-7.624,13.764,-11.177,0,0
20260924T082703,L3-h150-C-r0-chk-absent,mulcher,alarm_xy5,77,29.615,31.821,-18.833,36.977,7.285,1,0
20260924T082703,L3-h150-C-r0-chk-absent,mulcher,best,73,28.077,33.748,-19.364,38.909,8.823,1,0
20260924T082703,L3-h150-C-r0-chk-absent,team,alarm_m3,125,48.077,11.46,-7.624,13.764,-11.177,0,0
20260924T082703,L3-h150-C-r0-chk-absent,team,alarm_m5,125,48.077,11.46,-7.624,13.764,-11.177,0,0
20260924T082703,L3-h150-C-r0-chk-absent,team,alarm_m10,125,48.077,11.46,-7.624,13.764,-11.177,0,0
20260924T082703,L3-h150-C-r0-chk-absent,team,alarm_m20,125,48.077,11.46,-7.624,13.764,-11.177,0,0
20260924T082703,L3-h150-C-r0-chk-absent,team,alarm_xy5,77,29.615,31.821,-18.833,36.977,7.285,1,0
20260924T082703,L3-h150-C-r0-chk-absent,team,best,73,28.077,33.748,-19.364,38.909,8.823,1,0
20260924T082703,L3-h180-A-r0-chk-absent,mulcher,alarm_m3,113,43.462,-0.596,13.724,13.737,-11.226,0,0
20260924T082703,L3-h180-A-r0-chk-absent,mulcher,alarm_m5,113,43.462,-0.596,13.724,13.737,-11.226,0,0
20260924T082703,L3-h180-A-r0-chk-absent,mulcher,alarm_m10,113,43.462,-0.596,13.724,13.737,-11.226,0,0
20260924T082703,L3-h180-A-r0-chk-absent,mulcher,alarm_m20,113,43.462,-0.596,13.724,13.737,-11.226,0,0
20260924T082703,L3-h180-A-r0-chk-absent,mulcher,alarm_xy5,62,23.846,-4.279,38.419,38.656,8.39,1,0
20260924T082703,L3-h180-A-r0-chk-absent,mulcher,best,61,23.462,-4.222,38.915,39.144,8.774,1,0
20260924T082703,L3-h180-A-r0-chk-absent,team,alarm_m3,113,43.462,-0.596,13.724,13.737,-11.226,0,0
20260924T082703,L3-h180-A-r0-chk-absent,team,alarm_m5,113,43.462,-0.596,13.724,13.737,-11.226,0,0
20260924T082703,L3-h180-A-r0-chk-absent,team,alarm_m10,113,43.462,-0.596,13.724,13.737,-11.226,0,0
20260924T082703,L3-h180-A-r0-chk-absent,team,alarm_m20,113,43.462,-0.596,13.724,13.737,-11.226,0,0
20260924T082703,L3-h180-A-r0-chk-absent,team,alarm_xy5,62,23.846,-4.279,38.419,38.656,8.39,1,0
20260924T082703,L3-h180-A-r0-chk-absent,team,best,61,23.462,-4.222,38.915,39.144,8.774,1,0
20260924T082703,L3-h210-B-r0-chk-absent,mulcher,alarm_m3,,,,,,,0,0
20260924T082703,L3-h210-B-r0-chk-absent,mulcher,alarm_m5,,,,,,,0,0
20260924T082703,L3-h210-B-r0-chk-absent,mulcher,alarm_m10,,,,,,,0,0
20260924T082703,L3-h210-B-r0-chk-absent,mulcher,alarm_m20,,,,,,,0,0
20260924T082703,L3-h210-B-r0-chk-absent,mulcher,alarm_xy5,,,,,,,0,0
20260924T082703,L3-h210-B-r0-chk-absent,mulcher,best,,,,,,,0,0
20260924T082703,L3-h210-B-r0-chk-absent,team,alarm_m3,,,,,,,0,0
20260924T082703,L3-h210-B-r0-chk-absent,team,alarm_m5,,,,,,,0,0
20260924T082703,L3-h210-B-r0-chk-absent,team,alarm_m10,,,,,,,0,0
20260924T082703,L3-h210-B-r0-chk-absent,team,alarm_m20,,,,,,,0,0
20260924T082703,L3-h210-B-r0-chk-absent,team,alarm_xy5,,,,,,,0,0
20260924T082703,L3-h210-B-r0-chk-absent,team,best,,,,,,,0,0
20260924T082703,L3-h240-C-r0-chk-absent,mulcher,alarm_m3,120,46.154,11.14,-8.294,13.888,-10.965,0,0
20260924T082703,L3-h240-C-r0-chk-absent,mulcher,alarm_m5,120,46.154,11.14,-8.294,13.888,-10.965,0,0
20260924T082703,L3-h240-C-r0-chk-absent,mulcher,alarm_m10,120,46.154,11.14,-8.294,13.888,-10.965,0,0
20260924T082703,L3-h240-C-r0-chk-absent,mulcher,alarm_m20,120,46.154,11.14,-8.294,13.888,-10.965,0,0
20260924T082703,L3-h240-C-r0-chk-absent,mulcher,alarm_xy5,73,28.077,31.42,-19.437,36.946,7.112,1,0
20260924T082703,L3-h240-C-r0-chk-absent,mulcher,best,72,27.692,31.902,-19.571,37.426,7.497,1,0
20260924T082703,L3-h240-C-r0-chk-absent,team,alarm_m3,120,46.154,11.14,-8.294,13.888,-10.965,0,0
20260924T082703,L3-h240-C-r0-chk-absent,team,alarm_m5,120,46.154,11.14,-8.294,13.888,-10.965,0,0
20260924T082703,L3-h240-C-r0-chk-absent,team,alarm_m10,120,46.154,11.14,-8.294,13.888,-10.965,0,0
20260924T082703,L3-h240-C-r0-chk-absent,team,alarm_m20,120,46.154,11.14,-8.294,13.888,-10.965,0,0
20260924T082703,L3-h240-C-r0-chk-absent,team,alarm_xy5,73,28.077,31.42,-19.437,36.946,7.112,1,0
20260924T082703,L3-h240-C-r0-chk-absent,team,best,72,27.692,31.902,-19.571,37.426,7.497,1,0
20260924T082703,L3-h270-A-r0-chk-absent,mulcher,alarm_m3,128,49.231,-0.429,13.435,13.442,-11.474,0,0
20260924T082703,L3-h270-A-r0-chk-absent,mulcher,alarm_m5,128,49.231,-0.429,13.435,13.442,-11.474,0,0
20260924T082703,L3-h270-A-r0-chk-absent,mulcher,alarm_m10,128,49.231,-0.429,13.435,13.442,-11.474,0,0
20260924T082703,L3-h270-A-r0-chk-absent,mulcher,alarm_m20,128,49.231,-0.429,13.435,13.442,-11.474,0,0
20260924T082703,L3-h270-A-r0-chk-absent,mulcher,alarm_xy5,76,29.231,-4.174,38.585,38.81,8.526,1,0
20260924T082703,L3-h270-A-r0-chk-absent,mulcher,best,75,28.846,-4.116,39.082,39.298,8.911,1,0
20260924T082703,L3-h270-A-r0-chk-absent,team,alarm_m3,128,49.231,-0.429,13.435,13.442,-11.474,0,0
20260924T082703,L3-h270-A-r0-chk-absent,team,alarm_m5,128,49.231,-0.429,13.435,13.442,-11.474,0,0
20260924T082703,L3-h270-A-r0-chk-absent,team,alarm_m10,128,49.231,-0.429,13.435,13.442,-11.474,0,0
20260924T082703,L3-h270-A-r0-chk-absent,team,alarm_m20,128,49.231,-0.429,13.435,13.442,-11.474,0,0
20260924T082703,L3-h270-A-r0-chk-absent,team,alarm_xy5,76,29.231,-4.174,38.585,38.81,8.526,1,0
20260924T082703,L3-h270-A-r0-chk-absent,team,best,75,28.846,-4.116,39.082,39.298,8.911,1,0
20260924T082703,L3-h300-B-r0-chk-absent,mulcher,alarm_m3,114,43.846,-11.921,-6.936,13.792,-11.1,0,0
20260924T082703,L3-h300-B-r0-chk-absent,mulcher,alarm_m5,114,43.846,-11.921,-6.936,13.792,-11.1,0,0
20260924T082703,L3-h300-B-r0-chk-absent,mulcher,alarm_m10,114,43.846,-11.921,-6.936,13.792,-11.1,0,0
20260924T082703,L3-h300-B-r0-chk-absent,mulcher,alarm_m20,114,43.846,-11.921,-6.936,13.792,-11.1,0,0
20260924T082703,L3-h300-B-r0-chk-absent,mulcher,alarm_xy5,83,31.923,-26.321,-12.197,29.01,0.823,1,0
20260924T082703,L3-h300-B-r0-chk-absent,mulcher,best,67,25.769,-33.921,-14.753,36.99,6.977,1,0
20260924T082703,L3-h300-B-r0-chk-absent,team,alarm_m3,114,43.846,-11.921,-6.936,13.792,-11.1,0,0
20260924T082703,L3-h300-B-r0-chk-absent,team,alarm_m5,114,43.846,-11.921,-6.936,13.792,-11.1,0,0
20260924T082703,L3-h300-B-r0-chk-absent,team,alarm_m10,114,43.846,-11.921,-6.936,13.792,-11.1,0,0
20260924T082703,L3-h300-B-r0-chk-absent,team,alarm_m20,114,43.846,-11.921,-6.936,13.792,-11.1,0,0
20260924T082703,L3-h300-B-r0-chk-absent,team,alarm_xy5,83,31.923,-26.321,-12.197,29.01,0.823,1,0
20260924T082703,L3-h300-B-r0-chk-absent,team,best,67,25.769,-33.921,-14.753,36.99,6.977,1,0
20260924T082703,L3-h330-C-r0-chk-absent,mulcher,alarm_m3,,,,,,,0,0
20260924T082703,L3-h330-C-r0-chk-absent,mulcher,alarm_m5,,,,,,,0,0
20260924T082703,L3-h330-C-r0-chk-absent,mulcher,alarm_m10,,,,,,,0,0
20260924T082703,L3-h330-C-r0-chk-absent,mulcher,alarm_m20,,,,,,,0,0
20260924T082703,L3-h330-C-r0-chk-absent,mulcher,alarm_xy5,,,,,,,0,0
20260924T082703,L3-h330-C-r0-chk-absent,mulcher,best,,,,,,,0,0
20260924T082703,L3-h330-C-r0-chk-absent,team,alarm_m3,,,,,,,0,0
20260924T082703,L3-h330-C-r0-chk-absent,team,alarm_m5,,,,,,,0,0
20260924T082703,L3-h330-C-r0-chk-absent,team,alarm_m10,,,,,,,0,0
20260924T082703,L3-h330-C-r0-chk-absent,team,alarm_m20,,,,,,,0,0
20260924T082703,L3-h330-C-r0-chk-absent,team,alarm_xy5,,,,,,,0,0
20260924T082703,L3-h330-C-r0-chk-absent,team,best,,,,,,,0,0
